#;ID;SKU interno;Código exibido ao cliente;URL;Categoria atual;Categoria proposta;Categoria Google (feed atual);Categoria Google (após PR);Marca;Nome atual;Nome proposto;Imagem principal;Qtd. imagens adicionais;Imagens adicionais;Descrição curta (caracteres);Descrição longa (caracteres);Atributos técnicos (qtd.);Atributos técnicos;GTIN/EAN;GTIN dígito verificador;Preço (R$);Preço 'de';Estoque;Disponibilidade (feed/página);Status;Problemas confirmados;Suspeitas a verificar;Dados indisponíveis;Fonte usada;Ação tomada;Resultado da conferência;Situação
1;cmtv7ccev000wpd0108l58k09;7898511034255;7898511034255;https://brilhax.com/produtos/aplicador-microfibra-c-encaixe-de-mao;Acessórios;manter;2894;2894;Vonixx;Aplicador de Microfibra Vonixx com Encaixe de Mão 200 GSM;manter;https://lojas.avilaops.com/uploads/brilhax/mtv7bmg0-79e65fb6.webp;2;https://lojas.avilaops.com/uploads/brilhax/mtv7bmps-141b4a27.webp | https://lojas.avilaops.com/uploads/brilhax/20260920-vonixx-aplicador-microfibra-oficial.webp;127;497;8;"Tipo; Tamanho; Cuidados; Material; Aplicação; Gramatura; Superfícies indicadas; Características";7898511034255;válido;21,28;;não controlado (snapshot 12/09);InStock;ativo;Fotos inacessíveis ao público: /uploads responde HTTP 500 (corrigido no PR #34, aguardando deploy);"Tamanho '12 x 2,5 cm' sem fonte registrada; conferir na embalagem";"Peso e dimensões da embalagem de envio (nenhum item no feed tem shipping_weight) • Controle de estoque: snapshot de 12/09 mostra estoque não controlado; página e feed dizem 'em estoque'";"Ficha/descrição já publicadas (textos atribuídos ao fabricante Vonixx); FDS citada na própria ficha";Conferido: título, marca, GTIN, preço, disponibilidade e categoria idênticos entre card, página, JSON-LD e feed • Código exibido passa a ser rotulado 'EAN' (PR #34);Texto/preço/identificadores conferidos em 28/09. Foto: não conferida visualmente — rota de imagens fora do ar e sem cópia local;Pendente — foto + confirmação
2;cmtv7cced000spd01nb1ad6e5;7898511032855;7898511032855;https://brilhax.com/produtos/aplicador-esp-pct-2und-2;Acessórios;manter;2894;2894;Vintex;Aplicador para Pneus Vintex — Pacote com 2 Unidades;manter;https://lojas.avilaops.com/uploads/brilhax/mtv7blqt-49293fc4.webp;2;https://lojas.avilaops.com/uploads/brilhax/mtv7blyf-2526c9b0.webp | https://lojas.avilaops.com/uploads/brilhax/20260920-vintex-aplicador-pneu-oficial.webp;136;272;8;"Tipo; Modelo; Tamanho; Aplicação; Acabamento; Benefícios; Quantidade; Codigo fabricante";7898511032855;válido;22,39;;não controlado (snapshot 12/09);InStock;ativo;Fotos inacessíveis ao público: /uploads responde HTTP 500 (corrigido no PR #34, aguardando deploy);"Slug 'aplicador-esp-pct-2und-2' é pouco descritivo; renomear só com redirecionamento 301";"Peso e dimensões da embalagem de envio (nenhum item no feed tem shipping_weight) • Controle de estoque: snapshot de 12/09 mostra estoque não controlado; página e feed dizem 'em estoque'";Código Vintex 2019013 na ficha;Conferido: título, marca, GTIN, preço, disponibilidade e categoria idênticos entre card, página, JSON-LD e feed • Rótulos da ficha acentuados pelo código (PR #34) • Código exibido passa a ser rotulado 'EAN' (PR #34);Texto/preço/identificadores conferidos em 28/09. Foto: não conferida visualmente — rota de imagens fora do ar e sem cópia local;Pendente — foto + confirmação
3;cmtv7ccve003opd01olmj5q5v;7898511029282;7898511029282;https://brilhax.com/produtos/escova-grande-microfibra-angular-para-limpeza-de-roda-vonixx;Acessórios;manter;2894;2894;Vonixx;Escova Angular de Microfibra Vonixx Grande 50 cm;manter;https://lojas.avilaops.com/uploads/brilhax/escova-angular-roda-vonixx-grande-50cm-oficial-20260921.webp;2;https://lojas.avilaops.com/uploads/brilhax/mtv7btju-dbb29549.webp | https://lojas.avilaops.com/uploads/brilhax/escova-angular-roda-vonixx-campanha-oficial-20260921.webp;127;306;9;"Cor; Tipo; Design; Função; Tamanho; Aplicação; Indicação; Composição; Codigo fabricante";7898511029282;válido;95,84;;não controlado (snapshot 12/09);InStock;ativo;Fotos inacessíveis ao público: /uploads responde HTTP 500 (corrigido no PR #34, aguardando deploy);;"Peso e dimensões da embalagem de envio (nenhum item no feed tem shipping_weight) • Controle de estoque: snapshot de 12/09 mostra estoque não controlado; página e feed dizem 'em estoque'";Código Vonixx 2050652 na ficha;Conferido: título, marca, GTIN, preço, disponibilidade e categoria idênticos entre card, página, JSON-LD e feed • Rótulos da ficha acentuados pelo código (PR #34) • Código exibido passa a ser rotulado 'EAN' (PR #34);Texto/preço/identificadores conferidos em 28/09. Foto: não conferida visualmente — rota de imagens fora do ar e sem cópia local;Pendente — foto
4;cmtv7ccui003kpd01yful05kk;7898671780085;7898671780085;https://brilhax.com/produtos/escova-caixa-de-roda-cabo-curto-detailer;Acessórios;manter;2894;2894;Detailer;Escova Detailer para Caixa de Roda — Cabo Curto;manter;https://lojas.avilaops.com/uploads/brilhax/catalogo-brilhax-detailer-escova-espelho-01.webp;4;https://lojas.avilaops.com/uploads/brilhax/catalogo-brilhax-detailer-escova-espelho-02.webp | https://lojas.avilaops.com/uploads/brilhax/catalogo-brilhax-detailer-escova-espelho-03.webp | https://lojas.avilaops.com/uploads/brilhax/catalogo-brilhax-detailer-escova-espelho-04.webp | https://lojas.avilaops.com/uploads/brilhax/catalogo-brilhax-detailer-escova-espelho-05.webp;119;577;10;"Cabo; Tipo; Marca; Cerdas; Função; Modelo; Limpeza; Aplicação; Modo de uso; Armazenamento";7898671780085;válido;51,60;;não controlado (snapshot 12/09);InStock;ativo;Fotos inacessíveis ao público: /uploads responde HTTP 500 (corrigido no PR #34, aguardando deploy) • Nota interna publicada na ficha (Cerdas: '…segundo a ficha da apresentação com GTIN correspondente');;"Peso e dimensões da embalagem de envio (nenhum item no feed tem shipping_weight) • Controle de estoque: snapshot de 12/09 mostra estoque não controlado; página e feed dizem 'em estoque'";Detailer, modelo E09 na ficha;"Conferido: título, marca, GTIN, preço, disponibilidade e categoria idênticos entre card, página, JSON-LD e feed • Código exibido passa a ser rotulado 'EAN' (PR #34) • Alteração de dados PROPOSTA (não aplicada; ver alteracoes-propostas.json)";Texto/preço/identificadores conferidos em 28/09. Foto: não conferida visualmente — rota de imagens fora do ar e sem cópia local;Pendente — foto + dados propostos
5;cmtv7ccy30044pd01o88hizo9;7898671780016;7898671780016;https://brilhax.com/produtos/escova-para-lavagem-de-pneus;Acessórios;manter;2894;2894;Detailer;Escova para Pneus Detailer E07;manter;https://lojas.avilaops.com/uploads/brilhax/catalogo-brilhax-detailer-pneu-01.webp;5;https://lojas.avilaops.com/uploads/brilhax/catalogo-brilhax-detailer-pneu-02.webp | https://lojas.avilaops.com/uploads/brilhax/catalogo-brilhax-detailer-pneu-03.webp | https://lojas.avilaops.com/uploads/brilhax/catalogo-brilhax-detailer-pneu-04.webp | https://lojas.avilaops.com/uploads/brilhax/catalogo-brilhax-detailer-pneu-05.webp | https://lojas.avilaops.com/uploads/brilhax/catalogo-brilhax-detailer-pneu-06.webp;134;670;11;"Cabo; Tipo; Marca; Cerdas; Função; Modelo; Formato; Limpeza; Aplicação; Modo de uso; Armazenamento";7898671780016;válido;39,90;;não controlado (snapshot 12/09);InStock;ativo;Fotos inacessíveis ao público: /uploads responde HTTP 500 (corrigido no PR #34, aguardando deploy);;"Peso e dimensões da embalagem de envio (nenhum item no feed tem shipping_weight) • Controle de estoque: snapshot de 12/09 mostra estoque não controlado; página e feed dizem 'em estoque'";Detailer, modelo E07 na ficha;Conferido: título, marca, GTIN, preço, disponibilidade e categoria idênticos entre card, página, JSON-LD e feed • Código exibido passa a ser rotulado 'EAN' (PR #34);Texto/preço/identificadores conferidos em 28/09. Foto: não conferida visualmente — rota de imagens fora do ar e sem cópia local;Pendente — foto
6;cmtv7cdle008apd012ujakao6;17898511034382;17898511034382;https://brilhax.com/produtos/pincel-det-externo-14-zacs;Acessórios;manter;2894;2894;Zacs;Pincel Zacs de Detalhamento Externo Nº 14;manter;https://lojas.avilaops.com/uploads/brilhax/mtv7c40n-3f622eb7.webp;4;https://lojas.avilaops.com/uploads/brilhax/20260920-zacs-pincel-externo-n14-alternativa.webp | https://lojas.avilaops.com/uploads/brilhax/20260921-zacs-pincel-externo-n14-roda.webp | https://lojas.avilaops.com/uploads/brilhax/20260921-zacs-pincel-externo-n14-cofre.webp | https://lojas.avilaops.com/uploads/brilhax/20260921-zacs-pincel-externo-n14-detalhe.webp;106;243;6;"Tipo; Cerdas; Tamanho; Material; Aplicação; Características";17898511034382;válido;16,78;;não controlado (snapshot 12/09);InStock;ativo;Fotos inacessíveis ao público: /uploads responde HTTP 500 (corrigido no PR #34, aguardando deploy);"GTIN 17898511034382 tem 14 dígitos com indicador '1' (padrão de caixa/embalagem de agrupamento). Confirmar no rótulo da unidade vendida se existe EAN-13 próprio; não derivar";"Peso e dimensões da embalagem de envio (nenhum item no feed tem shipping_weight) • Controle de estoque: snapshot de 12/09 mostra estoque não controlado; página e feed dizem 'em estoque'";"Zacs; dimensões e materiais na ficha";Conferido: título, marca, GTIN, preço, disponibilidade e categoria idênticos entre card, página, JSON-LD e feed • Código exibido passa a ser rotulado 'EAN' (PR #34);Texto/preço/identificadores conferidos em 28/09. Foto: não conferida visualmente — rota de imagens fora do ar e sem cópia local;Pendente — foto + confirmação
7;cmtv7cdlr008cpd016lbv9vnh;17898511034375;17898511034375;https://brilhax.com/produtos/pincel-det-medio-interno-14-zacs;Acessórios;manter;2894;2894;Zacs;Pincel Zacs de Detalhamento Interno Nº 14;manter;https://lojas.avilaops.com/uploads/brilhax/mtv7c46b-2fad54ef.webp;4;https://lojas.avilaops.com/uploads/brilhax/20260920-zacs-pincel-interno-n14-alternativa.webp | https://lojas.avilaops.com/uploads/brilhax/20260921-zacs-pincel-interno-n14-assento.webp | https://lojas.avilaops.com/uploads/brilhax/20260921-zacs-pincel-interno-n14-botoes.webp | https://lojas.avilaops.com/uploads/brilhax/20260921-zacs-pincel-interno-n14-acabamento.webp;100;232;6;"Tipo; Cerdas; Tamanho; Material; Aplicação; Características";17898511034375;válido;16,78;;não controlado (snapshot 12/09);InStock;ativo;Fotos inacessíveis ao público: /uploads responde HTTP 500 (corrigido no PR #34, aguardando deploy);"GTIN 17898511034375 tem 14 dígitos com indicador '1' (padrão de caixa). Confirmar EAN-13 da unidade no rótulo; não derivar";"Peso e dimensões da embalagem de envio (nenhum item no feed tem shipping_weight) • Controle de estoque: snapshot de 12/09 mostra estoque não controlado; página e feed dizem 'em estoque'";"Zacs; dimensões e materiais na ficha";Conferido: título, marca, GTIN, preço, disponibilidade e categoria idênticos entre card, página, JSON-LD e feed • Código exibido passa a ser rotulado 'EAN' (PR #34);Texto/preço/identificadores conferidos em 28/09. Foto: não conferida visualmente — rota de imagens fora do ar e sem cópia local;Pendente — foto + confirmação
8;cmtv7ccfq0014pd01jxe9hvub;JARBAS-b2c1d20e;(oculto — referência interna);https://brilhax.com/produtos/arominha-carro-novo-scent;Aromatizantes;manter;ausente;2789;Scent;AROMINHA CARRO NOVO SCENT;Arominha Carro Novo Scent — Aromatizante Spray 100 ml (após confirmar marca e volume);https://lojas.avilaops.com/uploads/brilhax/scent-carro-novo-recorte-20260927.png;4;https://lojas.avilaops.com/uploads/brilhax/mtv7bn94-7b9bd6a2.webp | https://lojas.avilaops.com/uploads/brilhax/mtv7bnjw-d7ff6b3a.webp | https://lojas.avilaops.com/uploads/brilhax/mtv7bnxm-446b7c6d.webp | https://lojas.avilaops.com/uploads/brilhax/mtv7bobe-61d3a62d.webp;113;333;7;"Tipo; Aroma; Formato; Volume (ml); Aplicação; Benefícios; Durabilidade";;ausente;15,00;;não controlado (snapshot 12/09);InStock;ativo;Fotos inacessíveis ao público: /uploads responde HTTP 500 (corrigido no PR #34, aguardando deploy) • Título em caixa alta ('AROMINHA CARRO NOVO SCENT'), fora do padrão dos demais e da regra de título do Google • Sem GTIN e sem google_product_category (esta corrigida no código, 2789) • Categoria Google ausente → 2789 (Odorizadores para carro) — corrigido no código (PR #34);"Marca incerta: cadastro diz 'Scent', descrição diz 'Aromas City … Novo Scent'. Confirmar fabricante e marca no rótulo • Volume de 100 ml aparece só no texto; confirmar no rótulo";"GTIN • Fabricante/CNPJ do rótulo • Classificação de transporte (spray aromatizante costuma ser inflamável; sem FDS) • Peso e dimensões da embalagem de envio (nenhum item no feed tem shipping_weight) • Controle de estoque: snapshot de 12/09 mostra estoque não controlado; página e feed dizem 'em estoque'";Descrição cita 'Aromas City' / 'Novo Scent' / 'material de divulgação';"Conferido: título, marca, GTIN, preço, disponibilidade e categoria idênticos entre card, página, JSON-LD e feed • Categoria Google corrigida no código • Alteração de dados PROPOSTA (não aplicada; ver alteracoes-propostas.json)";Texto/preço/identificadores conferidos em 28/09. Foto: não conferida visualmente — rota de imagens fora do ar e sem cópia local;Pendente — foto + dados propostos + confirmação
9;cmtv7ccir001epd011q3e67z0;7898511020364;7898511020364;https://brilhax.com/produtos/aroma-carro-novo;Aromatizantes;manter;ausente;2789;Vintex;Aromatizante Carro Novo Vintex Spray 60 ml;manter;https://lojas.avilaops.com/uploads/brilhax/20260920-vintex-aroma-carro-novo-oficial.webp;9;https://lojas.avilaops.com/uploads/brilhax/muaelauz-3e4ff58c.webp | https://lojas.avilaops.com/uploads/brilhax/muaelb5i-0b73fc3d.webp | https://lojas.avilaops.com/uploads/brilhax/muaelbhj-ba2df459.webp | https://lojas.avilaops.com/uploads/brilhax/muaelbpq-0e439ec2.webp | https://lojas.avilaops.com/uploads/brilhax/muaelbzc-afec7c60.webp | https://lojas.avilaops.com/uploads/brilhax/muaelc7d-f7db585b.webp | https://lojas.avilaops.com/uploads/brilhax/muaelcmd-2528835f.webp | https://lojas.avilaops.com/uploads/brilhax/muaelcpl-1702217a.webp | https://lojas.avilaops.com/uploads/brilhax/muaeld27-d6d30d79.webp;155;572;19;"Cor; Odor; Tipo; Marca; Modelo; Volume; Aparencia; Aplicação; Modo de uso; Fragrancia; Precauções; Miscibilidade; Características; Classificacao ghs; Codigo fabricante; Densidade relativa; Composicao declarada; Unidades por embalagem; Transporte produtos perigosos";7898511020364;válido;21,90;;não controlado (snapshot 12/09);InStock;ativo;Fotos inacessíveis ao público: /uploads responde HTTP 500 (corrigido no PR #34, aguardando deploy) • Sem google_product_category (corrigido no código → 2789) • Foto principal com o frasco cortado na lateral direita (rótulo truncado em 'conte… 60') • Categoria Google ausente → 2789 (Odorizadores para carro) — corrigido no código (PR #34);"Produto inflamável (ONU 1993, classe 3, GE II): Correios (PAC/SEDEX) aparecem no frete; confirmar se a transportadora aceita";"Peso e dimensões da embalagem de envio (nenhum item no feed tem shipping_weight) • Controle de estoque: snapshot de 12/09 mostra estoque não controlado; página e feed dizem 'em estoque'";"Vintex, modelo 2010008; FDS: ONU 1993 classe 3";Conferido: título, marca, GTIN, preço, disponibilidade e categoria idênticos entre card, página, JSON-LD e feed • Categoria Google corrigida no código • Rótulos da ficha acentuados pelo código (PR #34) • Código exibido passa a ser rotulado 'EAN' (PR #34);Texto/preço/identificadores conferidos em 28/09. Foto: Principal conferida: frasco Vintex Aroma Carro Novo 60 ml, rótulo 'Odorizador para veículos' — confere com o cadastro;Pendente — foto + confirmação
10;cmtv7ccfg0012pd01w4tfrc3s;JARBAS-312af194;(oculto — referência interna);https://brilhax.com/produtos/aroma-carro-novo-vintex-1-5l;Aromatizantes;manter;ausente;2590;Vintex;Sanitizante Carro Novo Vintex 1,5 L;manter;https://lojas.avilaops.com/uploads/brilhax/brilhax-sanitizante-carro-novo-15l-01.jpg;1;https://lojas.avilaops.com/uploads/brilhax/brilhax-sanitizante-carro-novo-15l-02.jpg;135;1039;20;"Cor; Odor; Tipo; Marca; Função; Volume (ml); Aplicação; Modo de uso; Composição; Fragrancia; Precauções; Estado fisico; Armazenamento; Pictograma ghs; Classificacao ghs; Codigo fabricante; Densidade relativa; Primeiros socorros; Miscibilidade em agua; Componentes declarados fds";7898511032633;válido;42,99;;não controlado (snapshot 12/09);InStock;ativo;Fotos inacessíveis ao público: /uploads responde HTTP 500 (corrigido no PR #34, aguardando deploy) • Sem google_product_category (corrigido no código → 2590, sanitizante) • Categoria Google ausente → 2590 (Soluções para limpeza de carro) — corrigido no código (PR #34);"Alegação 'elimina 99,99% das bactérias' é do fabricante; saneante com ação antimicrobiana exige registro Anvisa — pedir número ao fornecedor antes de anunciar em marketplace • Slug 'aroma-carro-novo-vintex-1-5l' diz aroma; produto é sanitizante";"Número de registro/notificação Anvisa • Peso e dimensões da embalagem de envio (nenhum item no feed tem shipping_weight) • Controle de estoque: snapshot de 12/09 mostra estoque não controlado; página e feed dizem 'em estoque'";"Vintex; FDS rev. 30/07/2025 (não perigoso)";Conferido: título, marca, GTIN, preço, disponibilidade e categoria idênticos entre card, página, JSON-LD e feed • Categoria Google corrigida no código • Rótulos da ficha acentuados pelo código (PR #34);Texto/preço/identificadores conferidos em 28/09. Foto: não conferida visualmente — rota de imagens fora do ar e sem cópia local;Pendente — foto + confirmação
11;cmtv7cd5w005kpd01h0s1i9p8;7898671782935;7898671782935;https://brilhax.com/produtos/kit-escova-drill-detailer;Kits Completos;Acessórios (decisão do lojista);2895;2894;Detailer;Kit de Escovas Drill Detailer;manter;https://lojas.avilaops.com/uploads/brilhax/mtv7by1k-df894ba1.webp;9;https://lojas.avilaops.com/uploads/brilhax/kit-escova-drill-detailer-escova-bola.webp | https://lojas.avilaops.com/uploads/brilhax/kit-escova-drill-detailer-escova-media.webp | https://lojas.avilaops.com/uploads/brilhax/kit-escova-drill-detailer-escova-pequena.webp | https://lojas.avilaops.com/uploads/brilhax/kit-escova-drill-detailer-escova-grande.webp | https://lojas.avilaops.com/uploads/brilhax/kit-escova-drill-detailer-detalhe-escovas.webp | https://lojas.avilaops.com/uploads/brilhax/kit-escova-drill-detailer-conexao.webp | https://lojas.avilaops.com/uploads/brilhax/kit-escova-drill-detailer-uso-roda.webp | https://lojas.avilaops.com/uploads/brilhax/kit-escova-drill-detailer-uso-limpeza.webp | https://lojas.avilaops.com/uploads/brilhax/kit-escova-drill-detailer-uso-escova-grande.webp;130;891;9;"Tipo; Tamanho; Cuidados; Aplicação; Modo de uso; Precauções; Quantidade; Superfícies indicadas; Compatibilidade";7898671782935;válido;65,99;;não controlado (snapshot 12/09);InStock;ativo;"Fotos inacessíveis ao público: /uploads responde HTTP 500 (corrigido no PR #34, aguardando deploy) • JSON-LD lista mais imagens que o feed (feed limita a 1+9; a página tem 10) — sem impacto de preço • Categoria Google 2895 → 2894 (Escovas para limpeza de carro) — corrigido no código (PR #34)";"Categoria 'Kits Completos' para um conjunto de escovas de furadeira; comprador tende a procurar em 'Acessórios'";"Peso e dimensões da embalagem de envio (nenhum item no feed tem shipping_weight) • Controle de estoque: snapshot de 12/09 mostra estoque não controlado; página e feed dizem 'em estoque'";"Detailer; 4 escovas descritas na ficha";"Conferido: título, marca, GTIN, preço, disponibilidade e categoria idênticos entre card, página, JSON-LD e feed • Categoria Google corrigida no código • Código exibido passa a ser rotulado 'EAN' (PR #34) • Alteração de dados PROPOSTA (não aplicada; ver alteracoes-propostas.json)";Texto/preço/identificadores conferidos em 28/09. Foto: não conferida visualmente — rota de imagens fora do ar e sem cópia local;Pendente — foto + confirmação
12;cmtv7cca30004pd01brt5zbuv;7898511024485;7898511024485;https://brilhax.com/produtos/acidus-fast-500ml;Lavagem;manter;2590;2590;Vonixx;Acidus Fast Vonixx 500 ml;manter;https://lojas.avilaops.com/uploads/brilhax/mtv7bl7d-80361d3e.webp;2;https://lojas.avilaops.com/uploads/brilhax/20260920-vonixx-acidus-fast-500ml-mockup.webp | https://lojas.avilaops.com/uploads/brilhax/20260920-vonixx-acidus-fast-500ml-campanha.webp;110;704;9;"pH; Uso; Tipo; Diluição; Volume (ml); Indicação; Modo de uso; Precauções; Superfícies indicadas";7898511024485;válido;42,00;;não controlado (snapshot 12/09);InStock;ativo;Fotos inacessíveis ao público: /uploads responde HTTP 500 (corrigido no PR #34, aguardando deploy);"Limpador ácido (pH 2,5–4,5): Shopee proíbe ácidos na política de restritos — confirmar antes de anunciar lá • Banner com texto na galeria; no feed do Google usar só fotos sem texto sobreposto";"Peso e dimensões da embalagem de envio (nenhum item no feed tem shipping_weight) • Controle de estoque: snapshot de 12/09 mostra estoque não controlado; página e feed dizem 'em estoque'";"Ficha/descrição já publicadas (textos atribuídos ao fabricante Vonixx); FDS citada na própria ficha";Conferido: título, marca, GTIN, preço, disponibilidade e categoria idênticos entre card, página, JSON-LD e feed • Código exibido passa a ser rotulado 'EAN' (PR #34);"Texto/preço/identificadores conferidos em 28/09. Foto: Adicionais 1–2 conferidas: frasco Acidus Fast Vonixx; a 2 é banner 1600×675 com texto de marketing";Pendente — foto + confirmação
13;cmtv7ccda000kpd018rzpd4ky;JARBAS-83e5db8f;(oculto — referência interna);https://brilhax.com/produtos/alumax-limpador-de-aluminio-e-carroceria-1-5l-vintex;Lavagem;manter;2590;2590;Vintex;Alumax Vintex Desincrustante Ácido 1,5 L;manter;https://lojas.avilaops.com/uploads/brilhax/mtv7blkp-8a07e642.webp;5;https://lojas.avilaops.com/uploads/brilhax/muadyw8t-f9a77346.webp | https://lojas.avilaops.com/uploads/brilhax/muadywvx-f5623bd4.webp | https://lojas.avilaops.com/uploads/brilhax/muadyxgq-340a2c0f.webp | https://lojas.avilaops.com/uploads/brilhax/muadyxz7-cf5b8d1f.webp | https://lojas.avilaops.com/uploads/brilhax/muadyyiz-321aea6d.webp;153;928;15;"Cor; Odor; Tipo; Volume; Diluição; Codigo onu; Modo de uso; Precauções; Rendimento; Superfícies indicadas; Estado fisico; Miscibilidade; Classificacao ghs; Codigo fabricante; Densidade relativa";7898511032596;válido;49,75;;não controlado (snapshot 12/09);InStock;ativo;"Fotos inacessíveis ao público: /uploads responde HTTP 500 (corrigido no PR #34, aguardando deploy) • Produto corrosivo (UN 3264, classe 8) com PAC/SEDEX oferecidos no frete; Correios não aceitam corrosivos";Shopee: ácido corrosivo, provável proibição;"Peso e dimensões da embalagem de envio (nenhum item no feed tem shipping_weight) • Controle de estoque: snapshot de 12/09 mostra estoque não controlado; página e feed dizem 'em estoque'";"Vintex; FDS: UN 3264 classe 8";Conferido: título, marca, GTIN, preço, disponibilidade e categoria idênticos entre card, página, JSON-LD e feed • Rótulos da ficha acentuados pelo código (PR #34);Texto/preço/identificadores conferidos em 28/09. Foto: não conferida visualmente — rota de imagens fora do ar e sem cópia local;Pendente — foto + confirmação
14;cmtv7cccz000ipd01jyiyvj6e;JARBAS-26f95b5d;(oculto — referência interna);https://brilhax.com/produtos/alumax-concentrado-5l;Lavagem;manter;2590;2590;Vintex;Alumax Vintex Desincrustante Ácido 5 L;manter;https://lojas.avilaops.com/uploads/brilhax/mtv7bldu-870483b9.webp;5;https://lojas.avilaops.com/uploads/brilhax/muadm7ge-1aa2b73e.webp | https://lojas.avilaops.com/uploads/brilhax/muadm810-c89c5638.webp | https://lojas.avilaops.com/uploads/brilhax/muadm8c0-6ee05b14.webp | https://lojas.avilaops.com/uploads/brilhax/muadm8sf-9021bff0.webp | https://lojas.avilaops.com/uploads/brilhax/muadm9e9-23b99769.webp;151;926;15;"Cor; Odor; Tipo; Volume; Diluição; Codigo onu; Modo de uso; Precauções; Rendimento; Superfícies indicadas; Estado fisico; Miscibilidade; Classificacao ghs; Codigo fabricante; Densidade relativa";7898511020203;válido;60,33;;não controlado (snapshot 12/09);InStock;ativo;"Fotos inacessíveis ao público: /uploads responde HTTP 500 (corrigido no PR #34, aguardando deploy) • Produto corrosivo (UN 3264, classe 8) com PAC/SEDEX oferecidos no frete • Frete cotado igual ao de um frasco de 500 ml (sem peso/medidas); 5 L subcotado";Shopee: ácido corrosivo, provável proibição;"Peso e dimensões da embalagem de envio (nenhum item no feed tem shipping_weight) • Controle de estoque: snapshot de 12/09 mostra estoque não controlado; página e feed dizem 'em estoque'";"Vintex; FDS: UN 3264 classe 8";Conferido: título, marca, GTIN, preço, disponibilidade e categoria idênticos entre card, página, JSON-LD e feed • Rótulos da ficha acentuados pelo código (PR #34);Texto/preço/identificadores conferidos em 28/09. Foto: não conferida visualmente — rota de imagens fora do ar e sem cópia local;Pendente — foto + confirmação
15;cmtv7ccq1002spd01pklwxew4;7898671780030;7898671780030;https://brilhax.com/produtos/canhao-de-espuma-bico-vermelho;Lavagem;manter;2590;2590;Detailer;Canhão de Espuma Detailer Bico Vermelho 1 L;manter;https://lojas.avilaops.com/uploads/brilhax/catalogo-brilhax-detailer-snow-foam-02.webp;2;https://lojas.avilaops.com/uploads/brilhax/catalogo-brilhax-detailer-snow-foam-01.webp | https://lojas.avilaops.com/uploads/brilhax/catalogo-brilhax-detailer-snow-foam-03.webp;119;724;13;"Tipo; Marca; Função; Modelo; Material; Adaptador; Modo de uso; Manutencao; Ajuste do jato; Capacidade ml; Armazenamento; Compatibilidade; Conteudo da embalagem";7898671780030;válido;244,99;;não controlado (snapshot 12/09);InStock;ativo;Fotos inacessíveis ao público: /uploads responde HTTP 500 (corrigido no PR #34, aguardando deploy);;"Peso e dimensões da embalagem de envio (nenhum item no feed tem shipping_weight) • Controle de estoque: snapshot de 12/09 mostra estoque não controlado; página e feed dizem 'em estoque'";Detailer, modelo CNE Snow Foam;Conferido: título, marca, GTIN, preço, disponibilidade e categoria idênticos entre card, página, JSON-LD e feed • Código exibido passa a ser rotulado 'EAN' (PR #34);Texto/preço/identificadores conferidos em 28/09. Foto: não conferida visualmente — rota de imagens fora do ar e sem cópia local;Pendente — foto
16;cmtv7ccra0030pd01yelz0uz6;7898511034286;7898511034286;https://brilhax.com/produtos/delet-vonixx-5l;Lavagem;manter;2590;2590;Vonixx;Delet Vonixx Limpador de Pneus e Borrachas 5 L;manter;https://lojas.avilaops.com/uploads/brilhax/mtv7brn9-eacc48e6.webp;2;https://lojas.avilaops.com/uploads/brilhax/mua8nuwt-831008c4.webp | https://lojas.avilaops.com/uploads/brilhax/mua8nvxp-ff7a132c.webp;155;847;16;"pH; Cor; Acao; Odor; Tipo; Função; Volume (ml); Indicação; Modo de uso; Ferramenta; Precauções; Superfícies indicadas; Estado fisico; Solubilidade; Armazenamento; Restricoes de uso";7898511034286;válido;124,90;;não controlado (snapshot 12/09);InStock;ativo;Fotos inacessíveis ao público: /uploads responde HTTP 500 (corrigido no PR #34, aguardando deploy) • Frete cotado sem peso real (5 L);;"Peso e dimensões da embalagem de envio (nenhum item no feed tem shipping_weight) • Controle de estoque: snapshot de 12/09 mostra estoque não controlado; página e feed dizem 'em estoque'";"Ficha/descrição já publicadas (textos atribuídos ao fabricante Vonixx); FDS citada na própria ficha";Conferido: título, marca, GTIN, preço, disponibilidade e categoria idênticos entre card, página, JSON-LD e feed • Rótulos da ficha acentuados pelo código (PR #34) • Código exibido passa a ser rotulado 'EAN' (PR #34);Texto/preço/identificadores conferidos em 28/09. Foto: não conferida visualmente — rota de imagens fora do ar e sem cópia local;Pendente — foto
17;cmtv7ccqq002wpd01na9pn36i;7898511034101;7898511034101;https://brilhax.com/produtos/delet-500ml;Lavagem;manter;2590;2590;Vonixx;Delet Vonixx Limpador de Pneus e Borrachas 500 ml;manter;https://lojas.avilaops.com/uploads/brilhax/mua7zcld-cb7003d7.webp;2;https://lojas.avilaops.com/uploads/brilhax/mua8i7c3-d490845b.webp | https://lojas.avilaops.com/uploads/brilhax/mua8i7l0-fa7e9393.webp;143;807;16;"pH; Cor; Acao; Odor; Tipo; Função; Volume (ml); Indicação; Modo de uso; Ferramenta; Precauções; Superfícies indicadas; Estado fisico; Solubilidade; Armazenamento; Restricoes de uso";7898511034101;válido;33,42;;não controlado (snapshot 12/09);InStock;ativo;Fotos inacessíveis ao público: /uploads responde HTTP 500 (corrigido no PR #34, aguardando deploy);;"Peso e dimensões da embalagem de envio (nenhum item no feed tem shipping_weight) • Controle de estoque: snapshot de 12/09 mostra estoque não controlado; página e feed dizem 'em estoque'";"Ficha/descrição já publicadas (textos atribuídos ao fabricante Vonixx); FDS citada na própria ficha";Conferido: título, marca, GTIN, preço, disponibilidade e categoria idênticos entre card, página, JSON-LD e feed • Rótulos da ficha acentuados pelo código (PR #34) • Código exibido passa a ser rotulado 'EAN' (PR #34);Texto/preço/identificadores conferidos em 28/09. Foto: não conferida visualmente — rota de imagens fora do ar e sem cópia local;Pendente — foto
18;cmtv7ccxr0042pd01v8u0s07s;JARBAS-be8a1fcb;(oculto — referência interna);https://brilhax.com/produtos/extractus-desengraxante;Lavagem;manter;2590;2704;Vonixx;Extractus Vonixx Limpador de Estofados 1 L;manter;https://lojas.avilaops.com/uploads/brilhax/mtv7bu11-ff27452b.webp;4;https://lojas.avilaops.com/uploads/brilhax/muaail8x-9c7a4951.webp | https://lojas.avilaops.com/uploads/brilhax/muaailbz-e8c19e2d.webp | https://lojas.avilaops.com/uploads/brilhax/muaailep-6a6ed2e2.webp | https://lojas.avilaops.com/uploads/brilhax/muaailkj-3651126d.webp;154;1538;16;"pH; Cor; Odor; Tipo; Função; Diluição; Volume (ml); Espumacao; Indicação; Modo de uso; Ferramenta; Precauções; Superfícies indicadas; Estado fisico; Solubilidade; Armazenamento";;ausente;44,85;;não controlado (snapshot 12/09);InStock;ativo;Fotos inacessíveis ao público: /uploads responde HTTP 500 (corrigido no PR #34, aguardando deploy) • Nota interna publicada na descrição ('Este cadastro corresponde à embalagem de 1 L mostrada nas fotos.') • Sem GTIN • Categoria Google 2590 → 2704 (Limpadores de estofados) — corrigido no código (PR #34);"Slug diz 'desengraxante'; produto é limpador de estofados — renomear só com 301";"GTIN do frasco de 1 L • Peso e dimensões da embalagem de envio (nenhum item no feed tem shipping_weight) • Controle de estoque: snapshot de 12/09 mostra estoque não controlado; página e feed dizem 'em estoque'";"Ficha/descrição já publicadas (textos atribuídos ao fabricante Vonixx); FDS citada na própria ficha";"Conferido: título, marca, GTIN, preço, disponibilidade e categoria idênticos entre card, página, JSON-LD e feed • Categoria Google corrigida no código • Rótulos da ficha acentuados pelo código (PR #34) • Alteração de dados PROPOSTA (não aplicada; ver alteracoes-propostas.json)";Texto/preço/identificadores conferidos em 28/09. Foto: não conferida visualmente — rota de imagens fora do ar e sem cópia local;Pendente — foto + dados propostos + confirmação
19;cmtv7cd0b004kpd01dztjlt5w;7898511028674;7898511028674;https://brilhax.com/produtos/flexus-500ml;Lavagem;manter;2590;2590;Vonixx;Flexus Vonixx Limpador e Condicionador 500 ml;manter;https://lojas.avilaops.com/uploads/brilhax/mtv7bujv-7e8fc645.webp;2;https://lojas.avilaops.com/uploads/brilhax/muaaqjhe-9008971a.webp | https://lojas.avilaops.com/uploads/brilhax/muaaqjp9-15279320.webp;146;951;19;"Cor; Odor; Tipo; Função; Diluição; Volume (ml); Densidade; Modo de uso; Acabamento; Composição; Ferramenta; Precauções; Superfícies indicadas; Durabilidade; Estado fisico; Solubilidade; Armazenamento; Classificacao ghs; Viscosidade dinamica";7898511028674;válido;44,27;;não controlado (snapshot 12/09);InStock;ativo;Fotos inacessíveis ao público: /uploads responde HTTP 500 (corrigido no PR #34, aguardando deploy);;"Peso e dimensões da embalagem de envio (nenhum item no feed tem shipping_weight) • Controle de estoque: snapshot de 12/09 mostra estoque não controlado; página e feed dizem 'em estoque'";"Ficha/descrição já publicadas (textos atribuídos ao fabricante Vonixx); FDS citada na própria ficha";Conferido: título, marca, GTIN, preço, disponibilidade e categoria idênticos entre card, página, JSON-LD e feed • Rótulos da ficha acentuados pelo código (PR #34) • Código exibido passa a ser rotulado 'EAN' (PR #34);Texto/preço/identificadores conferidos em 28/09. Foto: não conferida visualmente — rota de imagens fora do ar e sem cópia local;Pendente — foto
20;cmtv7cd0m004mpd01wi9psepk;7898511028841;7898511028841;https://brilhax.com/produtos/focus-240ml;Lavagem;manter;2590;2846;Vonixx;Focus Vonixx Removedor de Marcas d’Água 240 ml;manter;https://lojas.avilaops.com/uploads/brilhax/mtv7buqi-8cc7dd8c.webp;2;https://lojas.avilaops.com/uploads/brilhax/muaat2o1-b23c2d35.webp | https://lojas.avilaops.com/uploads/brilhax/muaat2xb-a9d3e856.webp;105;1292;19;"pH; Cor; Odor; Tipo; Função; Diluição; Volume (ml); Densidade; Modo de uso; Composição; Ferramenta; Precauções; Superfícies indicadas; Viscosidade; Estado fisico; Solubilidade; Armazenamento; Classificacao ghs; Notificacao anvisa";7898511028841;válido;46,53;;não controlado (snapshot 12/09);InStock;ativo;Fotos inacessíveis ao público: /uploads responde HTTP 500 (corrigido no PR #34, aguardando deploy) • Ficha pH com nota de conferência ('FDS: não aplicável') • Categoria Google 2590 → 2846 (Limpadores de vidro) — corrigido no código (PR #34);;"Peso e dimensões da embalagem de envio (nenhum item no feed tem shipping_weight) • Controle de estoque: snapshot de 12/09 mostra estoque não controlado; página e feed dizem 'em estoque'";"Ficha/descrição já publicadas (textos atribuídos ao fabricante Vonixx); FDS citada na própria ficha";"Conferido: título, marca, GTIN, preço, disponibilidade e categoria idênticos entre card, página, JSON-LD e feed • Categoria Google corrigida no código • Rótulos da ficha acentuados pelo código (PR #34) • Código exibido passa a ser rotulado 'EAN' (PR #34) • Alteração de dados PROPOSTA (não aplicada; ver alteracoes-propostas.json)";Texto/preço/identificadores conferidos em 28/09. Foto: não conferida visualmente — rota de imagens fora do ar e sem cópia local;Pendente — foto + dados propostos
21;cmtv7cd1b004qpd01cnqk289s;7898511028650;7898511028650;https://brilhax.com/produtos/glazy-500ml;Lavagem;manter;2590;2846;Vonixx;Glazy Vonixx Limpador de Vidros 4 em 1 500 ml;manter;https://lojas.avilaops.com/uploads/brilhax/muabvk5i-1bacdfea.webp;3;https://lojas.avilaops.com/uploads/brilhax/mtv7buwo-bae40fa5.webp | https://lojas.avilaops.com/uploads/brilhax/20260921-vonixx-glazy-500ml-aplicacao-no-vidro-oficial.webp | https://lojas.avilaops.com/uploads/brilhax/20260921-vonixx-glazy-500ml-acabamento-vidro-oficial.webp;117;923;16;"pH; Cor; Odor; Tipo; Função; Volume (ml); Modo de uso; Pronto uso; Acabamento; Precauções; Superfícies indicadas; Estado fisico; Armazenamento; Classificacao ghs; Miscibilidade em agua; Compatibilidade peliculas";7898511028650;válido;39,95;;não controlado (snapshot 12/09);InStock;ativo;Fotos inacessíveis ao público: /uploads responde HTTP 500 (corrigido no PR #34, aguardando deploy) • Categoria Google 2590 → 2846 (Limpadores de vidro) — corrigido no código (PR #34);;"Peso e dimensões da embalagem de envio (nenhum item no feed tem shipping_weight) • Controle de estoque: snapshot de 12/09 mostra estoque não controlado; página e feed dizem 'em estoque'";"Ficha/descrição já publicadas (textos atribuídos ao fabricante Vonixx); FDS citada na própria ficha";Conferido: título, marca, GTIN, preço, disponibilidade e categoria idênticos entre card, página, JSON-LD e feed • Categoria Google corrigida no código • Rótulos da ficha acentuados pelo código (PR #34) • Código exibido passa a ser rotulado 'EAN' (PR #34);Texto/preço/identificadores conferidos em 28/09. Foto: não conferida visualmente — rota de imagens fora do ar e sem cópia local;Pendente — foto
22;cmtv7cd2o004ypd01cfvwf4lz;7898511020890;7898511020890;https://brilhax.com/produtos/higicouro-500ml;Lavagem;manter;2590;2590;Vonixx;Higicouro Vonixx Limpador de Couro 500 ml;manter;https://lojas.avilaops.com/uploads/brilhax/catalogo-brilhax-higicouro-01.webp;4;https://lojas.avilaops.com/uploads/brilhax/mtv7bw3t-24c8c0e5.webp | https://lojas.avilaops.com/uploads/brilhax/mtv7bwgq-01bbba87.webp | https://lojas.avilaops.com/uploads/brilhax/catalogo-brilhax-higicouro-02.webp | https://lojas.avilaops.com/uploads/brilhax/catalogo-brilhax-higicouro-04.webp;116;929;18;"pH; Cor; Odor; Tipo; Marca; Função; Diluição; Volume (ml); Densidade; Modo de uso; Precauções; Superfícies indicadas; Estado fisico; Solubilidade; Armazenamento; Restricoes de uso; Classificacao fds; Primeiros socorros";7898511020890;válido;30,18;;não controlado (snapshot 12/09);InStock;ativo;Fotos inacessíveis ao público: /uploads responde HTTP 500 (corrigido no PR #34, aguardando deploy);;"Peso e dimensões da embalagem de envio (nenhum item no feed tem shipping_weight) • Controle de estoque: snapshot de 12/09 mostra estoque não controlado; página e feed dizem 'em estoque'";"Ficha/descrição já publicadas (textos atribuídos ao fabricante Vonixx); FDS citada na própria ficha";Conferido: título, marca, GTIN, preço, disponibilidade e categoria idênticos entre card, página, JSON-LD e feed • Rótulos da ficha acentuados pelo código (PR #34) • Código exibido passa a ser rotulado 'EAN' (PR #34);Texto/preço/identificadores conferidos em 28/09. Foto: não conferida visualmente — rota de imagens fora do ar e sem cópia local;Pendente — foto
23;cmtv7cd490058pd013sxcgzfw;7898511030806;7898511030806;https://brilhax.com/produtos/impact-1-5l;Lavagem;manter;2590;2590;Vonixx;Impact Vonixx Multilimpador Concentrado 1,5 L;manter;https://lojas.avilaops.com/uploads/brilhax/catalogo-brilhax-impact-15l.webp;2;https://lojas.avilaops.com/uploads/brilhax/mtv7bwtz-79bbfbc1.webp | https://lojas.avilaops.com/uploads/brilhax/mtv7bx3d-2ab5b838.webp;143;1347;18;"pH; Cor; Odor; Tipo; Marca; Função; Diluição; Volume (ml); Modo de uso; Precauções; Superfícies indicadas; Estado fisico; Solubilidade; Armazenamento; Restricoes de uso; Classificacao fds; Primeiros socorros; Equipamentos compativeis";7898511030806;válido;37,50;;não controlado (snapshot 12/09);InStock;ativo;Fotos inacessíveis ao público: /uploads responde HTTP 500 (corrigido no PR #34, aguardando deploy);"FDS citada classifica como corrosivo (H314); confirmar classe de transporte antes de oferecer Correios";"Peso e dimensões da embalagem de envio (nenhum item no feed tem shipping_weight) • Controle de estoque: snapshot de 12/09 mostra estoque não controlado; página e feed dizem 'em estoque'";"Ficha/descrição já publicadas (textos atribuídos ao fabricante Vonixx); FDS citada na própria ficha";Conferido: título, marca, GTIN, preço, disponibilidade e categoria idênticos entre card, página, JSON-LD e feed • Rótulos da ficha acentuados pelo código (PR #34) • Código exibido passa a ser rotulado 'EAN' (PR #34);Texto/preço/identificadores conferidos em 28/09. Foto: não conferida visualmente — rota de imagens fora do ar e sem cópia local;Pendente — foto + confirmação
24;cmtv7cd4q005cpd01lzv7ggje;7898511028094;7898511028094;https://brilhax.com/produtos/izer-500ml;Lavagem;manter;2590;2590;Vonixx;Izer Vonixx Descontaminante Ferroso 500 ml;manter;https://lojas.avilaops.com/uploads/brilhax/muaeuzc8-46be2d42.webp;3;https://lojas.avilaops.com/uploads/brilhax/muaeuzn7-75fc5b97.webp | https://lojas.avilaops.com/uploads/brilhax/muaeuzy8-326e8930.webp | https://lojas.avilaops.com/uploads/brilhax/muaev0b6-6d2c1bf0.webp;251;1134;23;"pH; Cor; Gtin; Odor; Tipo; Marca; Função; Modelo; Volume; Diluição; Aparencia; Modo de uso; Composição; Precauções; Transporte; Observacoes; Superfícies indicadas; Apresentacao; Miscibilidade; Classificacao ghs; Codigo fabricante; Densidade relativa; Viscosidade dinamica";7898511028094;válido;39,28;;não controlado (snapshot 12/09);InStock;ativo;Fotos inacessíveis ao público: /uploads responde HTTP 500 (corrigido no PR #34, aguardando deploy) • Linha 'Gtin' repetida na ficha (corrigido no código: GTIN deixa de sair como característica) • Ficha 'Odor' com nota sobre o catálogo do fabricante;;"Peso e dimensões da embalagem de envio (nenhum item no feed tem shipping_weight) • Controle de estoque: snapshot de 12/09 mostra estoque não controlado; página e feed dizem 'em estoque'";"Ficha/descrição já publicadas (textos atribuídos ao fabricante Vonixx); FDS citada na própria ficha";"Conferido: título, marca, GTIN, preço, disponibilidade e categoria idênticos entre card, página, JSON-LD e feed • Rótulos da ficha acentuados pelo código (PR #34) • Código exibido passa a ser rotulado 'EAN' (PR #34) • Alteração de dados PROPOSTA (não aplicada; ver alteracoes-propostas.json)";Texto/preço/identificadores conferidos em 28/09. Foto: não conferida visualmente — rota de imagens fora do ar e sem cópia local;Pendente — foto + dados propostos
25;cmtv7cd8m005ypd01p3t59vdo;;(oculto — referência interna);https://brilhax.com/produtos/lamax;Lavagem;manter;2590;2590;Nitro;Lamax Nitro Desengraxante 500 ml;manter;https://lojas.avilaops.com/uploads/brilhax/mtv7byad-a508bfdb.webp;6;https://lojas.avilaops.com/uploads/brilhax/muabe2fw-f38f54b7.webp | https://lojas.avilaops.com/uploads/brilhax/muabe310-24aa7d34.webp | https://lojas.avilaops.com/uploads/brilhax/nitro-lamax-500ml-espuma-pre-lavagem.webp | https://lojas.avilaops.com/uploads/brilhax/nitro-lamax-500ml-desengraxe-duplo.webp | https://lojas.avilaops.com/uploads/brilhax/nitro-lamax-500ml-limpeza-roda.webp | https://lojas.avilaops.com/uploads/brilhax/nitro-lamax-500ml-limpeza-lama.webp;148;910;19;"pH; Tipo; Função; Aspecto; Diluição; Sujeiras atendidas; Validade; Volume (ml); Aplicação; Modo de uso; Finalidade; Precauções; Superfícies indicadas; Apresentacao; Solubilidade; Armazenamento; Principio ativo; Uso recomendado; Composicao informada no rotulo";;ausente;10,00;;não controlado (snapshot 12/09);InStock;ativo;"Fotos inacessíveis ao público: /uploads responde HTTP 500 (corrigido no PR #34, aguardando deploy) • Sem GTIN • Ficha 'Tipo: Químico' genérica • Ficha de composição com nota de pesquisa ('…não foi publicada nas fontes consultadas') • Quatro imagens adicionais com texto de campanha e marca d'água de outra loja ('V-ONE store'); remover da galeria e do feed";"Preço R$ 10,00 destoa do restante do catálogo (500 ml de desengraxante concentrado); confirmar com o lojista — preço não alterado";"GTIN • Peso e dimensões da embalagem de envio (nenhum item no feed tem shipping_weight) • Controle de estoque: snapshot de 12/09 mostra estoque não controlado; página e feed dizem 'em estoque'";Nitro Automotive Line (texto do fabricante na descrição);"Conferido: título, marca, GTIN, preço, disponibilidade e categoria idênticos entre card, página, JSON-LD e feed • Alteração de dados PROPOSTA (não aplicada; ver alteracoes-propostas.json)";Texto/preço/identificadores conferidos em 28/09. Foto: Adicionais 3–6 conferidas: frasco Nitro Lamax 500 ml em artes de campanha;Pendente — foto + dados propostos + confirmação
26;cmtv7cdp4008wpd018m0ei0oz;7898511031179;7898511031179;https://brilhax.com/produtos/prizm-500ml;Lavagem;manter;2590;2846;Vonixx;Prizm Vonixx Restaurador de Vidros 500 ml;manter;https://lojas.avilaops.com/uploads/brilhax/mtv7c4to-a1adfe62.webp;4;https://lojas.avilaops.com/uploads/brilhax/muafi5tk-4929047b.webp | https://lojas.avilaops.com/uploads/brilhax/muafi67i-0a33b78c.webp | https://lojas.avilaops.com/uploads/brilhax/muafi6kp-5dca445e.webp | https://lojas.avilaops.com/uploads/brilhax/muafi6vs-9e09fa1d.webp;111;1104;21;"Cor; Odor; Tipo; Linha; Diluição; Volume (ml); Aplicação; Indicação; Modo de uso; Precauções; Superfície indicada; Transporte; Estado fisico; Armazenamento; Miscibilidade; Uso profissional; Classificacao ghs; Codigo fabricante; Densidade relativa; Protecao individual; Estabilidade quimica";7898511031179;válido;41,12;;não controlado (snapshot 12/09);InStock;ativo;Fotos inacessíveis ao público: /uploads responde HTTP 500 (corrigido no PR #34, aguardando deploy) • Ficha 'Tipo: Químico' genérica • Categoria Google 2590 → 2846 (Limpadores de vidro) — corrigido no código (PR #34);;"Peso e dimensões da embalagem de envio (nenhum item no feed tem shipping_weight) • Controle de estoque: snapshot de 12/09 mostra estoque não controlado; página e feed dizem 'em estoque'";"Ficha/descrição já publicadas (textos atribuídos ao fabricante Vonixx); FDS citada na própria ficha";"Conferido: título, marca, GTIN, preço, disponibilidade e categoria idênticos entre card, página, JSON-LD e feed • Categoria Google corrigida no código • Rótulos da ficha acentuados pelo código (PR #34) • Código exibido passa a ser rotulado 'EAN' (PR #34) • Alteração de dados PROPOSTA (não aplicada; ver alteracoes-propostas.json)";Texto/preço/identificadores conferidos em 28/09. Foto: não conferida visualmente — rota de imagens fora do ar e sem cópia local;Pendente — foto + dados propostos
27;cmtv7cdqa0094pd01lrdtk7zt;7898511032893;7898511032893;https://brilhax.com/produtos/removex-vintex-1-5l;Lavagem;manter;2590;2590;Vintex;Removex Vintex Desengraxante 1,5 L;manter;https://lojas.avilaops.com/uploads/brilhax/mua9a958-3e0ba74c.webp;3;https://lojas.avilaops.com/uploads/brilhax/mua9a9cl-76a433aa.webp | https://lojas.avilaops.com/uploads/brilhax/mua9a9ox-7227768f.webp | https://lojas.avilaops.com/uploads/brilhax/mua9a9yi-b81b6237.webp;162;931;20;"pH; Cor; Acao; Odor; Tipo; Função; Diluição; Volume (ml); Densidade; Indicação; Modo de uso; Ferramenta; Precauções; Superfícies indicadas; Estado fisico; Solubilidade; Armazenamento; Restricoes de uso; Classificacao ghs; Viscosidade dinamica";7898511032893;válido;29,74;;não controlado (snapshot 12/09);InStock;ativo;Fotos inacessíveis ao público: /uploads responde HTTP 500 (corrigido no PR #34, aguardando deploy);Corrosivo (H314 cat. 1A) — confirmar classe de transporte antes de oferecer Correios;"Peso e dimensões da embalagem de envio (nenhum item no feed tem shipping_weight) • Controle de estoque: snapshot de 12/09 mostra estoque não controlado; página e feed dizem 'em estoque'";"Vintex; FDS: corrosão cutânea 1A";Conferido: título, marca, GTIN, preço, disponibilidade e categoria idênticos entre card, página, JSON-LD e feed • Rótulos da ficha acentuados pelo código (PR #34) • Código exibido passa a ser rotulado 'EAN' (PR #34);Texto/preço/identificadores conferidos em 28/09. Foto: não conferida visualmente — rota de imagens fora do ar e sem cópia local;Pendente — foto + confirmação
28;cmtv7cdyv00akpd01aw2qymzu;7898511030578;7898511030578;https://brilhax.com/produtos/sintra-fast-500ml;Lavagem;manter;2590;2590;Vonixx;Sintra Fast Vonixx Limpador Interno 500 ml;manter;https://lojas.avilaops.com/uploads/brilhax/mtv7c73u-6c2078fe.webp;2;https://lojas.avilaops.com/uploads/brilhax/mua5ef10-ad35d5a6.webp | https://lojas.avilaops.com/uploads/brilhax/mua5eff1-7c5c94c6.webp;118;652;10;"pH; Tipo; Função; Volume (ml); Modo de uso; Pronto uso; Precauções; Superfícies indicadas; Restricoes de uso; Acao desinfetante";7898511030578;válido;32,49;;não controlado (snapshot 12/09);InStock;ativo;Fotos inacessíveis ao público: /uploads responde HTTP 500 (corrigido no PR #34, aguardando deploy);;"Peso e dimensões da embalagem de envio (nenhum item no feed tem shipping_weight) • Controle de estoque: snapshot de 12/09 mostra estoque não controlado; página e feed dizem 'em estoque'";"Ficha/descrição já publicadas (textos atribuídos ao fabricante Vonixx); FDS citada na própria ficha";Conferido: título, marca, GTIN, preço, disponibilidade e categoria idênticos entre card, página, JSON-LD e feed • Rótulos da ficha acentuados pelo código (PR #34) • Código exibido passa a ser rotulado 'EAN' (PR #34);Texto/preço/identificadores conferidos em 28/09. Foto: não conferida visualmente — rota de imagens fora do ar e sem cópia local;Pendente — foto
29;cmtv7cdyj00aipd01xqlrgb5f;7898511030592;7898511030592;https://brilhax.com/produtos/sintra-1-5l;Lavagem;manter;2590;2590;Vonixx;Sintra Pro Vonixx Multilimpador Concentrado 1,5 L;manter;https://lojas.avilaops.com/uploads/brilhax/mua9ho8o-ec1adbb4.webp;4;https://lojas.avilaops.com/uploads/brilhax/20260921-vonixx-sintra-pro-15l-embalagem-alternativa.webp | https://lojas.avilaops.com/uploads/brilhax/20260921-vonixx-sintra-pro-15l-detalhe-frente-frasco.webp | https://lojas.avilaops.com/uploads/brilhax/20260921-vonixx-sintra-pro-15l-uso-limpeza-painel.webp | https://lojas.avilaops.com/uploads/brilhax/20260921-vonixx-sintra-pro-15l-uso-interior-veiculo.webp;235;1607;20;"pH; Cor; Acao; Odor; Tipo; Função; Diluição; Volume (ml); Espumacao; Indicação; Modo de uso; Ferramenta; Precauções; Superfícies indicadas; Estado fisico; Solubilidade; Armazenamento; Restricoes de uso; Classificacao ghs; Codigo fabricante";7898511030592;válido;39,28;;não controlado (snapshot 12/09);InStock;ativo;Fotos inacessíveis ao público: /uploads responde HTTP 500 (corrigido no PR #34, aguardando deploy);FDS: corrosão cutânea 1C — confirmar classe de transporte;"Peso e dimensões da embalagem de envio (nenhum item no feed tem shipping_weight) • Controle de estoque: snapshot de 12/09 mostra estoque não controlado; página e feed dizem 'em estoque'";"Ficha/descrição já publicadas (textos atribuídos ao fabricante Vonixx); FDS citada na própria ficha";Conferido: título, marca, GTIN, preço, disponibilidade e categoria idênticos entre card, página, JSON-LD e feed • Rótulos da ficha acentuados pelo código (PR #34) • Código exibido passa a ser rotulado 'EAN' (PR #34);Texto/preço/identificadores conferidos em 28/09. Foto: não conferida visualmente — rota de imagens fora do ar e sem cópia local;Pendente — foto + confirmação
30;cmtv7ce3j00bapd01eauzls6z;7898511031841;7898511031841;https://brilhax.com/produtos/strike-1-5l;Lavagem;manter;2590;2590;Vonixx;Strike Vonixx Removedor de Piche e Cola 1,5 L;manter;https://lojas.avilaops.com/uploads/brilhax/20260921-vonixx-strike-15l-oficial.webp;1;https://lojas.avilaops.com/uploads/brilhax/20260921-vonixx-strike-15l-campanha.webp;94;1168;18;"Cor; Base; Odor; Tipo; Diluição; Volume (ml); Aplicação; Repeticao; Precauções; Superfícies indicadas; Estado fisico; Solubilidade; Armazenamento; Uso recomendado; Classificacao fds; Densidade relativa; Primeiros socorros; Teste de compatibilidade";7898511031841;válido;148,95;;não controlado (snapshot 12/09);InStock;ativo;Fotos inacessíveis ao público: /uploads responde HTTP 500 (corrigido no PR #34, aguardando deploy);;"Peso e dimensões da embalagem de envio (nenhum item no feed tem shipping_weight) • Controle de estoque: snapshot de 12/09 mostra estoque não controlado; página e feed dizem 'em estoque'";"Ficha/descrição já publicadas (textos atribuídos ao fabricante Vonixx); FDS citada na própria ficha";Conferido: título, marca, GTIN, preço, disponibilidade e categoria idênticos entre card, página, JSON-LD e feed • Rótulos da ficha acentuados pelo código (PR #34) • Código exibido passa a ser rotulado 'EAN' (PR #34);Texto/preço/identificadores conferidos em 28/09. Foto: não conferida visualmente — rota de imagens fora do ar e sem cópia local;Pendente — foto
31;cmtv7ce3x00bcpd01gwsbed6b;7898511030158;7898511030158;https://brilhax.com/produtos/strike-500ml;Lavagem;manter;2590;2590;Vonixx;Strike Vonixx Removedor de Piche e Cola 500 ml;manter;https://lojas.avilaops.com/uploads/brilhax/20260921-vonixx-strike-500ml-oficial.webp;8;https://lojas.avilaops.com/uploads/brilhax/20260921-vonixx-strike-500ml-aplicacao.webp | https://lojas.avilaops.com/uploads/brilhax/20260921-vonixx-strike-500ml-verso-rotulo.webp | https://lojas.avilaops.com/uploads/brilhax/20260921-vonixx-strike-500ml-gatilho.webp | https://lojas.avilaops.com/uploads/brilhax/20260921-vonixx-strike-500ml-rotulo-superior.webp | https://lojas.avilaops.com/uploads/brilhax/20260921-vonixx-strike-500ml-rotulo-completo.webp | https://lojas.avilaops.com/uploads/brilhax/20260921-vonixx-strike-500ml-aplicacao-painel.webp | https://lojas.avilaops.com/uploads/brilhax/20260921-vonixx-strike-500ml-detalhe-verso.webp | https://lojas.avilaops.com/uploads/brilhax/20260921-vonixx-strike-500ml-aplicacao-lateral.webp;96;1179;19;"Cor; Base; Odor; Tipo; Diluição; Volume (ml); Aplicação; Repeticao; Precauções; Superfícies indicadas; Estado fisico; Solubilidade; Armazenamento; Uso recomendado; Classificacao fds; Codigo fabricante; Densidade relativa; Primeiros socorros; Teste de compatibilidade";7898511030158;válido;74,22;;não controlado (snapshot 12/09);InStock;ativo;Fotos inacessíveis ao público: /uploads responde HTTP 500 (corrigido no PR #34, aguardando deploy);;"Peso e dimensões da embalagem de envio (nenhum item no feed tem shipping_weight) • Controle de estoque: snapshot de 12/09 mostra estoque não controlado; página e feed dizem 'em estoque'";"Ficha/descrição já publicadas (textos atribuídos ao fabricante Vonixx); FDS citada na própria ficha";Conferido: título, marca, GTIN, preço, disponibilidade e categoria idênticos entre card, página, JSON-LD e feed • Rótulos da ficha acentuados pelo código (PR #34) • Código exibido passa a ser rotulado 'EAN' (PR #34);Texto/preço/identificadores conferidos em 28/09. Foto: não conferida visualmente — rota de imagens fora do ar e sem cópia local;Pendente — foto
32;cmtv7ce7s00c4pd01jaim5ysf;7898511030585;7898511030585;https://brilhax.com/produtos/v-eco-fast-500ml;Lavagem;manter;2590;2590;Vonixx;V-Eco Fast Vonixx Lavagem sem Enxágue 500 ml;manter;https://lojas.avilaops.com/uploads/brilhax/mtv7ca19-217f7f9d.webp;3;https://lojas.avilaops.com/uploads/brilhax/20260921-v-eco-fast-500ml-oficial-banner.png | https://lojas.avilaops.com/uploads/brilhax/20260921-v-eco-fast-500ml-aplicacao-01.jpg | https://lojas.avilaops.com/uploads/brilhax/20260921-v-eco-fast-500ml-aplicacao-02.jpg;138;1017;19;"pH; Cor; Odor; Tipo; Função; Diluição; Volume (ml); Modo de uso; Benefícios; Composição; Precauções; Superfícies indicadas; Estado fisico; Solubilidade; Armazenamento; Restricoes de uso; Classificacao ghs; Primeiros socorros; Viscosidade dinamica";7898511030585;válido;25,88;;não controlado (snapshot 12/09);InStock;ativo;Fotos inacessíveis ao público: /uploads responde HTTP 500 (corrigido no PR #34, aguardando deploy);;"Peso e dimensões da embalagem de envio (nenhum item no feed tem shipping_weight) • Controle de estoque: snapshot de 12/09 mostra estoque não controlado; página e feed dizem 'em estoque'";"Ficha/descrição já publicadas (textos atribuídos ao fabricante Vonixx); FDS citada na própria ficha";Conferido: título, marca, GTIN, preço, disponibilidade e categoria idênticos entre card, página, JSON-LD e feed • Rótulos da ficha acentuados pelo código (PR #34) • Código exibido passa a ser rotulado 'EAN' (PR #34);Texto/preço/identificadores conferidos em 28/09. Foto: não conferida visualmente — rota de imagens fora do ar e sem cópia local;Pendente — foto
33;cmtv7cdvw00a4pd019epdqjbv;https://uqr.to/jfmn;2011004;https://brilhax.com/produtos/shampoo-v-floc-1-5l-vonixx;Lavagem;manter;2590;2590;Vonixx;V-Floc Vonixx Shampoo Concentrado 1,5 L;manter;https://lojas.avilaops.com/uploads/brilhax/mtv7c6j2-0190f4df.webp;3;https://lojas.avilaops.com/uploads/brilhax/muagfbwm-826ba725.webp | https://lojas.avilaops.com/uploads/brilhax/muagfbgs-d7014d95.webp | https://lojas.avilaops.com/uploads/brilhax/muagfb8x-c18755c1.webp;134;1567;22;"pH; Cor; Odor; Tipo; Linha; Diluição; Volume (ml); Indicação; Modo de uso; Benefícios; Precauções; Rendimento; Superfície indicada; Transporte; Estado fisico; Armazenamento; Miscibilidade; Classificacao ghs; Codigo fabricante; Protecao individual; Estabilidade quimica; Viscosidade dinamica";7898511027097;válido;61,82;;não controlado (snapshot 12/09);InStock;ativo;Fotos inacessíveis ao público: /uploads responde HTTP 500 (corrigido no PR #34, aguardando deploy) • Ficha 'Tipo: Químico' genérica;Código exibido 2011004 (código Vonixx), diferente das outras apresentações que exibem o EAN — padronizar SKU;"Peso e dimensões da embalagem de envio (nenhum item no feed tem shipping_weight) • Controle de estoque: snapshot de 12/09 mostra estoque não controlado; página e feed dizem 'em estoque'";"Ficha/descrição já publicadas (textos atribuídos ao fabricante Vonixx); FDS citada na própria ficha";"Conferido: título, marca, GTIN, preço, disponibilidade e categoria idênticos entre card, página, JSON-LD e feed • Rótulos da ficha acentuados pelo código (PR #34) • Alteração de dados PROPOSTA (não aplicada; ver alteracoes-propostas.json)";Texto/preço/identificadores conferidos em 28/09. Foto: não conferida visualmente — rota de imagens fora do ar e sem cópia local;Pendente — foto + dados propostos + confirmação
34;cmtv7ce9900ccpd016awooq9x;7898511032886;7898511032886;https://brilhax.com/produtos/v-floc-5l;Lavagem;manter;2590;2590;Vonixx;V-Floc Vonixx Shampoo Concentrado 5 L;manter;https://lojas.avilaops.com/uploads/brilhax/20260921-vonixx-vfloc-5l-packshot-oficial.webp;2;https://lojas.avilaops.com/uploads/brilhax/mtv7caxc-4b641024.webp | https://lojas.avilaops.com/uploads/brilhax/mtv7cb4l-73c7daa5.webp;110;1067;19;"pH; Cor; Odor; Tipo; Marca; Diluição; Volume (ml); Modo de uso; Benefícios; Precauções; Rendimento; Superfícies indicadas; Estado fisico; Solubilidade; Armazenamento; Classificacao fds; Codigo fabricante; Primeiros socorros; Viscosidade dinamica";7898511032886;válido;135,71;;não controlado (snapshot 12/09);InStock;ativo;Fotos inacessíveis ao público: /uploads responde HTTP 500 (corrigido no PR #34, aguardando deploy) • Frete cotado sem peso real (5 L);;"Peso e dimensões da embalagem de envio (nenhum item no feed tem shipping_weight) • Controle de estoque: snapshot de 12/09 mostra estoque não controlado; página e feed dizem 'em estoque'";"Ficha/descrição já publicadas (textos atribuídos ao fabricante Vonixx); FDS citada na própria ficha";Conferido: título, marca, GTIN, preço, disponibilidade e categoria idênticos entre card, página, JSON-LD e feed • Rótulos da ficha acentuados pelo código (PR #34) • Código exibido passa a ser rotulado 'EAN' (PR #34);Texto/preço/identificadores conferidos em 28/09. Foto: não conferida visualmente — rota de imagens fora do ar e sem cópia local;Pendente — foto
35;cmtv7ce8s00capd01bsjytczd;7898511030653;7898511030653;https://brilhax.com/produtos/v-floc-500ml;Lavagem;manter;2590;2590;Vonixx;V-Floc Vonixx Shampoo Concentrado 500 ml;manter;https://lojas.avilaops.com/uploads/brilhax/mtv7cape-53a63367.webp;3;https://lojas.avilaops.com/uploads/brilhax/20260921-vonixx-v-floc-lavagem-luva-microfibra-01.jpg | https://lojas.avilaops.com/uploads/brilhax/20260921-vonixx-v-floc-lavagem-microfibra-02.jpg | https://lojas.avilaops.com/uploads/brilhax/20260921-vonixx-v-floc-diluicao-500ml.jpg;99;779;17;"pH; Cor; Tipo; Função; Diluição; Volume (ml); Aparencia; Modo de uso; Benefícios; Composição; Fragrancia; Precauções; Rendimento; Superfícies indicadas; Viscosidade; Poder limpeza; Solubilidade";7898511030653;válido;31,40;;não controlado (snapshot 12/09);InStock;ativo;Fotos inacessíveis ao público: /uploads responde HTTP 500 (corrigido no PR #34, aguardando deploy);;"Peso e dimensões da embalagem de envio (nenhum item no feed tem shipping_weight) • Controle de estoque: snapshot de 12/09 mostra estoque não controlado; página e feed dizem 'em estoque'";"Ficha/descrição já publicadas (textos atribuídos ao fabricante Vonixx); FDS citada na própria ficha";Conferido: título, marca, GTIN, preço, disponibilidade e categoria idênticos entre card, página, JSON-LD e feed • Rótulos da ficha acentuados pelo código (PR #34) • Código exibido passa a ser rotulado 'EAN' (PR #34);Texto/preço/identificadores conferidos em 28/09. Foto: não conferida visualmente — rota de imagens fora do ar e sem cópia local;Pendente — foto
36;cmtv7ce9y00cepd01a6bytzl2;7898511033463;7898511033463;https://brilhax.com/produtos/v-mol-1-5l;Lavagem;manter;2590;2590;Vonixx;V-Mol Vonixx Shampoo Desincrustante 1,5 L;manter;https://lojas.avilaops.com/uploads/brilhax/mtv7cbia-cb0c3f43.webp;0;;122;966;19;"pH; Cor; Odor; Tipo; Marca; Diluição; Volume (ml); Indicação; Modo de uso; Precauções; Superfícies indicadas; Estado fisico; Solubilidade; Armazenamento; Classificacao fds; Codigo fabricante; Primeiros socorros; Biodegradabilidade; Viscosidade dinamica";7898511033463;válido;48,21;;não controlado (snapshot 12/09);InStock;ativo;Fotos inacessíveis ao público: /uploads responde HTTP 500 (corrigido no PR #34, aguardando deploy) • Uma única foto (aviso do próprio diagnóstico da plataforma);;"Peso e dimensões da embalagem de envio (nenhum item no feed tem shipping_weight) • Controle de estoque: snapshot de 12/09 mostra estoque não controlado; página e feed dizem 'em estoque'";"Ficha/descrição já publicadas (textos atribuídos ao fabricante Vonixx); FDS citada na própria ficha";Conferido: título, marca, GTIN, preço, disponibilidade e categoria idênticos entre card, página, JSON-LD e feed • Rótulos da ficha acentuados pelo código (PR #34) • Código exibido passa a ser rotulado 'EAN' (PR #34);Texto/preço/identificadores conferidos em 28/09. Foto: não conferida visualmente — rota de imagens fora do ar e sem cópia local;Pendente — foto
37;cmtv7ceck00cspd017zxputqf;https://uqr.to/1pftg;2050427;https://brilhax.com/produtos/vexus-1-5l-vonixx;Lavagem;manter;2590;2590;Vonixx;Vexus Vonixx Limpador de Rodas e Motores 1,5 L;manter;https://lojas.avilaops.com/uploads/brilhax/fonte-92b676be75bc78d6c0915646.png;2;https://lojas.avilaops.com/uploads/brilhax/fonte-932f62901315271a84049396.png | https://lojas.avilaops.com/uploads/brilhax/fonte-c633ddec3872cb65a924921a.png;112;996;20;"pH; Cor; Odor; Tipo; Volume (ml); Aplicação; Indicação; Modo de uso; Precauções; Transporte; Superfícies indicadas; Armazenamento; Miscibilidade; Estado físico; Não aplicar em; Código do fabricante; Telefone de emergência; Classificação de perigos; Primeiros socorros para contato com a pele; Primeiros socorros para contato com os olhos";7898511039489;válido;45,39;;não controlado (snapshot 12/09);InStock;ativo;Fotos inacessíveis ao público: /uploads responde HTTP 500 (corrigido no PR #34, aguardando deploy);"Ficha diz 'Não classificado como perigoso para transporte' e, ao mesmo tempo, 'corrosivo 1C (H314)'; conferir FDS • Código exibido 2050427 (código Vonixx) — padronizar SKU";"Peso e dimensões da embalagem de envio (nenhum item no feed tem shipping_weight) • Controle de estoque: snapshot de 12/09 mostra estoque não controlado; página e feed dizem 'em estoque'";"Ficha/descrição já publicadas (textos atribuídos ao fabricante Vonixx); FDS citada na própria ficha";Conferido: título, marca, GTIN, preço, disponibilidade e categoria idênticos entre card, página, JSON-LD e feed;Texto/preço/identificadores conferidos em 28/09. Foto: não conferida visualmente — rota de imagens fora do ar e sem cópia local;Pendente — foto + confirmação
38;cmtv7ced200cupd01o74c6rjy;7898511037508;7898511037508;https://brilhax.com/produtos/vexus-500ml;Lavagem;manter;2590;2590;Vonixx;Vexus Vonixx Limpador de Rodas e Motores 500 ml;manter;https://lojas.avilaops.com/uploads/brilhax/mtv7cc94-aca3d331.webp;3;https://lojas.avilaops.com/uploads/brilhax/mua5efro-3b275c11.webp | https://lojas.avilaops.com/uploads/brilhax/vexus-500ml-aplicacao.jpg | https://lojas.avilaops.com/uploads/brilhax/vexus-500ml-roda.jpg;167;932;14;"pH; Cor; Odor; Tipo; Função; Diluição; Volume (ml); Modo de uso; Precauções; Superfícies indicadas; Estado fisico; Solubilidade; Restricoes de uso; Classificacao fds";7898511037508;válido;33,09;;não controlado (snapshot 12/09);InStock;ativo;Fotos inacessíveis ao público: /uploads responde HTTP 500 (corrigido no PR #34, aguardando deploy);FDS: corrosivo 1C (H314) — confirmar classe de transporte;"Peso e dimensões da embalagem de envio (nenhum item no feed tem shipping_weight) • Controle de estoque: snapshot de 12/09 mostra estoque não controlado; página e feed dizem 'em estoque'";"Ficha/descrição já publicadas (textos atribuídos ao fabricante Vonixx); FDS citada na própria ficha";Conferido: título, marca, GTIN, preço, disponibilidade e categoria idênticos entre card, página, JSON-LD e feed • Rótulos da ficha acentuados pelo código (PR #34) • Código exibido passa a ser rotulado 'EAN' (PR #34);Texto/preço/identificadores conferidos em 28/09. Foto: Adicionais 2–3 conferidas: frasco verde Vexus Vonixx com gatilho — confere;Pendente — foto + confirmação
39;cmtv7ccjx001mpd01vznnvmq5;WP-501;WP-501;https://brilhax.com/produtos/boina-arctic-wool-133mm-ventilado;Polimento;manter;2590;2895;Wolf Pads;Boina Arctic Wool Wolf Pads 133 mm Ventilada;manter;https://lojas.avilaops.com/uploads/brilhax/fonte-0a0092a010bb265629b536e1.webp;2;https://lojas.avilaops.com/uploads/brilhax/20260921-wolfpads-arctic-wool-133-frente-embalagem.webp | https://lojas.avilaops.com/uploads/brilhax/20260921-wolfpads-arctic-wool-133-verso.webp;135;1049;16;"Tipo; Fixacao; Limpeza; Secagem; Precaucao; Seguranca; Composição; Diametro mm; Tecnologia; Diametro pol; Superfícies indicadas; Placa de apoio; Armazenamento; Etapa polimento; Compatibilidade; Codigo fabricante";;ausente;56,87;;não controlado (snapshot 12/09);InStock;ativo;Fotos inacessíveis ao público: /uploads responde HTTP 500 (corrigido no PR #34, aguardando deploy) • Categoria Google 2590 → 2895 (Limpeza de veículos) — corrigido no código (PR #34);"Preço (R$ 56,87) maior que a versão 152 mm (R$ 56,39); confirmar tabela";"GTIN (fabricante não publicou; se não existir, declarar ausência com MPN = código WP) • Peso e dimensões da embalagem de envio (nenhum item no feed tem shipping_weight) • Controle de estoque: snapshot de 12/09 mostra estoque não controlado; página e feed dizem 'em estoque'";Wolf Pads — imagens e textos do fornecedor (arquivos 'fonte-*'), código WP-xxx;Conferido: título, marca, GTIN, preço, disponibilidade e categoria idênticos entre card, página, JSON-LD e feed • Categoria Google corrigida no código • Rótulos da ficha acentuados pelo código (PR #34);"Texto/preço/identificadores conferidos em 28/09. Foto: Principal conferida (1080×1080): cor, material e formato conferem com a linha do título; a foto não prova o diâmetro — 133 e 152 mm têm imagens do mesmo enquadramento";Pendente — foto + confirmação
40;cmtv7cckn001qpd0183aov748;WP-503;WP-503;https://brilhax.com/produtos/boina-arctic-wool-c-interface-de-espuma-133mm-5-25pol-ventilado;Polimento;manter;2590;2895;Wolf Pads;Boina Arctic Wool Wolf Pads 133 mm com Interface;manter;https://lojas.avilaops.com/uploads/brilhax/fonte-6e4c4b3fcde845f78d0f7f7e.webp;2;https://lojas.avilaops.com/uploads/brilhax/20260921-wolfpads-arctic-wool-interface-133-pair.webp | https://lojas.avilaops.com/uploads/brilhax/20260921-wolfpads-arctic-wool-interface-133-side.webp;109;1078;16;"Tipo; Fixacao; Limpeza; Secagem; Interface; Precaucao; Seguranca; Composição; Diametro mm; Diametro pol; Superfícies indicadas; Placa de apoio; Armazenamento; Etapa polimento; Compatibilidade; Codigo fabricante";;ausente;70,05;;não controlado (snapshot 12/09);InStock;ativo;Fotos inacessíveis ao público: /uploads responde HTTP 500 (corrigido no PR #34, aguardando deploy) • Categoria Google 2590 → 2895 (Limpeza de veículos) — corrigido no código (PR #34);;"GTIN (fabricante não publicou; se não existir, declarar ausência com MPN = código WP) • Peso e dimensões da embalagem de envio (nenhum item no feed tem shipping_weight) • Controle de estoque: snapshot de 12/09 mostra estoque não controlado; página e feed dizem 'em estoque'";Wolf Pads — imagens e textos do fornecedor (arquivos 'fonte-*'), código WP-xxx;Conferido: título, marca, GTIN, preço, disponibilidade e categoria idênticos entre card, página, JSON-LD e feed • Categoria Google corrigida no código • Rótulos da ficha acentuados pelo código (PR #34);"Texto/preço/identificadores conferidos em 28/09. Foto: Principal conferida (1080×1080): cor, material e formato conferem com a linha do título; a foto não prova o diâmetro — 133 e 152 mm têm imagens do mesmo enquadramento";Pendente — foto + confirmação
41;cmtv7cckc001opd019f4uey9n;WP-601;WP-601;https://brilhax.com/produtos/boina-arctic-wool-152mm-ventilado;Polimento;manter;2590;2895;Wolf Pads;Boina Arctic Wool Wolf Pads 152 mm Ventilada;manter;https://lojas.avilaops.com/uploads/brilhax/fonte-d21ded49332c91ec526f5ed0.webp;2;https://lojas.avilaops.com/uploads/brilhax/20260921-wolfpads-arctic-wool-152-frente-embalagem.webp | https://lojas.avilaops.com/uploads/brilhax/20260921-wolfpads-arctic-wool-152-verso.webp;124;1050;16;"Tipo; Fixacao; Limpeza; Secagem; Precaucao; Seguranca; Composição; Diametro mm; Tecnologia; Diametro pol; Superfícies indicadas; Placa de apoio; Armazenamento; Etapa polimento; Compatibilidade; Codigo fabricante";;ausente;56,39;;não controlado (snapshot 12/09);InStock;ativo;Fotos inacessíveis ao público: /uploads responde HTTP 500 (corrigido no PR #34, aguardando deploy) • Categoria Google 2590 → 2895 (Limpeza de veículos) — corrigido no código (PR #34);"Preço menor que a versão 133 mm; confirmar tabela";"GTIN (fabricante não publicou; se não existir, declarar ausência com MPN = código WP) • Peso e dimensões da embalagem de envio (nenhum item no feed tem shipping_weight) • Controle de estoque: snapshot de 12/09 mostra estoque não controlado; página e feed dizem 'em estoque'";Wolf Pads — imagens e textos do fornecedor (arquivos 'fonte-*'), código WP-xxx;Conferido: título, marca, GTIN, preço, disponibilidade e categoria idênticos entre card, página, JSON-LD e feed • Categoria Google corrigida no código • Rótulos da ficha acentuados pelo código (PR #34);"Texto/preço/identificadores conferidos em 28/09. Foto: Principal conferida (1080×1080): cor, material e formato conferem com a linha do título; a foto não prova o diâmetro — 133 e 152 mm têm imagens do mesmo enquadramento";Pendente — foto + confirmação
42;cmtv7cckw001spd019vsk8jhk;WP-603;WP-603;https://brilhax.com/produtos/boina-arctic-wool-c-interface-de-espuma-152mm-6pol-ventilado;Polimento;manter;2590;2895;Wolf Pads;Boina Arctic Wool Wolf Pads 152 mm com Interface;manter;https://lojas.avilaops.com/uploads/brilhax/fonte-68e09a5bb36e830853fd9938.webp;3;https://lojas.avilaops.com/uploads/brilhax/20260921-wolfpads-arctic-wool-interface-152-embalagem.webp | https://lojas.avilaops.com/uploads/brilhax/20260921-wolfpads-arctic-wool-interface-152-par.webp | https://lojas.avilaops.com/uploads/brilhax/20260921-wolfpads-arctic-wool-interface-152-side.webp;109;1075;16;"Tipo; Fixacao; Limpeza; Secagem; Interface; Precaucao; Seguranca; Composição; Diametro mm; Diametro pol; Superfícies indicadas; Placa de apoio; Armazenamento; Etapa polimento; Compatibilidade; Codigo fabricante";;ausente;74,70;;não controlado (snapshot 12/09);InStock;ativo;Fotos inacessíveis ao público: /uploads responde HTTP 500 (corrigido no PR #34, aguardando deploy) • Categoria Google 2590 → 2895 (Limpeza de veículos) — corrigido no código (PR #34);;"GTIN (fabricante não publicou; se não existir, declarar ausência com MPN = código WP) • Peso e dimensões da embalagem de envio (nenhum item no feed tem shipping_weight) • Controle de estoque: snapshot de 12/09 mostra estoque não controlado; página e feed dizem 'em estoque'";Wolf Pads — imagens e textos do fornecedor (arquivos 'fonte-*'), código WP-xxx;Conferido: título, marca, GTIN, preço, disponibilidade e categoria idênticos entre card, página, JSON-LD e feed • Categoria Google corrigida no código • Rótulos da ficha acentuados pelo código (PR #34);"Texto/preço/identificadores conferidos em 28/09. Foto: Principal conferida (1080×1080): cor, material e formato conferem com a linha do título; a foto não prova o diâmetro — 133 e 152 mm têm imagens do mesmo enquadramento";Pendente — foto + confirmação
43;cmtv7ccl7001upd01dqnqz20s;WP-502;WP-502;https://brilhax.com/produtos/boina-golden-wool-133mm-ventilado;Polimento;manter;2590;2895;Wolf Pads;Boina Golden Wool Wolf Pads 133 mm Ventilada;manter;https://lojas.avilaops.com/uploads/brilhax/fonte-27af79764265e4be1ca3da55.webp;3;https://lojas.avilaops.com/uploads/brilhax/20260921-wolfpads-golden-wool-133-frente-embalagem.webp | https://lojas.avilaops.com/uploads/brilhax/20260921-wolfpads-golden-wool-133mm-faces-de-la.webp | https://lojas.avilaops.com/uploads/brilhax/20260921-wolfpads-golden-wool-133mm-base-velcro.webp;136;1107;19;"Tipo; Fixacao; Limpeza; Secagem; Modo de uso; Precaucao; Seguranca; Composição; Diametro mm; Tecnologia; Diametro pol; Performance; Superfícies indicadas; Placa de apoio; Armazenamento; Etapa polimento; Compatibilidade; Codigo fabricante; Limite uso roto orbital";7898970675075;válido;62,51;;não controlado (snapshot 12/09);InStock;ativo;Fotos inacessíveis ao público: /uploads responde HTTP 500 (corrigido no PR #34, aguardando deploy) • Categoria Google 2590 → 2895 (Limpeza de veículos) — corrigido no código (PR #34);;"Peso e dimensões da embalagem de envio (nenhum item no feed tem shipping_weight) • Controle de estoque: snapshot de 12/09 mostra estoque não controlado; página e feed dizem 'em estoque'";"Wolf Pads — imagens e textos do fornecedor (arquivos 'fonte-*'), código WP-xxx; GTIN 7898970675075 no cadastro";Conferido: título, marca, GTIN, preço, disponibilidade e categoria idênticos entre card, página, JSON-LD e feed • Categoria Google corrigida no código • Rótulos da ficha acentuados pelo código (PR #34);"Texto/preço/identificadores conferidos em 28/09. Foto: Principal conferida (1080×1080): cor, material e formato conferem com a linha do título; a foto não prova o diâmetro — 133 e 152 mm têm imagens do mesmo enquadramento";Pendente — foto
44;cmtv7cclp001ypd01g451koqu;WP-504;WP-504;https://brilhax.com/produtos/boina-golden-wool-c-interface-de-espuma-133mm-5-25pol-ventilado;Polimento;manter;2590;2895;Wolf Pads;Boina Golden Wool Wolf Pads 133 mm com Interface;manter;https://lojas.avilaops.com/uploads/brilhax/fonte-a5ab26f4fc702e27d229055d.webp;5;https://lojas.avilaops.com/uploads/brilhax/20260921-wolfpads-golden133-interface-1.webp | https://lojas.avilaops.com/uploads/brilhax/20260921-wolfpads-golden133-interface-2.webp | https://lojas.avilaops.com/uploads/brilhax/20260921-wolfpads-golden133-interface-3.webp | https://lojas.avilaops.com/uploads/brilhax/20260921-wolfpads-golden133-interface-4.webp | https://lojas.avilaops.com/uploads/brilhax/20260921-wolfpads-golden133-interface-5.webp;97;979;14;"Tipo; Etapa; Linha; Fixacao; Cuidados; Interface; Resultado; Composição; Diametro mm; Precauções; Tecnologia; Diametro pol; Compatibilidade; Suporte recomendado";;ausente;76,85;;não controlado (snapshot 12/09);InStock;ativo;Fotos inacessíveis ao público: /uploads responde HTTP 500 (corrigido no PR #34, aguardando deploy) • Categoria Google 2590 → 2895 (Limpeza de veículos) — corrigido no código (PR #34);;"GTIN (fabricante não publicou; se não existir, declarar ausência com MPN = código WP) • Peso e dimensões da embalagem de envio (nenhum item no feed tem shipping_weight) • Controle de estoque: snapshot de 12/09 mostra estoque não controlado; página e feed dizem 'em estoque'";Wolf Pads — imagens e textos do fornecedor (arquivos 'fonte-*'), código WP-xxx;Conferido: título, marca, GTIN, preço, disponibilidade e categoria idênticos entre card, página, JSON-LD e feed • Categoria Google corrigida no código • Rótulos da ficha acentuados pelo código (PR #34);"Texto/preço/identificadores conferidos em 28/09. Foto: Principal conferida (1080×1080): cor, material e formato conferem com a linha do título; a foto não prova o diâmetro — 133 e 152 mm têm imagens do mesmo enquadramento";Pendente — foto + confirmação
45;cmtv7cclh001wpd01s9t0w5rh;WP-602;WP-602;https://brilhax.com/produtos/boina-golden-wool-152mm-ventilado;Polimento;manter;2590;2895;Wolf Pads;Boina Golden Wool Wolf Pads 152 mm Ventilada;manter;https://lojas.avilaops.com/uploads/brilhax/fonte-27ea7e47339b9c6a6259479e.webp;2;https://lojas.avilaops.com/uploads/brilhax/20260921-wolfpads-golden-wool-152-kit.webp | https://lojas.avilaops.com/uploads/brilhax/20260921-wolfpads-golden-wool-152-aplicacao.webp;114;924;14;"Tipo; Etapa; Linha; Fixacao; Cuidados; Resultado; Composição; Diametro mm; Precauções; Tecnologia; Diametro pol; Sku fabricante; Compatibilidade; Suporte recomendado";;ausente;63,44;;não controlado (snapshot 12/09);InStock;ativo;Fotos inacessíveis ao público: /uploads responde HTTP 500 (corrigido no PR #34, aguardando deploy) • Categoria Google 2590 → 2895 (Limpeza de veículos) — corrigido no código (PR #34);;"GTIN (fabricante não publicou; se não existir, declarar ausência com MPN = código WP) • Peso e dimensões da embalagem de envio (nenhum item no feed tem shipping_weight) • Controle de estoque: snapshot de 12/09 mostra estoque não controlado; página e feed dizem 'em estoque'";Wolf Pads — imagens e textos do fornecedor (arquivos 'fonte-*'), código WP-xxx;Conferido: título, marca, GTIN, preço, disponibilidade e categoria idênticos entre card, página, JSON-LD e feed • Categoria Google corrigida no código • Rótulos da ficha acentuados pelo código (PR #34);"Texto/preço/identificadores conferidos em 28/09. Foto: Principal conferida (1080×1080): cor, material e formato conferem com a linha do título; a foto não prova o diâmetro — 133 e 152 mm têm imagens do mesmo enquadramento";Pendente — foto + confirmação
46;cmtv7ccly0020pd01oxjc6zvk;WP-604;WP-604;https://brilhax.com/produtos/boina-golden-wool-c-interface-de-espuma-152mm-6pol-ventilado;Polimento;manter;2590;2895;Wolf Pads;Boina Golden Wool Wolf Pads 152 mm com Interface;manter;https://lojas.avilaops.com/uploads/brilhax/fonte-43d22c63d66732264f575196.webp;5;https://lojas.avilaops.com/uploads/brilhax/20260921-wolfpads-golden152-interface-1.webp | https://lojas.avilaops.com/uploads/brilhax/20260921-wolfpads-golden152-interface-2.webp | https://lojas.avilaops.com/uploads/brilhax/20260921-wolfpads-golden152-interface-3.webp | https://lojas.avilaops.com/uploads/brilhax/20260921-wolfpads-golden152-interface-4.webp | https://lojas.avilaops.com/uploads/brilhax/20260921-wolfpads-golden152-interface-5.webp;94;976;14;"Tipo; Etapa; Linha; Fixacao; Cuidados; Interface; Resultado; Composição; Diametro mm; Precauções; Tecnologia; Diametro pol; Compatibilidade; Suporte recomendado";;ausente;82,98;;não controlado (snapshot 12/09);InStock;ativo;Fotos inacessíveis ao público: /uploads responde HTTP 500 (corrigido no PR #34, aguardando deploy) • Categoria Google 2590 → 2895 (Limpeza de veículos) — corrigido no código (PR #34);;"GTIN (fabricante não publicou; se não existir, declarar ausência com MPN = código WP) • Peso e dimensões da embalagem de envio (nenhum item no feed tem shipping_weight) • Controle de estoque: snapshot de 12/09 mostra estoque não controlado; página e feed dizem 'em estoque'";Wolf Pads — imagens e textos do fornecedor (arquivos 'fonte-*'), código WP-xxx;Conferido: título, marca, GTIN, preço, disponibilidade e categoria idênticos entre card, página, JSON-LD e feed • Categoria Google corrigida no código • Rótulos da ficha acentuados pelo código (PR #34);"Texto/preço/identificadores conferidos em 28/09. Foto: Principal conferida (1080×1080): cor, material e formato conferem com a linha do título; a foto não prova o diâmetro — 133 e 152 mm têm imagens do mesmo enquadramento";Pendente — foto + confirmação
47;cmtv7ccm90022pd01zn4tudtp;WP-505;WP-505;https://brilhax.com/produtos/boina-micro-wolf-133mm-5-25pol-ventilado;Polimento;manter;2590;2895;Wolf Pads;Boina Micro Wolf Wolf Pads 133 mm Ventilada;Boina de Microfibra Micro Wolf 133 mm Ventilada — Wolf Pads;https://lojas.avilaops.com/uploads/brilhax/fonte-df87f85a05bcbb19d3e555d7.webp;4;https://lojas.avilaops.com/uploads/brilhax/muabjlqw-9e985fa2.webp | https://lojas.avilaops.com/uploads/brilhax/muabjm1n-f521d52e.webp | https://lojas.avilaops.com/uploads/brilhax/muabjmce-4647c74f.webp | https://lojas.avilaops.com/uploads/brilhax/muabjmnf-5786d084.webp;116;555;15;"Tipo; Fixacao; Limpeza; Material; Dimensoes; Modo de uso; Acabamento; Composição; Diametro mm; Precauções; Superfície indicada; Ventilacao; Etapa polimento; Diametro polegadas; Compatibilidade maquina";;ausente;70,47;;não controlado (snapshot 12/09);InStock;ativo;Fotos inacessíveis ao público: /uploads responde HTTP 500 (corrigido no PR #34, aguardando deploy) • Título repete 'Wolf' ('Boina Micro Wolf Wolf Pads') • Categoria Google 2590 → 2895 (Limpeza de veículos) — corrigido no código (PR #34);A foto mostra camada laranja entre a microfibra e o velcro (aparência de interface de espuma), mas ficha e título não mencionam interface;"GTIN (fabricante não publicou; se não existir, declarar ausência com MPN = código WP) • Peso e dimensões da embalagem de envio (nenhum item no feed tem shipping_weight) • Controle de estoque: snapshot de 12/09 mostra estoque não controlado; página e feed dizem 'em estoque'";Wolf Pads — imagens e textos do fornecedor (arquivos 'fonte-*'), código WP-xxx;"Conferido: título, marca, GTIN, preço, disponibilidade e categoria idênticos entre card, página, JSON-LD e feed • Categoria Google corrigida no código • Rótulos da ficha acentuados pelo código (PR #34) • Alteração de dados PROPOSTA (não aplicada; ver alteracoes-propostas.json)";Texto/preço/identificadores conferidos em 28/09. Foto: Principal conferida (1080×1080): cor, material e formato conferem com a linha do título;Pendente — foto + dados propostos + confirmação
48;cmtv7ccmm0024pd01tf2oanf9;WP-605;WP-605;https://brilhax.com/produtos/boina-micro-wolf-152mm-6pol-ventilado;Polimento;manter;2590;2895;Wolf Pads;Boina Micro Wolf Wolf Pads 152 mm Ventilada;Boina de Microfibra Micro Wolf 152 mm Ventilada — Wolf Pads;https://lojas.avilaops.com/uploads/brilhax/fonte-94804e91c208a1de98985b99.webp;5;https://lojas.avilaops.com/uploads/brilhax/muabrf0l-89c2b01d.webp | https://lojas.avilaops.com/uploads/brilhax/muabrfbp-2e05e15a.webp | https://lojas.avilaops.com/uploads/brilhax/muabrfmb-c5c4f131.webp | https://lojas.avilaops.com/uploads/brilhax/muabrfwc-5a3ecce4.webp | https://lojas.avilaops.com/uploads/brilhax/muabrg46-2bdb60d7.webp;120;1070;15;"Tipo; Fixacao; Limpeza; Dimensoes; Interface; Modo de uso; Composição; Diametro mm; Precauções; Superfície indicada; Ventilacao; Etapa polimento; Diametro polegadas; Suporte recomendado; Compatibilidade maquina";;ausente;74,70;;não controlado (snapshot 12/09);InStock;ativo;Fotos inacessíveis ao público: /uploads responde HTTP 500 (corrigido no PR #34, aguardando deploy) • Título repete 'Wolf' ('Boina Micro Wolf Wolf Pads') • Categoria Google 2590 → 2895 (Limpeza de veículos) — corrigido no código (PR #34);"Ficha diz 'com interface' / 'Interface: Espuma', mas o título e a versão 133 mm não; confirmar com a Wolf Pads";"GTIN (fabricante não publicou; se não existir, declarar ausência com MPN = código WP) • Peso e dimensões da embalagem de envio (nenhum item no feed tem shipping_weight) • Controle de estoque: snapshot de 12/09 mostra estoque não controlado; página e feed dizem 'em estoque'";Wolf Pads — imagens e textos do fornecedor (arquivos 'fonte-*'), código WP-xxx;"Conferido: título, marca, GTIN, preço, disponibilidade e categoria idênticos entre card, página, JSON-LD e feed • Categoria Google corrigida no código • Rótulos da ficha acentuados pelo código (PR #34) • Alteração de dados PROPOSTA (não aplicada; ver alteracoes-propostas.json)";"Texto/preço/identificadores conferidos em 28/09. Foto: Principal conferida (1080×1080): cor, material e formato conferem com a linha do título; camada laranja visível, coerente com 'Interface: Espuma' da ficha";Pendente — foto + dados propostos + confirmação
49;cmtv7ccye0046pd01aiikzfu3;WP-507;WP-507;https://brilhax.com/produtos/espuma-celeste-medium-azul-foam-pads-133mm-5-25pol-ventilado;Polimento;manter;2590;2895;Wolf Pads;Boina de Espuma Celeste Medium Wolf Pads 133 mm;manter;https://lojas.avilaops.com/uploads/brilhax/fonte-d86b6e7e18693db7066f96a4.webp;3;https://lojas.avilaops.com/uploads/brilhax/20260921-wolfpads-celeste133-1.webp | https://lojas.avilaops.com/uploads/brilhax/20260921-wolfpads-celeste133-2.webp | https://lojas.avilaops.com/uploads/brilhax/20260921-wolfpads-celeste133-4.webp;100;976;15;"Cor; Tipo; Etapa; Linha; Função; Fixacao; Cuidados; Acabamento; Composição; Diametro mm; Precauções; Ventilacao; Diametro pol; Rotativa rpm; Roto orbital";;ausente;65,09;;não controlado (snapshot 12/09);InStock;ativo;Fotos inacessíveis ao público: /uploads responde HTTP 500 (corrigido no PR #34, aguardando deploy) • Categoria Google 2590 → 2895 (Limpeza de veículos) — corrigido no código (PR #34);;"GTIN (fabricante não publicou; se não existir, declarar ausência com MPN = código WP) • Peso e dimensões da embalagem de envio (nenhum item no feed tem shipping_weight) • Controle de estoque: snapshot de 12/09 mostra estoque não controlado; página e feed dizem 'em estoque'";Wolf Pads — imagens e textos do fornecedor (arquivos 'fonte-*'), código WP-xxx;Conferido: título, marca, GTIN, preço, disponibilidade e categoria idênticos entre card, página, JSON-LD e feed • Categoria Google corrigida no código • Rótulos da ficha acentuados pelo código (PR #34);"Texto/preço/identificadores conferidos em 28/09. Foto: Principal conferida (1080×1080): cor, material e formato conferem com a linha do título; a foto não prova o diâmetro — 133 e 152 mm têm imagens do mesmo enquadramento";Pendente — foto + confirmação
50;cmtv7ccyo0048pd01jcxogu4c;WP-607;WP-607;https://brilhax.com/produtos/espuma-celeste-medium-azul-pads-152mm-6pol-ventilado;Polimento;manter;2590;2895;Wolf Pads;Boina de Espuma Celeste Medium Wolf Pads 152 mm;manter;https://lojas.avilaops.com/uploads/brilhax/fonte-83bbb478565b7c4fd908c350.webp;3;https://lojas.avilaops.com/uploads/brilhax/20260921-wolfpads-celeste152-1.webp | https://lojas.avilaops.com/uploads/brilhax/20260921-wolfpads-celeste152-2.webp | https://lojas.avilaops.com/uploads/brilhax/20260921-wolfpads-celeste152-4.webp;97;973;15;"Cor; Tipo; Etapa; Linha; Função; Fixacao; Cuidados; Acabamento; Composição; Diametro mm; Precauções; Ventilacao; Diametro pol; Rotativa rpm; Roto orbital";;ausente;75,89;;não controlado (snapshot 12/09);InStock;ativo;Fotos inacessíveis ao público: /uploads responde HTTP 500 (corrigido no PR #34, aguardando deploy) • Categoria Google 2590 → 2895 (Limpeza de veículos) — corrigido no código (PR #34);;"GTIN (fabricante não publicou; se não existir, declarar ausência com MPN = código WP) • Peso e dimensões da embalagem de envio (nenhum item no feed tem shipping_weight) • Controle de estoque: snapshot de 12/09 mostra estoque não controlado; página e feed dizem 'em estoque'";Wolf Pads — imagens e textos do fornecedor (arquivos 'fonte-*'), código WP-xxx;Conferido: título, marca, GTIN, preço, disponibilidade e categoria idênticos entre card, página, JSON-LD e feed • Categoria Google corrigida no código • Rótulos da ficha acentuados pelo código (PR #34);"Texto/preço/identificadores conferidos em 28/09. Foto: Principal conferida (1080×1080): cor, material e formato conferem com a linha do título; a foto não prova o diâmetro — 133 e 152 mm têm imagens do mesmo enquadramento";Pendente — foto + confirmação
51;cmtv7ccyy004apd01ygiyy912;WP-506;WP-506;https://brilhax.com/produtos/espuma-laranja-one-step-foan-pads-133mm-5-25pol-ventilado;Polimento;manter;2590;2895;Wolf Pads;Boina de Espuma Laranja One Step Wolf Pads 133 mm;manter;https://lojas.avilaops.com/uploads/brilhax/fonte-a40aafbf876b1e9a108dd763.webp;3;https://lojas.avilaops.com/uploads/brilhax/20260921-wolfpads-onestep133-1.webp | https://lojas.avilaops.com/uploads/brilhax/20260921-wolfpads-onestep133-3.webp | https://lojas.avilaops.com/uploads/brilhax/20260921-wolfpads-onestep133-4.webp;102;930;14;"Cor; Tipo; Etapa; Linha; Fixacao; Cuidados; Resultado; Composição; Diametro mm; Precauções; Ventilacao; Diametro pol; Rotativa rpm; Roto orbital";;ausente;65,09;;não controlado (snapshot 12/09);InStock;ativo;Fotos inacessíveis ao público: /uploads responde HTTP 500 (corrigido no PR #34, aguardando deploy) • Categoria Google 2590 → 2895 (Limpeza de veículos) — corrigido no código (PR #34);"Slug com erro de digitação ('foan'); renomear só com 301";"GTIN (fabricante não publicou; se não existir, declarar ausência com MPN = código WP) • Peso e dimensões da embalagem de envio (nenhum item no feed tem shipping_weight) • Controle de estoque: snapshot de 12/09 mostra estoque não controlado; página e feed dizem 'em estoque'";Wolf Pads — imagens e textos do fornecedor (arquivos 'fonte-*'), código WP-xxx;Conferido: título, marca, GTIN, preço, disponibilidade e categoria idênticos entre card, página, JSON-LD e feed • Categoria Google corrigida no código • Rótulos da ficha acentuados pelo código (PR #34);"Texto/preço/identificadores conferidos em 28/09. Foto: Principal conferida (1080×1080): cor, material e formato conferem com a linha do título; a foto não prova o diâmetro — 133 e 152 mm têm imagens do mesmo enquadramento";Pendente — foto + confirmação
52;cmtv7ccz8004cpd01m856go4e;WP-606;WP-606;https://brilhax.com/produtos/espuma-laranja-one-step-pad-152mm-6pol-ventilado;Polimento;manter;2590;2895;Wolf Pads;Boina de Espuma Laranja One Step Wolf Pads 152 mm;manter;https://lojas.avilaops.com/uploads/brilhax/fonte-0896a6534c3459600a16ab5e.webp;3;https://lojas.avilaops.com/uploads/brilhax/20260921-wolfpads-onestep152-1.webp | https://lojas.avilaops.com/uploads/brilhax/20260921-wolfpads-onestep152-3.webp | https://lojas.avilaops.com/uploads/brilhax/20260921-wolfpads-onestep152-4.webp;99;927;14;"Cor; Tipo; Etapa; Linha; Fixacao; Cuidados; Resultado; Composição; Diametro mm; Precauções; Ventilacao; Diametro pol; Rotativa rpm; Roto orbital";;ausente;75,89;;não controlado (snapshot 12/09);InStock;ativo;Fotos inacessíveis ao público: /uploads responde HTTP 500 (corrigido no PR #34, aguardando deploy) • Categoria Google 2590 → 2895 (Limpeza de veículos) — corrigido no código (PR #34);;"GTIN (fabricante não publicou; se não existir, declarar ausência com MPN = código WP) • Peso e dimensões da embalagem de envio (nenhum item no feed tem shipping_weight) • Controle de estoque: snapshot de 12/09 mostra estoque não controlado; página e feed dizem 'em estoque'";Wolf Pads — imagens e textos do fornecedor (arquivos 'fonte-*'), código WP-xxx;Conferido: título, marca, GTIN, preço, disponibilidade e categoria idênticos entre card, página, JSON-LD e feed • Categoria Google corrigida no código • Rótulos da ficha acentuados pelo código (PR #34);"Texto/preço/identificadores conferidos em 28/09. Foto: Principal conferida (1080×1080): cor, material e formato conferem com a linha do título; a foto não prova o diâmetro — 133 e 152 mm têm imagens do mesmo enquadramento";Pendente — foto + confirmação
53;cmtv7cczg004epd01ximd3yy7;WP-508;WP-508;https://brilhax.com/produtos/espuma-preta-soft-foam-pads-133mm-5-25pol-ventilado;Polimento;manter;2590;2895;Wolf Pads;Boina de Espuma Preta Soft Wolf Pads 133 mm;manter;https://lojas.avilaops.com/uploads/brilhax/fonte-0c48e4d116367c2ef4c8ae6d.webp;3;https://lojas.avilaops.com/uploads/brilhax/20260921-wolfpads-soft133-1.webp | https://lojas.avilaops.com/uploads/brilhax/20260921-wolfpads-soft133-2.webp | https://lojas.avilaops.com/uploads/brilhax/20260921-wolfpads-soft133-4.webp;90;969;15;"Cor; Tipo; Etapa; Linha; Função; Fixacao; Cuidados; Acabamento; Composição; Diametro mm; Precauções; Ventilacao; Diametro pol; Rotativa rpm; Roto orbital";;ausente;65,09;;não controlado (snapshot 12/09);InStock;ativo;Fotos inacessíveis ao público: /uploads responde HTTP 500 (corrigido no PR #34, aguardando deploy) • Categoria Google 2590 → 2895 (Limpeza de veículos) — corrigido no código (PR #34);;"GTIN (fabricante não publicou; se não existir, declarar ausência com MPN = código WP) • Peso e dimensões da embalagem de envio (nenhum item no feed tem shipping_weight) • Controle de estoque: snapshot de 12/09 mostra estoque não controlado; página e feed dizem 'em estoque'";Wolf Pads — imagens e textos do fornecedor (arquivos 'fonte-*'), código WP-xxx;Conferido: título, marca, GTIN, preço, disponibilidade e categoria idênticos entre card, página, JSON-LD e feed • Categoria Google corrigida no código • Rótulos da ficha acentuados pelo código (PR #34);"Texto/preço/identificadores conferidos em 28/09. Foto: Principal conferida (1080×1080): cor, material e formato conferem com a linha do título; a foto não prova o diâmetro — 133 e 152 mm têm imagens do mesmo enquadramento";Pendente — foto + confirmação
54;cmtv7cczr004gpd01a2k7o1f3;WP-608;WP-608;https://brilhax.com/produtos/espuma-preta-soft-pad-152mm-6pol-ventilado;Polimento;manter;2590;2895;Wolf Pads;Boina de Espuma Preta Soft Wolf Pads 152 mm;manter;https://lojas.avilaops.com/uploads/brilhax/fonte-b59031315ca548f41ff079e4.webp;3;https://lojas.avilaops.com/uploads/brilhax/20260921-wolfpads-soft152-1.webp | https://lojas.avilaops.com/uploads/brilhax/20260921-wolfpads-soft152-2.webp | https://lojas.avilaops.com/uploads/brilhax/20260921-wolfpads-soft152-4.webp;87;966;15;"Cor; Tipo; Etapa; Linha; Função; Fixacao; Cuidados; Acabamento; Composição; Diametro mm; Precauções; Ventilacao; Diametro pol; Rotativa rpm; Roto orbital";;ausente;75,89;;não controlado (snapshot 12/09);InStock;ativo;Fotos inacessíveis ao público: /uploads responde HTTP 500 (corrigido no PR #34, aguardando deploy) • Categoria Google 2590 → 2895 (Limpeza de veículos) — corrigido no código (PR #34);;"GTIN (fabricante não publicou; se não existir, declarar ausência com MPN = código WP) • Peso e dimensões da embalagem de envio (nenhum item no feed tem shipping_weight) • Controle de estoque: snapshot de 12/09 mostra estoque não controlado; página e feed dizem 'em estoque'";Wolf Pads — imagens e textos do fornecedor (arquivos 'fonte-*'), código WP-xxx;Conferido: título, marca, GTIN, preço, disponibilidade e categoria idênticos entre card, página, JSON-LD e feed • Categoria Google corrigida no código • Rótulos da ficha acentuados pelo código (PR #34);"Texto/preço/identificadores conferidos em 28/09. Foto: Principal conferida (1080×1080): cor, material e formato conferem com a linha do título; a foto não prova o diâmetro — 133 e 152 mm têm imagens do mesmo enquadramento";Pendente — foto + confirmação
55;cmtv7cddw006ypd01y5mo0rsa;7898511032909;7898511032909;https://brilhax.com/produtos/makker-500ml;Polimento;manter;2590;2643;Vonixx;Makker 2.0 Vonixx Maquiador Automotivo 500 ml;manter;https://lojas.avilaops.com/uploads/brilhax/mtv7bywy-7e1c1994.webp;2;https://lojas.avilaops.com/uploads/brilhax/makker-500ml-uso-pintura.jpg | https://lojas.avilaops.com/uploads/brilhax/makker-500ml-aplicacao-microfibra.jpg;224;1233;17;"Cor; Odor; Tipo; Função; Diluição; Volume (ml); Indicação; Modo de uso; Precauções; Superfícies indicadas; Durabilidade; Estado fisico; Restricoes de uso; Classificacao ghs; Densidade relativa; Solubilidade em agua; Viscosidade cinematica";7898511032909;válido;62,03;;não controlado (snapshot 12/09);InStock;ativo;Fotos inacessíveis ao público: /uploads responde HTTP 500 (corrigido no PR #34, aguardando deploy) • Categoria Google 2590 → 2643 (Ceras, graxas e protetores) — corrigido no código (PR #34);;"Peso e dimensões da embalagem de envio (nenhum item no feed tem shipping_weight) • Controle de estoque: snapshot de 12/09 mostra estoque não controlado; página e feed dizem 'em estoque'";"Ficha/descrição já publicadas (textos atribuídos ao fabricante Vonixx); FDS citada na própria ficha";Conferido: título, marca, GTIN, preço, disponibilidade e categoria idênticos entre card, página, JSON-LD e feed • Categoria Google corrigida no código • Rótulos da ficha acentuados pelo código (PR #34) • Código exibido passa a ser rotulado 'EAN' (PR #34);Texto/preço/identificadores conferidos em 28/09. Foto: Adicionais 1–2 conferidas: frasco Makker Vonixx em uso — confere;Pendente — foto
56;cmtv7cdhi007ipd01rvuag04h;7898511031988;7898511031988;https://brilhax.com/produtos/massa-de-polir-vintex-1-8k;Polimento;manter;2590;2643;Vintex;Massa de Polir Vintex 1,8 kg;manter;https://lojas.avilaops.com/uploads/brilhax/massa-de-polir-vintex-18kg-packshot-confirmado.png;2;https://lojas.avilaops.com/uploads/brilhax/mtv7bz3o-128ee496.webp | https://lojas.avilaops.com/uploads/brilhax/massa-de-polir-vintex-18kg-aplicacao.jpg;191;1175;19;"Cor; Tipo; Função; Empasta; Modo de uso; Acabamento; Precauções; Emissao de po; Peso liquido; Superfícies indicadas; Estado fisico; Poder de corte; Boina indicada; Area de trabalho; Rotacao politriz; Classificacao ghs; Densidade relativa; Solubilidade em agua; Viscosidade dinamica";7898511031988;válido;83,90;;não controlado (snapshot 12/09);InStock;ativo;"Fotos inacessíveis ao público: /uploads responde HTTP 500 (corrigido no PR #34, aguardando deploy) • Imagem adicional 2 com logo de outra loja ('Arthur') no canto; remover • Categoria Google 2590 → 2643 (Ceras, graxas e protetores) — corrigido no código (PR #34)";"Principal tem grafismos de moldura nos cantos (azul-marinho); o Google pede imagem sem borda";"Peso e dimensões da embalagem de envio (nenhum item no feed tem shipping_weight) • Controle de estoque: snapshot de 12/09 mostra estoque não controlado; página e feed dizem 'em estoque'";"Vintex; FDS citada";"Conferido: título, marca, GTIN, preço, disponibilidade e categoria idênticos entre card, página, JSON-LD e feed • Categoria Google corrigida no código • Rótulos da ficha acentuados pelo código (PR #34) • Código exibido passa a ser rotulado 'EAN' (PR #34) • Alteração de dados PROPOSTA (não aplicada; ver alteracoes-propostas.json)";Texto/preço/identificadores conferidos em 28/09. Foto: Principal e adicional 2 conferidas: frasco Vintex Massa de Polir — confere;Pendente — foto + dados propostos + confirmação
57;cmtv7cdhr007kpd01dbd8kbpy;7898511030950;7898511030950;https://brilhax.com/produtos/massa-de-polir-vintex-500ml;Polimento;manter;2590;2643;Vintex;Massa de Polir Vintex 500 ml;manter;https://lojas.avilaops.com/uploads/brilhax/mua7lgte-789ad98c.webp;3;https://lojas.avilaops.com/uploads/brilhax/mtv7bzf6-2dc9aae9.webp | https://lojas.avilaops.com/uploads/brilhax/mua7kycy-cd6ffc5b.webp | https://lojas.avilaops.com/uploads/brilhax/mua7l791-7b53fc89.webp;192;1058;19;"Cor; Tipo; Função; Volume (ml); Densidade; Modo de uso; Acabamento; Ferramenta; Nao empasta; Precauções; Emissao de po; Superfícies indicadas; Viscosidade; Estado fisico; Poder de corte; Area de aplicacao; Boinas indicadas; Ficha de seguranca; Miscibilidade em agua";7898511030950;válido;38,26;;não controlado (snapshot 12/09);InStock;ativo;Fotos inacessíveis ao público: /uploads responde HTTP 500 (corrigido no PR #34, aguardando deploy) • Categoria Google 2590 → 2643 (Ceras, graxas e protetores) — corrigido no código (PR #34);;"Peso e dimensões da embalagem de envio (nenhum item no feed tem shipping_weight) • Controle de estoque: snapshot de 12/09 mostra estoque não controlado; página e feed dizem 'em estoque'";"Vintex; FDS citada";Conferido: título, marca, GTIN, preço, disponibilidade e categoria idênticos entre card, página, JSON-LD e feed • Categoria Google corrigida no código • Rótulos da ficha acentuados pelo código (PR #34) • Código exibido passa a ser rotulado 'EAN' (PR #34);Texto/preço/identificadores conferidos em 28/09. Foto: não conferida visualmente — rota de imagens fora do ar e sem cópia local;Pendente — foto
58;cmtv7cdsb009gpd01duepjroj;7898511030028;7898511030028;https://brilhax.com/produtos/revelax-revelador-de-hologramas-surface-vonixx;Polimento;manter;2590;2590;Vonixx;Revelax Vonixx Revelador de Hologramas 500 ml;manter;https://lojas.avilaops.com/uploads/brilhax/revelax-500ml-frente.jpg;5;https://lojas.avilaops.com/uploads/brilhax/revelax-500ml-packshot.png | https://lojas.avilaops.com/uploads/brilhax/revelax-500ml-verso.jpg | https://lojas.avilaops.com/uploads/brilhax/revelax-500ml-frasco-em-mao.jpg | https://lojas.avilaops.com/uploads/brilhax/revelax-500ml-aplicacao-lateral.jpg | https://lojas.avilaops.com/uploads/brilhax/revelax-500ml-aplicacao-pintura.jpg;146;712;19;"Cor; Odor; Tipo; Função; Volume; Diluição; Modo de uso; Composição; Fabricante; Precauções; Superfícies indicadas; Estado fisico; Solubilidade; Armazenamento; Ponto de fulgor; Classificacao ghs; Densidade relativa; Primeiros socorros; Referencia fabricante";7898511030028;válido;38,99;;não controlado (snapshot 12/09);InStock;ativo;Fotos inacessíveis ao público: /uploads responde HTTP 500 (corrigido no PR #34, aguardando deploy) • Líquido inflamável (FDS) com PAC/SEDEX oferecidos no frete;"Shopee proíbe álcool isopropílico na lista de restritos — confirmar • Adicionais 2–3 fotografadas em prateleira de outra loja; confirmar direito de uso";"Peso e dimensões da embalagem de envio (nenhum item no feed tem shipping_weight) • Controle de estoque: snapshot de 12/09 mostra estoque não controlado; página e feed dizem 'em estoque'";"Ficha/descrição já publicadas (textos atribuídos ao fabricante Vonixx); FDS citada na própria ficha; FDS: isopropanol 30–40%, ponto de fulgor 23–30 °C";Conferido: título, marca, GTIN, preço, disponibilidade e categoria idênticos entre card, página, JSON-LD e feed • Rótulos da ficha acentuados pelo código (PR #34) • Código exibido passa a ser rotulado 'EAN' (PR #34);"Texto/preço/identificadores conferidos em 28/09. Foto: Principal e 5 adicionais conferidas: frasco Revelax Vonixx — confere; adicional 1 tem 500×500 (no limite mínimo)";Pendente — foto + confirmação
59;cmtv7cebv00cmpd012azoeujd;7898511030011;7898511030011;https://brilhax.com/produtos/v40-4em1-500ml;Polimento;manter;2590;2643;Vonixx;V40 Vonixx Polidor 4 em 1 500 ml;manter;https://lojas.avilaops.com/uploads/brilhax/mtv7cc38-2cde8ff3.webp;3;https://lojas.avilaops.com/uploads/brilhax/20260921-v40-500ml-galeria-01.webp | https://lojas.avilaops.com/uploads/brilhax/20260921-v40-500ml-galeria-02.webp | https://lojas.avilaops.com/uploads/brilhax/20260921-v40-500ml-galeria-03.webp;161;1029;20;"Cor; Tipo; Função; Diluição; Volume (ml); Densidade; Indicação; Modo de uso; Composição; Precauções; Transporte; Superfícies indicadas; Estado fisico; Solubilidade; Armazenamento; Restricoes de uso; Classificacao ghs; Etapas do polimento; Primeiros socorros; Viscosidade dinamica";7898511030011;válido;60,95;;não controlado (snapshot 12/09);InStock;ativo;Fotos inacessíveis ao público: /uploads responde HTTP 500 (corrigido no PR #34, aguardando deploy) • Categoria Google 2590 → 2643 (Ceras, graxas e protetores) — corrigido no código (PR #34);;"Peso e dimensões da embalagem de envio (nenhum item no feed tem shipping_weight) • Controle de estoque: snapshot de 12/09 mostra estoque não controlado; página e feed dizem 'em estoque'";"Ficha/descrição já publicadas (textos atribuídos ao fabricante Vonixx); FDS citada na própria ficha";Conferido: título, marca, GTIN, preço, disponibilidade e categoria idênticos entre card, página, JSON-LD e feed • Categoria Google corrigida no código • Rótulos da ficha acentuados pelo código (PR #34) • Código exibido passa a ser rotulado 'EAN' (PR #34);Texto/preço/identificadores conferidos em 28/09. Foto: não conferida visualmente — rota de imagens fora do ar e sem cópia local;Pendente — foto
60;cmtv7cdio007spd01vxtylwc3;7898511031964;7898511031964;https://brilhax.com/produtos/moto-v-lava-motos-500ml;Produtos para Moto;manter;2895;2590;Vonixx;Moto-V Vonixx Shampoo para Motos 500 ml;manter;https://lojas.avilaops.com/uploads/brilhax/mtv7bzmt-14f40ac3.webp;5;https://lojas.avilaops.com/uploads/brilhax/muade2om-810131b7.webp | https://lojas.avilaops.com/uploads/brilhax/muade37o-01b22019.webp | https://lojas.avilaops.com/uploads/brilhax/muade3l1-7936e670.webp | https://lojas.avilaops.com/uploads/brilhax/muade465-afa3ac47.webp | https://lojas.avilaops.com/uploads/brilhax/muade4tn-386968d0.webp;130;814;16;"pH; Cor; Odor; Tipo; Função; Diluição; Sujeiras atendidas; Volume (ml); Indicação; Modo de uso; Precauções; Superfícies indicadas; Estado fisico; Miscibilidade; Classificacao ghs; Viscosidade dinamica";7898511031964;válido;38,20;;não controlado (snapshot 12/09);InStock;ativo;Fotos inacessíveis ao público: /uploads responde HTTP 500 (corrigido no PR #34, aguardando deploy) • Categoria Google 2895 → 2590 (Soluções para limpeza de carro) — corrigido no código (PR #34);;"Peso e dimensões da embalagem de envio (nenhum item no feed tem shipping_weight) • Controle de estoque: snapshot de 12/09 mostra estoque não controlado; página e feed dizem 'em estoque'";"Ficha/descrição já publicadas (textos atribuídos ao fabricante Vonixx); FDS citada na própria ficha";Conferido: título, marca, GTIN, preço, disponibilidade e categoria idênticos entre card, página, JSON-LD e feed • Categoria Google corrigida no código • Rótulos da ficha acentuados pelo código (PR #34) • Código exibido passa a ser rotulado 'EAN' (PR #34);Texto/preço/identificadores conferidos em 28/09. Foto: não conferida visualmente — rota de imagens fora do ar e sem cópia local;Pendente — foto
61;cmtv7ccnv002epd01bihirorf;JARBAS-4acb459c;(oculto — referência interna);https://brilhax.com/produtos/cera-blend-cleaner-carnauba;Proteção;manter;2643;2643;Vonixx;Blend Cleaner Wax Vonixx 500 ml — Cera Limpadora 3 em 1;manter;https://lojas.avilaops.com/uploads/brilhax/brilhax-blend-cleaner-wax-500ml-01.png;5;https://lojas.avilaops.com/uploads/brilhax/brilhax-blend-cleaner-wax-500ml-02.png | https://lojas.avilaops.com/uploads/brilhax/brilhax-blend-cleaner-wax-500ml-03.png | https://lojas.avilaops.com/uploads/brilhax/brilhax-blend-cleaner-wax-500ml-04.png | https://lojas.avilaops.com/uploads/brilhax/brilhax-blend-cleaner-wax-500ml-05.png | https://lojas.avilaops.com/uploads/brilhax/brilhax-blend-cleaner-wax-500ml-06.png;116;1287;27;"Cor; Odor; Tipo; Marca; Função; Volume; Diluição; Modo de uso; Benefícios; Composição; Precauções; Superfícies indicadas; Viscosidade; Durabilidade; Estado fisico; Tempo secagem; Armazenamento; Frase de perigo; Restricao de uso; Frequencia de uso; Aplicacao tecnica; Classificacao ghs; Codigo fabricante; Densidade relativa; Primeiros socorros; Miscibilidade em agua; Palavra de advertencia";;ausente;71,73;;não controlado (snapshot 12/09);InStock;ativo;Fotos inacessíveis ao público: /uploads responde HTTP 500 (corrigido no PR #34, aguardando deploy);;"GTIN • Peso e dimensões da embalagem de envio (nenhum item no feed tem shipping_weight) • Controle de estoque: snapshot de 12/09 mostra estoque não controlado; página e feed dizem 'em estoque'";"Ficha/descrição já publicadas (textos atribuídos ao fabricante Vonixx); FDS citada na própria ficha";Conferido: título, marca, GTIN, preço, disponibilidade e categoria idênticos entre card, página, JSON-LD e feed • Rótulos da ficha acentuados pelo código (PR #34);Texto/preço/identificadores conferidos em 28/09. Foto: Principal conferida (1080×1080): pote Blend Cleaner Wax Vonixx — confere;Pendente — foto + confirmação
62;cmtv7ccji001ipd01f3y3zfzb;7898511030837;7898511030837;https://brilhax.com/produtos/blende-blck-500ml;Proteção;manter;2643;2643;Vonixx;Blend Spray Wax Black Edition Vonixx 500 ml;manter;https://lojas.avilaops.com/uploads/brilhax/blend-spray-black-500ml-foto-oficial.png;3;https://lojas.avilaops.com/uploads/brilhax/mtv7bovv-e3dfd064.webp | https://lojas.avilaops.com/uploads/brilhax/mtv7bp2k-adec859b.webp | https://lojas.avilaops.com/uploads/brilhax/mtv7bp81-6b6f2b0f.webp;112;1124;12;"Tipo; Marca; Diluição; Volume (ml); Modo de uso; Benefícios; Composição; Precauções; Superfícies indicadas; Durabilidade; Restricoes de uso; Primeiros socorros";7898511030837;válido;54,80;;não controlado (snapshot 12/09);InStock;ativo;Fotos inacessíveis ao público: /uploads responde HTTP 500 (corrigido no PR #34, aguardando deploy);"Slug com erros ('blende-blck'); renomear só com 301";"Peso e dimensões da embalagem de envio (nenhum item no feed tem shipping_weight) • Controle de estoque: snapshot de 12/09 mostra estoque não controlado; página e feed dizem 'em estoque'";"Ficha/descrição já publicadas (textos atribuídos ao fabricante Vonixx); FDS citada na própria ficha";Conferido: título, marca, GTIN, preço, disponibilidade e categoria idênticos entre card, página, JSON-LD e feed • Código exibido passa a ser rotulado 'EAN' (PR #34);Texto/preço/identificadores conferidos em 28/09. Foto: não conferida visualmente — rota de imagens fora do ar e sem cópia local;Pendente — foto + confirmação
63;cmtv7ccj4001gpd0134cqvgy1;7898511027578;7898511027578;https://brilhax.com/produtos/blend-spray-500ml;Proteção;manter;2643;2643;Vonixx;Blend Spray Wax Vonixx 500 ml — SiO₂ e Carnaúba;manter;https://lojas.avilaops.com/uploads/brilhax/20260920-vonixx-blend-spray-500ml-oficial.webp;5;https://lojas.avilaops.com/uploads/brilhax/20260921-vonixx-blend-spray-500ml-packshot-oficial.jpg | https://lojas.avilaops.com/uploads/brilhax/20260921-vonixx-blend-spray-aplicacao-com-produto-oficial.png | https://lojas.avilaops.com/uploads/brilhax/20260921-vonixx-blend-spray-aplicacao-microfibra-oficial.png | https://lojas.avilaops.com/uploads/brilhax/20260921-vonixx-blend-spray-hidrorrepelencia-pintura-01.jpg | https://lojas.avilaops.com/uploads/brilhax/20260921-vonixx-blend-spray-hidrorrepelencia-pintura-02.jpg;123;851;8;"Tipo; Função; Cuidados; Volume (ml); Modo de uso; Composição; Superfície indicada; Durabilidade";7898511027578;válido;56,08;;não controlado (snapshot 12/09);InStock;ativo;Fotos inacessíveis ao público: /uploads responde HTTP 500 (corrigido no PR #34, aguardando deploy);;"Peso e dimensões da embalagem de envio (nenhum item no feed tem shipping_weight) • Controle de estoque: snapshot de 12/09 mostra estoque não controlado; página e feed dizem 'em estoque'";"Ficha/descrição já publicadas (textos atribuídos ao fabricante Vonixx); FDS citada na própria ficha";Conferido: título, marca, GTIN, preço, disponibilidade e categoria idênticos entre card, página, JSON-LD e feed • Código exibido passa a ser rotulado 'EAN' (PR #34);Texto/preço/identificadores conferidos em 28/09. Foto: Adicionais 3 e 5 conferidas: fotos de aplicação/hidrorrepelência sem o produto — ilustrativas;Pendente — foto
64;cmtv7ccmv0026pd01cb3byuro;7898511027851;7898511027851;https://brilhax.com/produtos/carnauba-hybrid-wax-240ml;Proteção;manter;2643;2643;Vonixx;Carnaúba Hybrid Wax Vonixx 240 ml;manter;https://lojas.avilaops.com/uploads/brilhax/carnauba-hybrid-wax-240ml-vonixx-oficial-com-aplicador-20260921.png;2;https://lojas.avilaops.com/uploads/brilhax/mtv7bpdn-3544fea8.webp | https://lojas.avilaops.com/uploads/brilhax/mtv7bpl6-42279b79.webp;114;1064;19;"Cor; Odor; Tipo; Marca; Função; Volume (ml); Modo de uso; Pronto uso; Composição; Precauções; Rendimento; Superfícies indicadas; Durabilidade; Estado fisico; Solubilidade; Armazenamento; Restricoes de uso; Classificacao fds; Primeiros socorros";7898511027851;válido;76,08;;não controlado (snapshot 12/09);InStock;ativo;Fotos inacessíveis ao público: /uploads responde HTTP 500 (corrigido no PR #34, aguardando deploy) • Foto principal com 400×348 px, abaixo do mínimo de 500×500 do Google;;"Peso e dimensões da embalagem de envio (nenhum item no feed tem shipping_weight) • Controle de estoque: snapshot de 12/09 mostra estoque não controlado; página e feed dizem 'em estoque'";"Ficha/descrição já publicadas (textos atribuídos ao fabricante Vonixx); FDS citada na própria ficha";Conferido: título, marca, GTIN, preço, disponibilidade e categoria idênticos entre card, página, JSON-LD e feed • Rótulos da ficha acentuados pelo código (PR #34) • Código exibido passa a ser rotulado 'EAN' (PR #34);Texto/preço/identificadores conferidos em 28/09. Foto: Principal conferida: pote Carnaúba Hybrid Wax Vonixx com aplicador — confere;Pendente — foto
65;cmtv7cdnf008mpd01ii3oub02;7898511020630;7898511020630;https://brilhax.com/produtos/plus-cera-carnauba-de-limpeza-cleaner-waz-500ml;Proteção;manter;2643;2643;Vonixx;Carnaúba Plus Vonixx Cleaner Wax 500 ml;manter;https://lojas.avilaops.com/uploads/brilhax/carnauba-plus-500ml-vonixx-packshot-oficial-20260921.png;4;https://lojas.avilaops.com/uploads/brilhax/20260921-vonixx-carnauba-plus-500ml-beneficios-500ml.webp | https://lojas.avilaops.com/uploads/brilhax/20260921-vonixx-carnauba-plus-500ml-acao-limpadora.webp | https://lojas.avilaops.com/uploads/brilhax/20260921-vonixx-carnauba-plus-500ml-detalhe-frente.webp | https://lojas.avilaops.com/uploads/brilhax/20260921-vonixx-carnauba-plus-500ml-frasco-no-carro.webp;99;1009;24;"Cor; Odor; Tipo; Função; Aspecto; Diluição; Volume (ml); Aplicação; Indicação; Modo de uso; Acabamento; Composição; Precauções; Superfície indicada; Durabilidade; Pictogramas ghs; Classificacao ghs; Densidade relativa; Miscibilidade em agua; Palavra de advertencia; Facilidade de aplicacao; Informacoes adicionais; Viscosidade cinematica; Compatibilidade repintura";7898511020630;válido;41,94;;não controlado (snapshot 12/09);InStock;ativo;Fotos inacessíveis ao público: /uploads responde HTTP 500 (corrigido no PR #34, aguardando deploy) • Ficha 'Tipo: Químico' genérica;"Slug com erro ('cleaner-waz'); renomear só com 301";"Peso e dimensões da embalagem de envio (nenhum item no feed tem shipping_weight) • Controle de estoque: snapshot de 12/09 mostra estoque não controlado; página e feed dizem 'em estoque'";"Ficha/descrição já publicadas (textos atribuídos ao fabricante Vonixx); FDS citada na própria ficha";"Conferido: título, marca, GTIN, preço, disponibilidade e categoria idênticos entre card, página, JSON-LD e feed • Rótulos da ficha acentuados pelo código (PR #34) • Código exibido passa a ser rotulado 'EAN' (PR #34) • Alteração de dados PROPOSTA (não aplicada; ver alteracoes-propostas.json)";Texto/preço/identificadores conferidos em 28/09. Foto: não conferida visualmente — rota de imagens fora do ar e sem cópia local;Pendente — foto + dados propostos + confirmação
66;cmtv7ccn40028pd01qgud5lnm;7898511020166;7898511020166;https://brilhax.com/produtos/carnauba-tok-final-500ml;Proteção;manter;2643;2643;Vonixx;Carnaúba Tok Final Vonixx 500 ml;manter;https://lojas.avilaops.com/uploads/brilhax/muaacud9-adfe4713.webp;2;https://lojas.avilaops.com/uploads/brilhax/muaacun5-8cb92f6e.webp | https://lojas.avilaops.com/uploads/brilhax/muaacuvp-da703634.webp;135;1128;17;"Cor; Odor; Tipo; Função; Diluição; Volume (ml); Indicação; Modo de uso; Composição; Ferramenta; Precauções; Superfícies indicadas; Durabilidade; Estado fisico; Solubilidade; Armazenamento; Classificacao ghs";7898511020166;válido;31,93;;não controlado (snapshot 12/09);InStock;ativo;Fotos inacessíveis ao público: /uploads responde HTTP 500 (corrigido no PR #34, aguardando deploy);;"Peso e dimensões da embalagem de envio (nenhum item no feed tem shipping_weight) • Controle de estoque: snapshot de 12/09 mostra estoque não controlado; página e feed dizem 'em estoque'";"Ficha/descrição já publicadas (textos atribuídos ao fabricante Vonixx); FDS citada na própria ficha";Conferido: título, marca, GTIN, preço, disponibilidade e categoria idênticos entre card, página, JSON-LD e feed • Rótulos da ficha acentuados pelo código (PR #34) • Código exibido passa a ser rotulado 'EAN' (PR #34);Texto/preço/identificadores conferidos em 28/09. Foto: não conferida visualmente — rota de imagens fora do ar e sem cópia local;Pendente — foto
67;cmtv7ccqe002upd017yano450;7898511039847;7898511039847;https://brilhax.com/produtos/darker-500ml;Proteção;manter;2643;2643;Vintex;Darker Vintex Preteador de Pneus 500 ml;manter;https://lojas.avilaops.com/uploads/brilhax/20260920-vintex-darker-500ml-01.webp;2;https://lojas.avilaops.com/uploads/brilhax/20260920-vintex-darker-500ml-02.webp | https://lojas.avilaops.com/uploads/brilhax/brilhax-darker-vintex-500ml-aplicacao.jpg;140;1323;22;"pH; Cor; Odor; Tipo; Marca; Volume; Diluição; Aplicação; Modo de uso; Acabamento; Precauções; Superfícies indicadas; Estado fisico; Armazenamento; Pictograma ghs; Características; Classificacao ghs; Codigo fabricante; Densidade relativa; Primeiros socorros; Solubilidade em agua; Palavra de advertencia";7898511039847;válido;31,54;;não controlado (snapshot 12/09);InStock;ativo;Fotos inacessíveis ao público: /uploads responde HTTP 500 (corrigido no PR #34, aguardando deploy);;"Peso e dimensões da embalagem de envio (nenhum item no feed tem shipping_weight) • Controle de estoque: snapshot de 12/09 mostra estoque não controlado; página e feed dizem 'em estoque'";"Vintex; FDS citada";Conferido: título, marca, GTIN, preço, disponibilidade e categoria idênticos entre card, página, JSON-LD e feed • Rótulos da ficha acentuados pelo código (PR #34) • Código exibido passa a ser rotulado 'EAN' (PR #34);Texto/preço/identificadores conferidos em 28/09. Foto: não conferida visualmente — rota de imagens fora do ar e sem cópia local;Pendente — foto
68;cmtv7cd1l004spd01w9ix7x00;JARBAS-bbb73911;(oculto — referência interna);https://brilhax.com/produtos/glazy-anti-fog-500ml;Proteção;manter;2643;2846;Vonixx;Glazy Anti-Fog Vonixx 500 ml;manter;https://lojas.avilaops.com/uploads/brilhax/20260921-vonixx-glazy-anti-fog-500ml-packshot-oficial.webp;2;https://lojas.avilaops.com/uploads/brilhax/mtv7bv6d-299ba29a.webp | https://lojas.avilaops.com/uploads/brilhax/20260921-vonixx-glazy-anti-fog-campanha-oficial.webp;140;1124;18;"Tipo; Marca; Função; Volume (ml); Aparencia; Modo de uso; Pronto uso; Acabamento; Fragrancia; Precauções; Superfícies indicadas; Durabilidade; Solubilidade; Armazenamento; Composicao fds; Classificacao fds; Primeiros socorros; Compatibilidade peliculas";;ausente;48,14;;não controlado (snapshot 12/09);InStock;ativo;Fotos inacessíveis ao público: /uploads responde HTTP 500 (corrigido no PR #34, aguardando deploy) • Categoria Google 2643 → 2846 (Limpadores de vidro) — corrigido no código (PR #34);"Contém isopropanol: confirmar classe de transporte e restrição da Shopee • Categoria 'Proteção' para um limpador de vidros antiembaçante; avaliar 'Lavagem'";"GTIN • Peso e dimensões da embalagem de envio (nenhum item no feed tem shipping_weight) • Controle de estoque: snapshot de 12/09 mostra estoque não controlado; página e feed dizem 'em estoque'";"Ficha/descrição já publicadas (textos atribuídos ao fabricante Vonixx); FDS citada na própria ficha; FDS: álcool isopropílico 25–35%";Conferido: título, marca, GTIN, preço, disponibilidade e categoria idênticos entre card, página, JSON-LD e feed • Categoria Google corrigida no código • Rótulos da ficha acentuados pelo código (PR #34);Texto/preço/identificadores conferidos em 28/09. Foto: não conferida visualmente — rota de imagens fora do ar e sem cópia local;Pendente — foto + confirmação
69;cmtv7cd1z004upd01ucgdyy7j;7898511020159;7898511020159;https://brilhax.com/produtos/hidracouro-500ml;Proteção;manter;2643;2643;Vonixx;Hidracouro Vonixx Condicionador de Couro 500 ml;manter;https://lojas.avilaops.com/uploads/brilhax/mtv7bvqx-80fd0f50.webp;2;https://lojas.avilaops.com/uploads/brilhax/20260921-vonixx-hidracouro-500ml-uso-assento-couro-01.webp | https://lojas.avilaops.com/uploads/brilhax/20260921-vonixx-hidracouro-500ml-uso-assento-couro-02.webp;126;1041;19;"Cor; Odor; Tipo; Marca; Função; Diluição; Volume (ml); Modo de uso; Composição; Precauções; Superfícies indicadas; Durabilidade; Estado fisico; Solubilidade; Armazenamento; Restricoes de uso; Classificacao fds; Primeiros socorros; Viscosidade dinamica";7898511020159;válido;48,28;;não controlado (snapshot 12/09);InStock;ativo;Fotos inacessíveis ao público: /uploads responde HTTP 500 (corrigido no PR #34, aguardando deploy);;"Peso e dimensões da embalagem de envio (nenhum item no feed tem shipping_weight) • Controle de estoque: snapshot de 12/09 mostra estoque não controlado; página e feed dizem 'em estoque'";"Ficha/descrição já publicadas (textos atribuídos ao fabricante Vonixx); FDS citada na própria ficha";Conferido: título, marca, GTIN, preço, disponibilidade e categoria idênticos entre card, página, JSON-LD e feed • Rótulos da ficha acentuados pelo código (PR #34) • Código exibido passa a ser rotulado 'EAN' (PR #34);Texto/preço/identificadores conferidos em 28/09. Foto: não conferida visualmente — rota de imagens fora do ar e sem cópia local;Pendente — foto
70;cmtv7cd3z0056pd01dr8p8jvr;JARBAS-90cb0c6e;(oculto — referência interna);https://brilhax.com/produtos/hydrox-fast-500ml-vonix;Proteção;manter;2643;2643;Vonixx;Hydrox Fast Vonixx Coating Hidrorreativo 500 ml;manter;https://lojas.avilaops.com/uploads/brilhax/mtv7bwn9-74849cf2.webp;3;https://lojas.avilaops.com/uploads/brilhax/muacdh5k-703c391a.webp | https://lojas.avilaops.com/uploads/brilhax/muacdhf8-2f39d4e5.webp | https://lojas.avilaops.com/uploads/brilhax/muacdhs7-213bd6c6.webp;178;1048;20;"pH; Cor; Tipo; Função; Ativacao; Volume (ml); Densidade; Modo de uso; Pronto uso; Acabamento; Precauções; Tecnologia; Superfícies indicadas; Durabilidade; Estado fisico; Armazenamento; Classificacao ghs; Ficha de seguranca; Miscibilidade em agua; Preparacao superficie";7898511022856;válido;53,55;;não controlado (snapshot 12/09);InStock;ativo;Fotos inacessíveis ao público: /uploads responde HTTP 500 (corrigido no PR #34, aguardando deploy);;"Peso e dimensões da embalagem de envio (nenhum item no feed tem shipping_weight) • Controle de estoque: snapshot de 12/09 mostra estoque não controlado; página e feed dizem 'em estoque'";"Ficha/descrição já publicadas (textos atribuídos ao fabricante Vonixx); FDS citada na própria ficha";Conferido: título, marca, GTIN, preço, disponibilidade e categoria idênticos entre card, página, JSON-LD e feed • Rótulos da ficha acentuados pelo código (PR #34);Texto/preço/identificadores conferidos em 28/09. Foto: não conferida visualmente — rota de imagens fora do ar e sem cópia local;Pendente — foto
71;cmtv7cd4i005apd01zj8phmwj;7898511030134;7898511030134;https://brilhax.com/produtos/intense-500ml;Proteção;manter;2643;2643;Vonixx;Intense Vonixx Renovador de Plásticos Internos 500 ml;manter;https://lojas.avilaops.com/uploads/brilhax/mtv7bxbc-49bd1c45.webp;6;https://lojas.avilaops.com/uploads/brilhax/mtv7bxi5-47ad919a.webp | https://lojas.avilaops.com/uploads/brilhax/20260921-vonixx-intense-500ml-situacao-interna.webp | https://lojas.avilaops.com/uploads/brilhax/20260921-vonixx-intense-500ml-uso-com-microfibra.webp | https://lojas.avilaops.com/uploads/brilhax/20260921-vonixx-intense-500ml-aplicacao-pincel.webp | https://lojas.avilaops.com/uploads/brilhax/20260921-vonixx-intense-500ml-frasco-em-mao.webp | https://lojas.avilaops.com/uploads/brilhax/20260921-vonixx-intense-500ml-frasco-no-veiculo.webp;108;948;20;"Cor; Odor; Tipo; Marca; Função; Protecao; Volume (ml); Modo de uso; Pronto uso; Acabamento; Precauções; Superfícies indicadas; Durabilidade; Estado fisico; Solubilidade; Restricoes de uso; Classificacao fds; Codigo fabricante; Densidade relativa; Primeiros socorros";7898511030134;válido;38,35;;não controlado (snapshot 12/09);InStock;ativo;Fotos inacessíveis ao público: /uploads responde HTTP 500 (corrigido no PR #34, aguardando deploy);;"Peso e dimensões da embalagem de envio (nenhum item no feed tem shipping_weight) • Controle de estoque: snapshot de 12/09 mostra estoque não controlado; página e feed dizem 'em estoque'";"Ficha/descrição já publicadas (textos atribuídos ao fabricante Vonixx); FDS citada na própria ficha";Conferido: título, marca, GTIN, preço, disponibilidade e categoria idênticos entre card, página, JSON-LD e feed • Rótulos da ficha acentuados pelo código (PR #34) • Código exibido passa a ser rotulado 'EAN' (PR #34);Texto/preço/identificadores conferidos em 28/09. Foto: não conferida visualmente — rota de imagens fora do ar e sem cópia local;Pendente — foto
72;cmtv7cdps0090pd01co0lwefs;7898511020883;7898511020883;https://brilhax.com/produtos/rejuvex-400g;Proteção;manter;2643;2643;Vintex;Rejuvex Vintex Revitalizador de Plásticos Externos 400 g;manter;https://lojas.avilaops.com/uploads/brilhax/mtv7c57t-be5cb0e6.webp;4;https://lojas.avilaops.com/uploads/brilhax/mua7rv5b-9feff557.webp | https://lojas.avilaops.com/uploads/brilhax/mua7s4lo-a3b185e7.webp | https://lojas.avilaops.com/uploads/brilhax/mua7sedx-96ee3804.webp | https://lojas.avilaops.com/uploads/brilhax/mua7snbh-1ed85dab.webp;142;792;15;"Cor; Tipo; Função; Aplicador; Cobertura; Modo de uso; Precauções; Superfícies indicadas; Estado fisico; Ficha de seguranca; Resistencia aagua; Densidade relativa; Peso liquido gramas; Solubilidade em agua; Indicado para repintura";7898511020883;válido;43,77;;não controlado (snapshot 12/09);InStock;ativo;Fotos inacessíveis ao público: /uploads responde HTTP 500 (corrigido no PR #34, aguardando deploy);;"Peso e dimensões da embalagem de envio (nenhum item no feed tem shipping_weight) • Controle de estoque: snapshot de 12/09 mostra estoque não controlado; página e feed dizem 'em estoque'";Vintex;Conferido: título, marca, GTIN, preço, disponibilidade e categoria idênticos entre card, página, JSON-LD e feed • Rótulos da ficha acentuados pelo código (PR #34) • Código exibido passa a ser rotulado 'EAN' (PR #34);Texto/preço/identificadores conferidos em 28/09. Foto: não conferida visualmente — rota de imagens fora do ar e sem cópia local;Pendente — foto
73;cmtv7cdr7009apd018vc5c3tt;7898511034484;7898511034484;https://brilhax.com/produtos/restaurax-1-5l;Proteção;manter;2643;2643;Vonixx;Restaurax Vonixx Restaurador de Plásticos 1,5 L;manter;https://lojas.avilaops.com/uploads/brilhax/20260921-vonixx-restaurax-15l-oficial.webp;1;https://lojas.avilaops.com/uploads/brilhax/20260921-vonixx-restaurax-15l-campanha.webp;121;1040;19;"Tipo; Diluição; Volume (ml); Aplicação; Acabamento; Benefícios; Precauções; Superfícies indicadas; Durabilidade; Estado fisico; Solubilidade; Armazenamento; Uso recomendado; Classificacao fds; Nao acumula poeira; Densidade relativa; Primeiros socorros; Viscosidade dinamica; Frequencia manutencao";7898511034484;válido;132,10;;não controlado (snapshot 12/09);InStock;ativo;Fotos inacessíveis ao público: /uploads responde HTTP 500 (corrigido no PR #34, aguardando deploy) • Ficha com linha 'Estado fisico: Não disponível na FDS consultada' (nota de pesquisa);;"Peso e dimensões da embalagem de envio (nenhum item no feed tem shipping_weight) • Controle de estoque: snapshot de 12/09 mostra estoque não controlado; página e feed dizem 'em estoque'";"Ficha/descrição já publicadas (textos atribuídos ao fabricante Vonixx); FDS citada na própria ficha";"Conferido: título, marca, GTIN, preço, disponibilidade e categoria idênticos entre card, página, JSON-LD e feed • Rótulos da ficha acentuados pelo código (PR #34) • Código exibido passa a ser rotulado 'EAN' (PR #34) • Alteração de dados PROPOSTA (não aplicada; ver alteracoes-propostas.json)";Texto/preço/identificadores conferidos em 28/09. Foto: não conferida visualmente — rota de imagens fora do ar e sem cópia local;Pendente — foto + dados propostos
74;cmtv7cdrj009cpd01phbndar6;7898511020265;7898511020265;https://brilhax.com/produtos/restaurax-500ml;Proteção;manter;2643;2643;Vonixx;Restaurax Vonixx Restaurador de Plásticos 500 ml;manter;https://lojas.avilaops.com/uploads/brilhax/mtv7c5pb-51815a9a.webp;5;https://lojas.avilaops.com/uploads/brilhax/muafqp58-5ee65261.webp | https://lojas.avilaops.com/uploads/brilhax/muafqpaf-d562be5b.webp | https://lojas.avilaops.com/uploads/brilhax/muafqpe9-60f4b0b1.webp | https://lojas.avilaops.com/uploads/brilhax/muafqpp2-17ddc622.webp | https://lojas.avilaops.com/uploads/brilhax/muafqq30-f3728406.webp;120;1098;23;"Cor; Odor; Tipo; Diluição; Protecao; Volume (ml); Indicação; Modo de uso; Acabamento; Precauções; Transporte; Superfícies indicadas; Durabilidade; Estado fisico; Armazenamento; Frase de perigo; Miscibilidade; Classificacao ghs; Codigo fabricante; Densidade relativa; Protecao individual; Estabilidade quimica; Viscosidade dinamica";7898511020265;válido;71,47;;não controlado (snapshot 12/09);InStock;ativo;Fotos inacessíveis ao público: /uploads responde HTTP 500 (corrigido no PR #34, aguardando deploy) • Ficha 'Tipo: Químico' genérica;;"Peso e dimensões da embalagem de envio (nenhum item no feed tem shipping_weight) • Controle de estoque: snapshot de 12/09 mostra estoque não controlado; página e feed dizem 'em estoque'";"Ficha/descrição já publicadas (textos atribuídos ao fabricante Vonixx); FDS citada na própria ficha";"Conferido: título, marca, GTIN, preço, disponibilidade e categoria idênticos entre card, página, JSON-LD e feed • Rótulos da ficha acentuados pelo código (PR #34) • Código exibido passa a ser rotulado 'EAN' (PR #34) • Alteração de dados PROPOSTA (não aplicada; ver alteracoes-propostas.json)";Texto/preço/identificadores conferidos em 28/09. Foto: não conferida visualmente — rota de imagens fora do ar e sem cópia local;Pendente — foto + dados propostos
75;cmtv7cdtu009qpd01yylmkjyb;JARBAS-2498357b;(oculto — referência interna);https://brilhax.com/produtos/revox-selante-sintetico-para-pneus-500ml-vonixx;Proteção;manter;2643;2643;Vonixx;Revox Vonixx Selante para Pneus 500 ml;manter;https://lojas.avilaops.com/uploads/brilhax/mtv7c67p-a0a36dda.webp;2;https://lojas.avilaops.com/uploads/brilhax/fonte-0f26312ef0862fd4fafc1f88.png | https://lojas.avilaops.com/uploads/brilhax/fonte-27dffcb6b5966392990ab7c7.png;120;1120;24;"pH; Cor; Odor; Tipo; Fórmula; Diluição; Volume (ml); Transporte; Acabamento; Finalidade; Superfícies indicadas; Resistência; Durabilidade; Armazenamento; Miscibilidade; Estado físico; Não aplicar em; Não inflamável; Hidrorrepelência; Densidade relativa; Livre de solventes; Viscosidade dinâmica; Classificação de perigos; Primeiros socorros para contato com a pele";7898511027981;válido;69,14;;não controlado (snapshot 12/09);InStock;ativo;Fotos inacessíveis ao público: /uploads responde HTTP 500 (corrigido no PR #34, aguardando deploy) • Ficha com linha 'pH: Não disponível na FDS' (nota de pesquisa);;"Peso e dimensões da embalagem de envio (nenhum item no feed tem shipping_weight) • Controle de estoque: snapshot de 12/09 mostra estoque não controlado; página e feed dizem 'em estoque'";"Ficha/descrição já publicadas (textos atribuídos ao fabricante Vonixx); FDS citada na própria ficha";"Conferido: título, marca, GTIN, preço, disponibilidade e categoria idênticos entre card, página, JSON-LD e feed • Alteração de dados PROPOSTA (não aplicada; ver alteracoes-propostas.json)";Texto/preço/identificadores conferidos em 28/09. Foto: não conferida visualmente — rota de imagens fora do ar e sem cópia local;Pendente — foto + dados propostos
76;cmtv7cdy600agpd01mhy6bjhs;7898511033234;7898511033234;https://brilhax.com/produtos/sinergy-vonixx-500ml;Proteção;manter;2643;2643;Vonixx;Sinergy Paint Vonixx Coating Spray 500 ml;manter;https://lojas.avilaops.com/uploads/brilhax/mtv7c6s4-af4ab858.webp;2;https://lojas.avilaops.com/uploads/brilhax/20260921-sinergy-paint-500ml-galeria-01.jpg | https://lojas.avilaops.com/uploads/brilhax/20260921-sinergy-paint-500ml-galeria-02.png;160;995;20;"Cor; Tipo; Função; Diluição; Volume (ml); Modo de uso; Benefícios; Precauções; Rendimento; Tecnologia; Superfícies indicadas; Tempo de cura; Durabilidade; Estado fisico; Solubilidade; Armazenamento; Classificacao ghs; Primeiros socorros; Preparo da superficie; Viscosidade dinamica";7898511033234;válido;106,22;;não controlado (snapshot 12/09);InStock;ativo;Fotos inacessíveis ao público: /uploads responde HTTP 500 (corrigido no PR #34, aguardando deploy);;"Peso e dimensões da embalagem de envio (nenhum item no feed tem shipping_weight) • Controle de estoque: snapshot de 12/09 mostra estoque não controlado; página e feed dizem 'em estoque'";"Ficha/descrição já publicadas (textos atribuídos ao fabricante Vonixx); FDS citada na própria ficha";Conferido: título, marca, GTIN, preço, disponibilidade e categoria idênticos entre card, página, JSON-LD e feed • Rótulos da ficha acentuados pelo código (PR #34) • Código exibido passa a ser rotulado 'EAN' (PR #34);Texto/preço/identificadores conferidos em 28/09. Foto: não conferida visualmente — rota de imagens fora do ar e sem cópia local;Pendente — foto
77;cmtv7ce6c00bupd0186u6dpb8;JARBAS-44c54527;(oculto — referência interna);https://brilhax.com/produtos/tryon-finalizador-restaurador-de-plastico-3-em-1;Proteção;manter;2643;2643;Vonixx;Tryon Vonixx Condicionador de Plásticos 3 em 1 500 ml;manter;https://lojas.avilaops.com/uploads/brilhax/mtv7c98k-2e74750f.webp;1;https://lojas.avilaops.com/uploads/brilhax/muaamsp0-a0563adc.webp;132;1143;19;"Cor; Odor; Tipo; Função; Volume (ml); Densidade; Modo de uso; Acabamento; Composição; Ferramenta; Precauções; Protecao uv; Superfícies indicadas; Durabilidade; Estado fisico; Solubilidade; Armazenamento; Classificacao ghs; Viscosidade dinamica";;ausente;64,79;;não controlado (snapshot 12/09);InStock;ativo;Fotos inacessíveis ao público: /uploads responde HTTP 500 (corrigido no PR #34, aguardando deploy) • Duas fotos apenas;;"GTIN • Peso e dimensões da embalagem de envio (nenhum item no feed tem shipping_weight) • Controle de estoque: snapshot de 12/09 mostra estoque não controlado; página e feed dizem 'em estoque'";"Ficha/descrição já publicadas (textos atribuídos ao fabricante Vonixx); FDS citada na própria ficha";Conferido: título, marca, GTIN, preço, disponibilidade e categoria idênticos entre card, página, JSON-LD e feed • Rótulos da ficha acentuados pelo código (PR #34);Texto/preço/identificadores conferidos em 28/09. Foto: não conferida visualmente — rota de imagens fora do ar e sem cópia local;Pendente — foto + confirmação
78;cmtv7cdvl00a2pd01xiryrid0;7898511024331;7898511024331;https://brilhax.com/produtos/selante-sintetico-v-80-vonixx-240ml;Proteção;manter;2643;2643;Vonixx;V80 Vonixx Selante Sintético 240 ml;manter;https://lojas.avilaops.com/uploads/brilhax/20260921-v80-selante-240ml-oficial.webp;2;https://lojas.avilaops.com/uploads/brilhax/20260921-v80-selante-240ml-campanha-01.png | https://lojas.avilaops.com/uploads/brilhax/20260921-v80-selante-240ml-campanha-02.png;160;1169;19;"Cor; Odor; Tipo; Função; Diluição; Volume (ml); Densidade; Modo de uso; Benefícios; Precauções; Superfícies indicadas; Durabilidade; Estado fisico; Solubilidade; Armazenamento; Restricoes de uso; Classificacao ghs; Primeiros socorros; Viscosidade cinematica";7898511024331;válido;43,98;;não controlado (snapshot 12/09);InStock;ativo;Fotos inacessíveis ao público: /uploads responde HTTP 500 (corrigido no PR #34, aguardando deploy);;"Peso e dimensões da embalagem de envio (nenhum item no feed tem shipping_weight) • Controle de estoque: snapshot de 12/09 mostra estoque não controlado; página e feed dizem 'em estoque'";"Ficha/descrição já publicadas (textos atribuídos ao fabricante Vonixx); FDS citada na própria ficha";Conferido: título, marca, GTIN, preço, disponibilidade e categoria idênticos entre card, página, JSON-LD e feed • Rótulos da ficha acentuados pelo código (PR #34) • Código exibido passa a ser rotulado 'EAN' (PR #34);Texto/preço/identificadores conferidos em 28/09. Foto: não conferida visualmente — rota de imagens fora do ar e sem cópia local;Pendente — foto
79;cmtv7ce0200aqpd01nobvkifl;7898511027110;7898511027110;https://brilhax.com/produtos/sio2-vonixx-500ml;Vitrificação;manter;2643;2643;Vonixx;SiO2-Pro Vonixx Selante de Manutenção 500 ml;manter;https://lojas.avilaops.com/uploads/brilhax/mtv7c7bb-a011fde4.webp;3;https://lojas.avilaops.com/uploads/brilhax/20260921-vonixx-sio2-pro-500ml-foto-aplicacao.webp | https://lojas.avilaops.com/uploads/brilhax/20260921-vonixx-sio2-pro-500ml-foto-acabamento.webp | https://lojas.avilaops.com/uploads/brilhax/20260921-vonixx-sio2-pro-500ml-foto-pulverizacao.webp;163;938;23;"Cor; Odor; Tipo; Perigo; Diluição; Volume (ml); Aplicação; Modo de uso; Acabamento; Benefícios; Composição; Precauções; Superfícies indicadas; Durabilidade; Estado fisico; Solubilidade; Armazenamento; Uso recomendado; Restricoes de uso; Primeiros socorros; Durabilidade brilho; Viscosidade dinamica; Frequencia manutencao";7898511027110;válido;71,98;;não controlado (snapshot 12/09);InStock;ativo;Fotos inacessíveis ao público: /uploads responde HTTP 500 (corrigido no PR #34, aguardando deploy);;"Peso e dimensões da embalagem de envio (nenhum item no feed tem shipping_weight) • Controle de estoque: snapshot de 12/09 mostra estoque não controlado; página e feed dizem 'em estoque'";"Ficha/descrição já publicadas (textos atribuídos ao fabricante Vonixx); FDS citada na própria ficha";Conferido: título, marca, GTIN, preço, disponibilidade e categoria idênticos entre card, página, JSON-LD e feed • Rótulos da ficha acentuados pelo código (PR #34) • Código exibido passa a ser rotulado 'EAN' (PR #34);Texto/preço/identificadores conferidos em 28/09. Foto: não conferida visualmente — rota de imagens fora do ar e sem cópia local;Pendente — foto
