"slug","google_product_category","descricao_curta","descricao"
"gny-5010-w2-4250-500","111","Anel guia 101,6 × 107,95 × 12,7 mm para haste ou êmbolo de cilindro hidráulico e pneumático. Evita o contato metal com metal e absorve cargas laterais. Fabricação PK Vedações, código GNY.5010.","Anel guia (elemento de guia) com diâmetro interno de 101,6 mm, diâmetro externo de 107,95 mm e altura de 12,7 mm. Código PK Vedações GNY.5010. A referência de catálogo equivalente aparece em “Substitui / equivale a”.

O anel guia mantém a haste e o êmbolo centrados dentro da camisa do cilindro. Ele evita o contato metal com metal entre os componentes, absorve as cargas radiais causadas por esforço lateral e protege as gaxetas, que passam a trabalhar alinhadas e dentro da folga prevista. É o componente que garante a vida útil programada da vedação.

Como conferir a medida: diâmetro interno, diâmetro externo e altura (largura do canal). O canal recebe o anel com a folga de montagem prevista no projeto do cilindro; meça com paquímetro antes de pedir."
"gny-5018-w2-4250-375","111","Anel guia 101,6 × 107,95 × 9,52 mm para haste ou êmbolo de cilindro hidráulico e pneumático. Evita o contato metal com metal e absorve cargas laterais. Fabricação PK Vedações, código GNY.5018.","Anel guia (elemento de guia) com diâmetro interno de 101,6 mm, diâmetro externo de 107,95 mm e altura de 9,52 mm. Código PK Vedações GNY.5018. A referência de catálogo equivalente aparece em “Substitui / equivale a”.

O anel guia mantém a haste e o êmbolo centrados dentro da camisa do cilindro. Ele evita o contato metal com metal entre os componentes, absorve as cargas radiais causadas por esforço lateral e protege as gaxetas, que passam a trabalhar alinhadas e dentro da folga prevista. É o componente que garante a vida útil programada da vedação.

Como conferir a medida: diâmetro interno, diâmetro externo e altura (largura do canal). O canal recebe o anel com a folga de montagem prevista no projeto do cilindro; meça com paquímetro antes de pedir."
"gny-5011-w2-4500-500","111","Anel guia 107,95 × 114,3 × 12,7 mm para haste ou êmbolo de cilindro hidráulico e pneumático. Evita o contato metal com metal e absorve cargas laterais. Fabricação PK Vedações, código GNY.5011.","Anel guia (elemento de guia) com diâmetro interno de 107,95 mm, diâmetro externo de 114,3 mm e altura de 12,7 mm. Código PK Vedações GNY.5011. A referência de catálogo equivalente aparece em “Substitui / equivale a”.

O anel guia mantém a haste e o êmbolo centrados dentro da camisa do cilindro. Ele evita o contato metal com metal entre os componentes, absorve as cargas radiais causadas por esforço lateral e protege as gaxetas, que passam a trabalhar alinhadas e dentro da folga prevista. É o componente que garante a vida útil programada da vedação.

Como conferir a medida: diâmetro interno, diâmetro externo e altura (largura do canal). O canal recebe o anel com a folga de montagem prevista no projeto do cilindro; meça com paquímetro antes de pedir."
"gny-5019-w2-4500-750","111","Anel guia 107,95 × 114,3 × 19,05 mm para haste ou êmbolo de cilindro hidráulico e pneumático. Evita o contato metal com metal e absorve cargas laterais. Fabricação PK Vedações, código GNY.5019.","Anel guia (elemento de guia) com diâmetro interno de 107,95 mm, diâmetro externo de 114,3 mm e altura de 19,05 mm. Código PK Vedações GNY.5019. A referência de catálogo equivalente aparece em “Substitui / equivale a”.

O anel guia mantém a haste e o êmbolo centrados dentro da camisa do cilindro. Ele evita o contato metal com metal entre os componentes, absorve as cargas radiais causadas por esforço lateral e protege as gaxetas, que passam a trabalhar alinhadas e dentro da folga prevista. É o componente que garante a vida útil programada da vedação.

Como conferir a medida: diâmetro interno, diâmetro externo e altura (largura do canal). O canal recebe o anel com a folga de montagem prevista no projeto do cilindro; meça com paquímetro antes de pedir."
"gny-5138-w2-4556-500","111","Anel guia 109,38 × 115,72 × 12,7 mm para haste ou êmbolo de cilindro hidráulico e pneumático. Evita o contato metal com metal e absorve cargas laterais. Fabricação PK Vedações, código GNY.5138.","Anel guia (elemento de guia) com diâmetro interno de 109,38 mm, diâmetro externo de 115,72 mm e altura de 12,7 mm. Código PK Vedações GNY.5138. A referência de catálogo equivalente aparece em “Substitui / equivale a”.

O anel guia mantém a haste e o êmbolo centrados dentro da camisa do cilindro. Ele evita o contato metal com metal entre os componentes, absorve as cargas radiais causadas por esforço lateral e protege as gaxetas, que passam a trabalhar alinhadas e dentro da folga prevista. É o componente que garante a vida útil programada da vedação.

Como conferir a medida: diâmetro interno, diâmetro externo e altura (largura do canal). O canal recebe o anel com a folga de montagem prevista no projeto do cilindro; meça com paquímetro antes de pedir."
"gny-5124-tipo-l","111","Anel guia 109,5 × 119 × 15,9 mm para haste ou êmbolo de cilindro hidráulico e pneumático. Evita o contato metal com metal e absorve cargas laterais. Fabricação PK Vedações, código GNY.5124.","Anel guia (elemento de guia) com diâmetro interno de 109,5 mm, diâmetro externo de 119 mm e altura de 15,9 mm. Código PK Vedações GNY.5124. A referência de catálogo equivalente aparece em “Substitui / equivale a”.

O anel guia mantém a haste e o êmbolo centrados dentro da camisa do cilindro. Ele evita o contato metal com metal entre os componentes, absorve as cargas radiais causadas por esforço lateral e protege as gaxetas, que passam a trabalhar alinhadas e dentro da folga prevista. É o componente que garante a vida útil programada da vedação.

Como conferir a medida: diâmetro interno, diâmetro externo e altura (largura do canal). O canal recebe o anel com a folga de montagem prevista no projeto do cilindro; meça com paquímetro antes de pedir."
"gny-5087-tipo-l","111","Anel guia 111,2 × 120,8 × 18 mm para haste ou êmbolo de cilindro hidráulico e pneumático. Evita o contato metal com metal e absorve cargas laterais. Fabricação PK Vedações, código GNY.5087.","Anel guia (elemento de guia) com diâmetro interno de 111,2 mm, diâmetro externo de 120,8 mm e altura de 18 mm. Código PK Vedações GNY.5087. A referência de catálogo equivalente aparece em “Substitui / equivale a”.

O anel guia mantém a haste e o êmbolo centrados dentro da camisa do cilindro. Ele evita o contato metal com metal entre os componentes, absorve as cargas radiais causadas por esforço lateral e protege as gaxetas, que passam a trabalhar alinhadas e dentro da folga prevista. É o componente que garante a vida útil programada da vedação.

Como conferir a medida: diâmetro interno, diâmetro externo e altura (largura do canal). O canal recebe o anel com a folga de montagem prevista no projeto do cilindro; meça com paquímetro antes de pedir."
"gny-5177-w2-4750-625","111","Anel guia 114,31 × 120,65 × 15,87 mm para haste ou êmbolo de cilindro hidráulico e pneumático. Evita o contato metal com metal e absorve cargas laterais. Fabricação PK Vedações, código GNY.5177.","Anel guia (elemento de guia) com diâmetro interno de 114,31 mm, diâmetro externo de 120,65 mm e altura de 15,87 mm. Código PK Vedações GNY.5177. A referência de catálogo equivalente aparece em “Substitui / equivale a”.

O anel guia mantém a haste e o êmbolo centrados dentro da camisa do cilindro. Ele evita o contato metal com metal entre os componentes, absorve as cargas radiais causadas por esforço lateral e protege as gaxetas, que passam a trabalhar alinhadas e dentro da folga prevista. É o componente que garante a vida útil programada da vedação.

Como conferir a medida: diâmetro interno, diâmetro externo e altura (largura do canal). O canal recebe o anel com a folga de montagem prevista no projeto do cilindro; meça com paquímetro antes de pedir."
"gny-5113-w2-4750-500","111","Anel guia 114,3 × 120,65 × 12,7 mm para haste ou êmbolo de cilindro hidráulico e pneumático. Evita o contato metal com metal e absorve cargas laterais. Fabricação PK Vedações, código GNY.5113.","Anel guia (elemento de guia) com diâmetro interno de 114,3 mm, diâmetro externo de 120,65 mm e altura de 12,7 mm. Código PK Vedações GNY.5113. A referência de catálogo equivalente aparece em “Substitui / equivale a”.

O anel guia mantém a haste e o êmbolo centrados dentro da camisa do cilindro. Ele evita o contato metal com metal entre os componentes, absorve as cargas radiais causadas por esforço lateral e protege as gaxetas, que passam a trabalhar alinhadas e dentro da folga prevista. É o componente que garante a vida útil programada da vedação.

Como conferir a medida: diâmetro interno, diâmetro externo e altura (largura do canal). O canal recebe o anel com a folga de montagem prevista no projeto do cilindro; meça com paquímetro antes de pedir."
"gny-5173-tipo-l","111","Anel guia 117,47 × 127,43 × 15,9 mm para haste ou êmbolo de cilindro hidráulico e pneumático. Evita o contato metal com metal e absorve cargas laterais. Fabricação PK Vedações, código GNY.5173.","Anel guia (elemento de guia) com diâmetro interno de 117,47 mm, diâmetro externo de 127,43 mm e altura de 15,9 mm. Código PK Vedações GNY.5173. A referência de catálogo equivalente aparece em “Substitui / equivale a”.

O anel guia mantém a haste e o êmbolo centrados dentro da camisa do cilindro. Ele evita o contato metal com metal entre os componentes, absorve as cargas radiais causadas por esforço lateral e protege as gaxetas, que passam a trabalhar alinhadas e dentro da folga prevista. É o componente que garante a vida útil programada da vedação.

Como conferir a medida: diâmetro interno, diâmetro externo e altura (largura do canal). O canal recebe o anel com a folga de montagem prevista no projeto do cilindro; meça com paquímetro antes de pedir."
"gny-5052-w2-5000-427","111","Anel guia 120,65 × 127 × 10,84 mm para haste ou êmbolo de cilindro hidráulico e pneumático. Evita o contato metal com metal e absorve cargas laterais. Fabricação PK Vedações, código GNY.5052.","Anel guia (elemento de guia) com diâmetro interno de 120,65 mm, diâmetro externo de 127 mm e altura de 10,84 mm. Código PK Vedações GNY.5052. A referência de catálogo equivalente aparece em “Substitui / equivale a”.

O anel guia mantém a haste e o êmbolo centrados dentro da camisa do cilindro. Ele evita o contato metal com metal entre os componentes, absorve as cargas radiais causadas por esforço lateral e protege as gaxetas, que passam a trabalhar alinhadas e dentro da folga prevista. É o componente que garante a vida útil programada da vedação.

Como conferir a medida: diâmetro interno, diâmetro externo e altura (largura do canal). O canal recebe o anel com a folga de montagem prevista no projeto do cilindro; meça com paquímetro antes de pedir."
"gny-5012-w2-5000-500","111","Anel guia 120,65 × 127 × 12,7 mm para haste ou êmbolo de cilindro hidráulico e pneumático. Evita o contato metal com metal e absorve cargas laterais. Fabricação PK Vedações, código GNY.5012.","Anel guia (elemento de guia) com diâmetro interno de 120,65 mm, diâmetro externo de 127 mm e altura de 12,7 mm. Código PK Vedações GNY.5012. A referência de catálogo equivalente aparece em “Substitui / equivale a”.

O anel guia mantém a haste e o êmbolo centrados dentro da camisa do cilindro. Ele evita o contato metal com metal entre os componentes, absorve as cargas radiais causadas por esforço lateral e protege as gaxetas, que passam a trabalhar alinhadas e dentro da folga prevista. É o componente que garante a vida útil programada da vedação.

Como conferir a medida: diâmetro interno, diâmetro externo e altura (largura do canal). O canal recebe o anel com a folga de montagem prevista no projeto do cilindro; meça com paquímetro antes de pedir."
"gny-5081-w2-5000-625","111","Anel guia 120,65 × 127 × 15,87 mm para haste ou êmbolo de cilindro hidráulico e pneumático. Evita o contato metal com metal e absorve cargas laterais. Fabricação PK Vedações, código GNY.5081.","Anel guia (elemento de guia) com diâmetro interno de 120,65 mm, diâmetro externo de 127 mm e altura de 15,87 mm. Código PK Vedações GNY.5081. A referência de catálogo equivalente aparece em “Substitui / equivale a”.

O anel guia mantém a haste e o êmbolo centrados dentro da camisa do cilindro. Ele evita o contato metal com metal entre os componentes, absorve as cargas radiais causadas por esforço lateral e protege as gaxetas, que passam a trabalhar alinhadas e dentro da folga prevista. É o componente que garante a vida útil programada da vedação.

Como conferir a medida: diâmetro interno, diâmetro externo e altura (largura do canal). O canal recebe o anel com a folga de montagem prevista no projeto do cilindro; meça com paquímetro antes de pedir."
"gny-5158-w2-5000-1000","111","Anel guia 120,66 × 127 × 25,4 mm para haste ou êmbolo de cilindro hidráulico e pneumático. Evita o contato metal com metal e absorve cargas laterais. Fabricação PK Vedações, código GNY.5158.","Anel guia (elemento de guia) com diâmetro interno de 120,66 mm, diâmetro externo de 127 mm e altura de 25,4 mm. Código PK Vedações GNY.5158. A referência de catálogo equivalente aparece em “Substitui / equivale a”.

O anel guia mantém a haste e o êmbolo centrados dentro da camisa do cilindro. Ele evita o contato metal com metal entre os componentes, absorve as cargas radiais causadas por esforço lateral e protege as gaxetas, que passam a trabalhar alinhadas e dentro da folga prevista. É o componente que garante a vida útil programada da vedação.

Como conferir a medida: diâmetro interno, diâmetro externo e altura (largura do canal). O canal recebe o anel com a folga de montagem prevista no projeto do cilindro; meça com paquímetro antes de pedir."
"gny-5075-w2-5250-500","111","Anel guia 127 × 133,35 × 12,7 mm para haste ou êmbolo de cilindro hidráulico e pneumático. Evita o contato metal com metal e absorve cargas laterais. Fabricação PK Vedações, código GNY.5075.","Anel guia (elemento de guia) com diâmetro interno de 127 mm, diâmetro externo de 133,35 mm e altura de 12,7 mm. Código PK Vedações GNY.5075. A referência de catálogo equivalente aparece em “Substitui / equivale a”.

O anel guia mantém a haste e o êmbolo centrados dentro da camisa do cilindro. Ele evita o contato metal com metal entre os componentes, absorve as cargas radiais causadas por esforço lateral e protege as gaxetas, que passam a trabalhar alinhadas e dentro da folga prevista. É o componente que garante a vida útil programada da vedação.

Como conferir a medida: diâmetro interno, diâmetro externo e altura (largura do canal). O canal recebe o anel com a folga de montagem prevista no projeto do cilindro; meça com paquímetro antes de pedir."
"gny-5125-tipo-l","111","Anel guia 129 × 138,5 × 15,9 mm para haste ou êmbolo de cilindro hidráulico e pneumático. Evita o contato metal com metal e absorve cargas laterais. Fabricação PK Vedações, código GNY.5125.","Anel guia (elemento de guia) com diâmetro interno de 129 mm, diâmetro externo de 138,5 mm e altura de 15,9 mm. Código PK Vedações GNY.5125. A referência de catálogo equivalente aparece em “Substitui / equivale a”.

O anel guia mantém a haste e o êmbolo centrados dentro da camisa do cilindro. Ele evita o contato metal com metal entre os componentes, absorve as cargas radiais causadas por esforço lateral e protege as gaxetas, que passam a trabalhar alinhadas e dentro da folga prevista. É o componente que garante a vida útil programada da vedação.

Como conferir a medida: diâmetro interno, diâmetro externo e altura (largura do canal). O canal recebe o anel com a folga de montagem prevista no projeto do cilindro; meça com paquímetro antes de pedir."
"gny-5088-tipo-l","111","Anel guia 130,2 × 139,8 × 18 mm para haste ou êmbolo de cilindro hidráulico e pneumático. Evita o contato metal com metal e absorve cargas laterais. Fabricação PK Vedações, código GNY.5088.","Anel guia (elemento de guia) com diâmetro interno de 130,2 mm, diâmetro externo de 139,8 mm e altura de 18 mm. Código PK Vedações GNY.5088. A referência de catálogo equivalente aparece em “Substitui / equivale a”.

O anel guia mantém a haste e o êmbolo centrados dentro da camisa do cilindro. Ele evita o contato metal com metal entre os componentes, absorve as cargas radiais causadas por esforço lateral e protege as gaxetas, que passam a trabalhar alinhadas e dentro da folga prevista. É o componente que garante a vida útil programada da vedação.

Como conferir a medida: diâmetro interno, diâmetro externo e altura (largura do canal). O canal recebe o anel com a folga de montagem prevista no projeto do cilindro; meça com paquímetro antes de pedir."
"gny-5076-w2-5500-500","111","Anel guia 133,35 × 139,7 × 12,7 mm para haste ou êmbolo de cilindro hidráulico e pneumático. Evita o contato metal com metal e absorve cargas laterais. Fabricação PK Vedações, código GNY.5076.","Anel guia (elemento de guia) com diâmetro interno de 133,35 mm, diâmetro externo de 139,7 mm e altura de 12,7 mm. Código PK Vedações GNY.5076. A referência de catálogo equivalente aparece em “Substitui / equivale a”.

O anel guia mantém a haste e o êmbolo centrados dentro da camisa do cilindro. Ele evita o contato metal com metal entre os componentes, absorve as cargas radiais causadas por esforço lateral e protege as gaxetas, que passam a trabalhar alinhadas e dentro da folga prevista. É o componente que garante a vida útil programada da vedação.

Como conferir a medida: diâmetro interno, diâmetro externo e altura (largura do canal). O canal recebe o anel com a folga de montagem prevista no projeto do cilindro; meça com paquímetro antes de pedir."
"gny-5174-tipo-l","111","Anel guia 136,52 × 146,04 × 15,9 mm para haste ou êmbolo de cilindro hidráulico e pneumático. Evita o contato metal com metal e absorve cargas laterais. Fabricação PK Vedações, código GNY.5174.","Anel guia (elemento de guia) com diâmetro interno de 136,52 mm, diâmetro externo de 146,04 mm e altura de 15,9 mm. Código PK Vedações GNY.5174. A referência de catálogo equivalente aparece em “Substitui / equivale a”.

O anel guia mantém a haste e o êmbolo centrados dentro da camisa do cilindro. Ele evita o contato metal com metal entre os componentes, absorve as cargas radiais causadas por esforço lateral e protege as gaxetas, que passam a trabalhar alinhadas e dentro da folga prevista. É o componente que garante a vida útil programada da vedação.

Como conferir a medida: diâmetro interno, diâmetro externo e altura (largura do canal). O canal recebe o anel com a folga de montagem prevista no projeto do cilindro; meça com paquímetro antes de pedir."
"gny-5077-w2-5750-500","111","Anel guia 139,7 × 146,05 × 12,7 mm para haste ou êmbolo de cilindro hidráulico e pneumático. Evita o contato metal com metal e absorve cargas laterais. Fabricação PK Vedações, código GNY.5077.","Anel guia (elemento de guia) com diâmetro interno de 139,7 mm, diâmetro externo de 146,05 mm e altura de 12,7 mm. Código PK Vedações GNY.5077. A referência de catálogo equivalente aparece em “Substitui / equivale a”.

O anel guia mantém a haste e o êmbolo centrados dentro da camisa do cilindro. Ele evita o contato metal com metal entre os componentes, absorve as cargas radiais causadas por esforço lateral e protege as gaxetas, que passam a trabalhar alinhadas e dentro da folga prevista. É o componente que garante a vida útil programada da vedação.

Como conferir a medida: diâmetro interno, diâmetro externo e altura (largura do canal). O canal recebe o anel com a folga de montagem prevista no projeto do cilindro; meça com paquímetro antes de pedir."
"gny-5078-w2-6000-500","111","Anel guia 146,05 × 152,4 × 12,7 mm para haste ou êmbolo de cilindro hidráulico e pneumático. Evita o contato metal com metal e absorve cargas laterais. Fabricação PK Vedações, código GNY.5078.","Anel guia (elemento de guia) com diâmetro interno de 146,05 mm, diâmetro externo de 152,4 mm e altura de 12,7 mm. Código PK Vedações GNY.5078. A referência de catálogo equivalente aparece em “Substitui / equivale a”.

O anel guia mantém a haste e o êmbolo centrados dentro da camisa do cilindro. Ele evita o contato metal com metal entre os componentes, absorve as cargas radiais causadas por esforço lateral e protege as gaxetas, que passam a trabalhar alinhadas e dentro da folga prevista. É o componente que garante a vida útil programada da vedação.

Como conferir a medida: diâmetro interno, diâmetro externo e altura (largura do canal). O canal recebe o anel com a folga de montagem prevista no projeto do cilindro; meça com paquímetro antes de pedir."
"gny-5185-w2-6000-625","111","Anel guia 146,05 × 152,4 × 15,87 mm para haste ou êmbolo de cilindro hidráulico e pneumático. Evita o contato metal com metal e absorve cargas laterais. Fabricação PK Vedações, código GNY.5185.","Anel guia (elemento de guia) com diâmetro interno de 146,05 mm, diâmetro externo de 152,4 mm e altura de 15,87 mm. Código PK Vedações GNY.5185. A referência de catálogo equivalente aparece em “Substitui / equivale a”.

O anel guia mantém a haste e o êmbolo centrados dentro da camisa do cilindro. Ele evita o contato metal com metal entre os componentes, absorve as cargas radiais causadas por esforço lateral e protege as gaxetas, que passam a trabalhar alinhadas e dentro da folga prevista. É o componente que garante a vida útil programada da vedação.

Como conferir a medida: diâmetro interno, diâmetro externo e altura (largura do canal). O canal recebe o anel com a folga de montagem prevista no projeto do cilindro; meça com paquímetro antes de pedir."
"gny-5243-w2-6000-1000","111","Anel guia 146,05 × 152,4 × 25,4 mm para haste ou êmbolo de cilindro hidráulico e pneumático. Evita o contato metal com metal e absorve cargas laterais. Fabricação PK Vedações, código GNY.5243.","Anel guia (elemento de guia) com diâmetro interno de 146,05 mm, diâmetro externo de 152,4 mm e altura de 25,4 mm. Código PK Vedações GNY.5243. A referência de catálogo equivalente aparece em “Substitui / equivale a”.

O anel guia mantém a haste e o êmbolo centrados dentro da camisa do cilindro. Ele evita o contato metal com metal entre os componentes, absorve as cargas radiais causadas por esforço lateral e protege as gaxetas, que passam a trabalhar alinhadas e dentro da folga prevista. É o componente que garante a vida útil programada da vedação.

Como conferir a medida: diâmetro interno, diâmetro externo e altura (largura do canal). O canal recebe o anel com a folga de montagem prevista no projeto do cilindro; meça com paquímetro antes de pedir."
"gny-5089-tipo-l","111","Anel guia 149,2 × 158,8 × 18 mm para haste ou êmbolo de cilindro hidráulico e pneumático. Evita o contato metal com metal e absorve cargas laterais. Fabricação PK Vedações, código GNY.5089.","Anel guia (elemento de guia) com diâmetro interno de 149,2 mm, diâmetro externo de 158,8 mm e altura de 18 mm. Código PK Vedações GNY.5089. A referência de catálogo equivalente aparece em “Substitui / equivale a”.

O anel guia mantém a haste e o êmbolo centrados dentro da camisa do cilindro. Ele evita o contato metal com metal entre os componentes, absorve as cargas radiais causadas por esforço lateral e protege as gaxetas, que passam a trabalhar alinhadas e dentro da folga prevista. É o componente que garante a vida útil programada da vedação.

Como conferir a medida: diâmetro interno, diâmetro externo e altura (largura do canal). O canal recebe o anel com a folga de montagem prevista no projeto do cilindro; meça com paquímetro antes de pedir."
"gny-5126-tipo-l","111","Anel guia 149,5 × 159,5 × 15,9 mm para haste ou êmbolo de cilindro hidráulico e pneumático. Evita o contato metal com metal e absorve cargas laterais. Fabricação PK Vedações, código GNY.5126.","Anel guia (elemento de guia) com diâmetro interno de 149,5 mm, diâmetro externo de 159,5 mm e altura de 15,9 mm. Código PK Vedações GNY.5126. A referência de catálogo equivalente aparece em “Substitui / equivale a”.

O anel guia mantém a haste e o êmbolo centrados dentro da camisa do cilindro. Ele evita o contato metal com metal entre os componentes, absorve as cargas radiais causadas por esforço lateral e protege as gaxetas, que passam a trabalhar alinhadas e dentro da folga prevista. É o componente que garante a vida útil programada da vedação.

Como conferir a medida: diâmetro interno, diâmetro externo e altura (largura do canal). O canal recebe o anel com a folga de montagem prevista no projeto do cilindro; meça com paquímetro antes de pedir."
"gny-5079-w2-6250-500","111","Anel guia 152,41 × 158,75 × 12,7 mm para haste ou êmbolo de cilindro hidráulico e pneumático. Evita o contato metal com metal e absorve cargas laterais. Fabricação PK Vedações, código GNY.5079.","Anel guia (elemento de guia) com diâmetro interno de 152,41 mm, diâmetro externo de 158,75 mm e altura de 12,7 mm. Código PK Vedações GNY.5079. A referência de catálogo equivalente aparece em “Substitui / equivale a”.

O anel guia mantém a haste e o êmbolo centrados dentro da camisa do cilindro. Ele evita o contato metal com metal entre os componentes, absorve as cargas radiais causadas por esforço lateral e protege as gaxetas, que passam a trabalhar alinhadas e dentro da folga prevista. É o componente que garante a vida útil programada da vedação.

Como conferir a medida: diâmetro interno, diâmetro externo e altura (largura do canal). O canal recebe o anel com a folga de montagem prevista no projeto do cilindro; meça com paquímetro antes de pedir."
"gny-5175-tipo-l","111","Anel guia 155,57 × 166,77 × 15,9 mm para haste ou êmbolo de cilindro hidráulico e pneumático. Evita o contato metal com metal e absorve cargas laterais. Fabricação PK Vedações, código GNY.5175.","Anel guia (elemento de guia) com diâmetro interno de 155,57 mm, diâmetro externo de 166,77 mm e altura de 15,9 mm. Código PK Vedações GNY.5175. A referência de catálogo equivalente aparece em “Substitui / equivale a”.

O anel guia mantém a haste e o êmbolo centrados dentro da camisa do cilindro. Ele evita o contato metal com metal entre os componentes, absorve as cargas radiais causadas por esforço lateral e protege as gaxetas, que passam a trabalhar alinhadas e dentro da folga prevista. É o componente que garante a vida útil programada da vedação.

Como conferir a medida: diâmetro interno, diâmetro externo e altura (largura do canal). O canal recebe o anel com a folga de montagem prevista no projeto do cilindro; meça com paquímetro antes de pedir."
"gny-5080-w2-6500-500","111","Anel guia 158,75 × 165,1 × 12,7 mm para haste ou êmbolo de cilindro hidráulico e pneumático. Evita o contato metal com metal e absorve cargas laterais. Fabricação PK Vedações, código GNY.5080.","Anel guia (elemento de guia) com diâmetro interno de 158,75 mm, diâmetro externo de 165,1 mm e altura de 12,7 mm. Código PK Vedações GNY.5080. A referência de catálogo equivalente aparece em “Substitui / equivale a”.

O anel guia mantém a haste e o êmbolo centrados dentro da camisa do cilindro. Ele evita o contato metal com metal entre os componentes, absorve as cargas radiais causadas por esforço lateral e protege as gaxetas, que passam a trabalhar alinhadas e dentro da folga prevista. É o componente que garante a vida útil programada da vedação.

Como conferir a medida: diâmetro interno, diâmetro externo e altura (largura do canal). O canal recebe o anel com a folga de montagem prevista no projeto do cilindro; meça com paquímetro antes de pedir."
"gny-5186-w2-6500-625","111","Anel guia 158,76 × 165,1 × 15,87 mm para haste ou êmbolo de cilindro hidráulico e pneumático. Evita o contato metal com metal e absorve cargas laterais. Fabricação PK Vedações, código GNY.5186.","Anel guia (elemento de guia) com diâmetro interno de 158,76 mm, diâmetro externo de 165,1 mm e altura de 15,87 mm. Código PK Vedações GNY.5186. A referência de catálogo equivalente aparece em “Substitui / equivale a”.

O anel guia mantém a haste e o êmbolo centrados dentro da camisa do cilindro. Ele evita o contato metal com metal entre os componentes, absorve as cargas radiais causadas por esforço lateral e protege as gaxetas, que passam a trabalhar alinhadas e dentro da folga prevista. É o componente que garante a vida útil programada da vedação.

Como conferir a medida: diâmetro interno, diâmetro externo e altura (largura do canal). O canal recebe o anel com a folga de montagem prevista no projeto do cilindro; meça com paquímetro antes de pedir."
"gny-5156-sr","111","Anel guia 159 × 164,4 × 9,8 mm para haste ou êmbolo de cilindro hidráulico e pneumático. Evita o contato metal com metal e absorve cargas laterais. Fabricação PK Vedações, código GNY.5156.","Anel guia (elemento de guia) com diâmetro interno de 159 mm, diâmetro externo de 164,4 mm e altura de 9,8 mm. Código PK Vedações GNY.5156. A referência de catálogo equivalente aparece em “Substitui / equivale a”.

O anel guia mantém a haste e o êmbolo centrados dentro da camisa do cilindro. Ele evita o contato metal com metal entre os componentes, absorve as cargas radiais causadas por esforço lateral e protege as gaxetas, que passam a trabalhar alinhadas e dentro da folga prevista. É o componente que garante a vida útil programada da vedação.

Como conferir a medida: diâmetro interno, diâmetro externo e altura (largura do canal). O canal recebe o anel com a folga de montagem prevista no projeto do cilindro; meça com paquímetro antes de pedir."
"gny-5104-w2-6750-500","111","Anel guia 165,11 × 171,45 × 12,7 mm para haste ou êmbolo de cilindro hidráulico e pneumático. Evita o contato metal com metal e absorve cargas laterais. Fabricação PK Vedações, código GNY.5104.","Anel guia (elemento de guia) com diâmetro interno de 165,11 mm, diâmetro externo de 171,45 mm e altura de 12,7 mm. Código PK Vedações GNY.5104. A referência de catálogo equivalente aparece em “Substitui / equivale a”.

O anel guia mantém a haste e o êmbolo centrados dentro da camisa do cilindro. Ele evita o contato metal com metal entre os componentes, absorve as cargas radiais causadas por esforço lateral e protege as gaxetas, que passam a trabalhar alinhadas e dentro da folga prevista. É o componente que garante a vida útil programada da vedação.

Como conferir a medida: diâmetro interno, diâmetro externo e altura (largura do canal). O canal recebe o anel com a folga de montagem prevista no projeto do cilindro; meça com paquímetro antes de pedir."
"gny-5106-w2-6750-1000","111","Anel guia 165,11 × 171,45 × 25,4 mm para haste ou êmbolo de cilindro hidráulico e pneumático. Evita o contato metal com metal e absorve cargas laterais. Fabricação PK Vedações, código GNY.5106.","Anel guia (elemento de guia) com diâmetro interno de 165,11 mm, diâmetro externo de 171,45 mm e altura de 25,4 mm. Código PK Vedações GNY.5106. A referência de catálogo equivalente aparece em “Substitui / equivale a”.

O anel guia mantém a haste e o êmbolo centrados dentro da camisa do cilindro. Ele evita o contato metal com metal entre os componentes, absorve as cargas radiais causadas por esforço lateral e protege as gaxetas, que passam a trabalhar alinhadas e dentro da folga prevista. É o componente que garante a vida útil programada da vedação.

Como conferir a medida: diâmetro interno, diâmetro externo e altura (largura do canal). O canal recebe o anel com a folga de montagem prevista no projeto do cilindro; meça com paquímetro antes de pedir."
"gny-5090-tipo-l","111","Anel guia 168,2 × 179,8 × 18 mm para haste ou êmbolo de cilindro hidráulico e pneumático. Evita o contato metal com metal e absorve cargas laterais. Fabricação PK Vedações, código GNY.5090.","Anel guia (elemento de guia) com diâmetro interno de 168,2 mm, diâmetro externo de 179,8 mm e altura de 18 mm. Código PK Vedações GNY.5090. A referência de catálogo equivalente aparece em “Substitui / equivale a”.

O anel guia mantém a haste e o êmbolo centrados dentro da camisa do cilindro. Ele evita o contato metal com metal entre os componentes, absorve as cargas radiais causadas por esforço lateral e protege as gaxetas, que passam a trabalhar alinhadas e dentro da folga prevista. É o componente que garante a vida útil programada da vedação.

Como conferir a medida: diâmetro interno, diâmetro externo e altura (largura do canal). O canal recebe o anel com a folga de montagem prevista no projeto do cilindro; meça com paquímetro antes de pedir."
"gny-5127-tipo-l","111","Anel guia 169 × 180,4 × 15,9 mm para haste ou êmbolo de cilindro hidráulico e pneumático. Evita o contato metal com metal e absorve cargas laterais. Fabricação PK Vedações, código GNY.5127.","Anel guia (elemento de guia) com diâmetro interno de 169 mm, diâmetro externo de 180,4 mm e altura de 15,9 mm. Código PK Vedações GNY.5127. A referência de catálogo equivalente aparece em “Substitui / equivale a”.

O anel guia mantém a haste e o êmbolo centrados dentro da camisa do cilindro. Ele evita o contato metal com metal entre os componentes, absorve as cargas radiais causadas por esforço lateral e protege as gaxetas, que passam a trabalhar alinhadas e dentro da folga prevista. É o componente que garante a vida útil programada da vedação.

Como conferir a medida: diâmetro interno, diâmetro externo e altura (largura do canal). O canal recebe o anel com a folga de montagem prevista no projeto do cilindro; meça com paquímetro antes de pedir."
"gny-5105-w2-7000-500","111","Anel guia 171,46 × 177,8 × 12,7 mm para haste ou êmbolo de cilindro hidráulico e pneumático. Evita o contato metal com metal e absorve cargas laterais. Fabricação PK Vedações, código GNY.5105.","Anel guia (elemento de guia) com diâmetro interno de 171,46 mm, diâmetro externo de 177,8 mm e altura de 12,7 mm. Código PK Vedações GNY.5105. A referência de catálogo equivalente aparece em “Substitui / equivale a”.

O anel guia mantém a haste e o êmbolo centrados dentro da camisa do cilindro. Ele evita o contato metal com metal entre os componentes, absorve as cargas radiais causadas por esforço lateral e protege as gaxetas, que passam a trabalhar alinhadas e dentro da folga prevista. É o componente que garante a vida útil programada da vedação.

Como conferir a medida: diâmetro interno, diâmetro externo e altura (largura do canal). O canal recebe o anel com a folga de montagem prevista no projeto do cilindro; meça com paquímetro antes de pedir."
"gny-5231-w2-7000-375","111","Anel guia 171,46 × 177,8 × 9,52 mm para haste ou êmbolo de cilindro hidráulico e pneumático. Evita o contato metal com metal e absorve cargas laterais. Fabricação PK Vedações, código GNY.5231.","Anel guia (elemento de guia) com diâmetro interno de 171,46 mm, diâmetro externo de 177,8 mm e altura de 9,52 mm. Código PK Vedações GNY.5231. A referência de catálogo equivalente aparece em “Substitui / equivale a”.

O anel guia mantém a haste e o êmbolo centrados dentro da camisa do cilindro. Ele evita o contato metal com metal entre os componentes, absorve as cargas radiais causadas por esforço lateral e protege as gaxetas, que passam a trabalhar alinhadas e dentro da folga prevista. É o componente que garante a vida útil programada da vedação.

Como conferir a medida: diâmetro interno, diâmetro externo e altura (largura do canal). O canal recebe o anel com a folga de montagem prevista no projeto do cilindro; meça com paquímetro antes de pedir."
"gny-5169-w2-7250-500","111","Anel guia 177,81 × 184,15 × 12,7 mm para haste ou êmbolo de cilindro hidráulico e pneumático. Evita o contato metal com metal e absorve cargas laterais. Fabricação PK Vedações, código GNY.5169.","Anel guia (elemento de guia) com diâmetro interno de 177,81 mm, diâmetro externo de 184,15 mm e altura de 12,7 mm. Código PK Vedações GNY.5169. A referência de catálogo equivalente aparece em “Substitui / equivale a”.

O anel guia mantém a haste e o êmbolo centrados dentro da camisa do cilindro. Ele evita o contato metal com metal entre os componentes, absorve as cargas radiais causadas por esforço lateral e protege as gaxetas, que passam a trabalhar alinhadas e dentro da folga prevista. É o componente que garante a vida útil programada da vedação.

Como conferir a medida: diâmetro interno, diâmetro externo e altura (largura do canal). O canal recebe o anel com a folga de montagem prevista no projeto do cilindro; meça com paquímetro antes de pedir."
"gny-5176-tipo-l","111","Anel guia 177,8 × 189 × 15,9 mm para haste ou êmbolo de cilindro hidráulico e pneumático. Evita o contato metal com metal e absorve cargas laterais. Fabricação PK Vedações, código GNY.5176.","Anel guia (elemento de guia) com diâmetro interno de 177,8 mm, diâmetro externo de 189 mm e altura de 15,9 mm. Código PK Vedações GNY.5176. A referência de catálogo equivalente aparece em “Substitui / equivale a”.

O anel guia mantém a haste e o êmbolo centrados dentro da camisa do cilindro. Ele evita o contato metal com metal entre os componentes, absorve as cargas radiais causadas por esforço lateral e protege as gaxetas, que passam a trabalhar alinhadas e dentro da folga prevista. É o componente que garante a vida útil programada da vedação.

Como conferir a medida: diâmetro interno, diâmetro externo e altura (largura do canal). O canal recebe o anel com a folga de montagem prevista no projeto do cilindro; meça com paquímetro antes de pedir."
"gny-5196-w2-7500-500","111","Anel guia 184,16 × 190,5 × 12,7 mm para haste ou êmbolo de cilindro hidráulico e pneumático. Evita o contato metal com metal e absorve cargas laterais. Fabricação PK Vedações, código GNY.5196.","Anel guia (elemento de guia) com diâmetro interno de 184,16 mm, diâmetro externo de 190,5 mm e altura de 12,7 mm. Código PK Vedações GNY.5196. A referência de catálogo equivalente aparece em “Substitui / equivale a”.

O anel guia mantém a haste e o êmbolo centrados dentro da camisa do cilindro. Ele evita o contato metal com metal entre os componentes, absorve as cargas radiais causadas por esforço lateral e protege as gaxetas, que passam a trabalhar alinhadas e dentro da folga prevista. É o componente que garante a vida útil programada da vedação.

Como conferir a medida: diâmetro interno, diâmetro externo e altura (largura do canal). O canal recebe o anel com a folga de montagem prevista no projeto do cilindro; meça com paquímetro antes de pedir."
"gny-5128-tipo-l","111","Anel guia 190 × 201,4 × 5,7 mm para haste ou êmbolo de cilindro hidráulico e pneumático. Evita o contato metal com metal e absorve cargas laterais. Fabricação PK Vedações, código GNY.5128.","Anel guia (elemento de guia) com diâmetro interno de 190 mm, diâmetro externo de 201,4 mm e altura de 5,7 mm. Código PK Vedações GNY.5128. A referência de catálogo equivalente aparece em “Substitui / equivale a”.

O anel guia mantém a haste e o êmbolo centrados dentro da camisa do cilindro. Ele evita o contato metal com metal entre os componentes, absorve as cargas radiais causadas por esforço lateral e protege as gaxetas, que passam a trabalhar alinhadas e dentro da folga prevista. É o componente que garante a vida útil programada da vedação.

Como conferir a medida: diâmetro interno, diâmetro externo e altura (largura do canal). O canal recebe o anel com a folga de montagem prevista no projeto do cilindro; meça com paquímetro antes de pedir."
"gny-5110-tipo-l","111","Anel guia 190,2 × 201,8 × 18 mm para haste ou êmbolo de cilindro hidráulico e pneumático. Evita o contato metal com metal e absorve cargas laterais. Fabricação PK Vedações, código GNY.5110.","Anel guia (elemento de guia) com diâmetro interno de 190,2 mm, diâmetro externo de 201,8 mm e altura de 18 mm. Código PK Vedações GNY.5110. A referência de catálogo equivalente aparece em “Substitui / equivale a”.

O anel guia mantém a haste e o êmbolo centrados dentro da camisa do cilindro. Ele evita o contato metal com metal entre os componentes, absorve as cargas radiais causadas por esforço lateral e protege as gaxetas, que passam a trabalhar alinhadas e dentro da folga prevista. É o componente que garante a vida útil programada da vedação.

Como conferir a medida: diâmetro interno, diâmetro externo e altura (largura do canal). O canal recebe o anel com a folga de montagem prevista no projeto do cilindro; meça com paquímetro antes de pedir."
"gny-5239-w2-7750-500","111","Anel guia 190,51 × 196,85 × 12,7 mm para haste ou êmbolo de cilindro hidráulico e pneumático. Evita o contato metal com metal e absorve cargas laterais. Fabricação PK Vedações, código GNY.5239.","Anel guia (elemento de guia) com diâmetro interno de 190,51 mm, diâmetro externo de 196,85 mm e altura de 12,7 mm. Código PK Vedações GNY.5239. A referência de catálogo equivalente aparece em “Substitui / equivale a”.

O anel guia mantém a haste e o êmbolo centrados dentro da camisa do cilindro. Ele evita o contato metal com metal entre os componentes, absorve as cargas radiais causadas por esforço lateral e protege as gaxetas, que passam a trabalhar alinhadas e dentro da folga prevista. É o componente que garante a vida útil programada da vedação.

Como conferir a medida: diâmetro interno, diâmetro externo e altura (largura do canal). O canal recebe o anel com a folga de montagem prevista no projeto do cilindro; meça com paquímetro antes de pedir."
"gny-5192-w2-8000-500","111","Anel guia 196,86 × 203,2 × 12,7 mm para haste ou êmbolo de cilindro hidráulico e pneumático. Evita o contato metal com metal e absorve cargas laterais. Fabricação PK Vedações, código GNY.5192.","Anel guia (elemento de guia) com diâmetro interno de 196,86 mm, diâmetro externo de 203,2 mm e altura de 12,7 mm. Código PK Vedações GNY.5192. A referência de catálogo equivalente aparece em “Substitui / equivale a”.

O anel guia mantém a haste e o êmbolo centrados dentro da camisa do cilindro. Ele evita o contato metal com metal entre os componentes, absorve as cargas radiais causadas por esforço lateral e protege as gaxetas, que passam a trabalhar alinhadas e dentro da folga prevista. É o componente que garante a vida útil programada da vedação.

Como conferir a medida: diâmetro interno, diâmetro externo e altura (largura do canal). O canal recebe o anel com a folga de montagem prevista no projeto do cilindro; meça com paquímetro antes de pedir."
"gny-5096-tipo-l","111","Anel guia 213,2 × 225,58 × 18 mm para haste ou êmbolo de cilindro hidráulico e pneumático. Evita o contato metal com metal e absorve cargas laterais. Fabricação PK Vedações, código GNY.5096.","Anel guia (elemento de guia) com diâmetro interno de 213,2 mm, diâmetro externo de 225,58 mm e altura de 18 mm. Código PK Vedações GNY.5096. A referência de catálogo equivalente aparece em “Substitui / equivale a”.

O anel guia mantém a haste e o êmbolo centrados dentro da camisa do cilindro. Ele evita o contato metal com metal entre os componentes, absorve as cargas radiais causadas por esforço lateral e protege as gaxetas, que passam a trabalhar alinhadas e dentro da folga prevista. É o componente que garante a vida útil programada da vedação.

Como conferir a medida: diâmetro interno, diâmetro externo e altura (largura do canal). O canal recebe o anel com a folga de montagem prevista no projeto do cilindro; meça com paquímetro antes de pedir."
"gny-5129-tipo-l","111","Anel guia 214 × 225,4 × 15,9 mm para haste ou êmbolo de cilindro hidráulico e pneumático. Evita o contato metal com metal e absorve cargas laterais. Fabricação PK Vedações, código GNY.5129.","Anel guia (elemento de guia) com diâmetro interno de 214 mm, diâmetro externo de 225,4 mm e altura de 15,9 mm. Código PK Vedações GNY.5129. A referência de catálogo equivalente aparece em “Substitui / equivale a”.

O anel guia mantém a haste e o êmbolo centrados dentro da camisa do cilindro. Ele evita o contato metal com metal entre os componentes, absorve as cargas radiais causadas por esforço lateral e protege as gaxetas, que passam a trabalhar alinhadas e dentro da folga prevista. É o componente que garante a vida útil programada da vedação.

Como conferir a medida: diâmetro interno, diâmetro externo e altura (largura do canal). O canal recebe o anel com a folga de montagem prevista no projeto do cilindro; meça com paquímetro antes de pedir."
"gny-5240-w2-8750-500","111","Anel guia 215,91 × 222,25 × 12,7 mm para haste ou êmbolo de cilindro hidráulico e pneumático. Evita o contato metal com metal e absorve cargas laterais. Fabricação PK Vedações, código GNY.5240.","Anel guia (elemento de guia) com diâmetro interno de 215,91 mm, diâmetro externo de 222,25 mm e altura de 12,7 mm. Código PK Vedações GNY.5240. A referência de catálogo equivalente aparece em “Substitui / equivale a”.

O anel guia mantém a haste e o êmbolo centrados dentro da camisa do cilindro. Ele evita o contato metal com metal entre os componentes, absorve as cargas radiais causadas por esforço lateral e protege as gaxetas, que passam a trabalhar alinhadas e dentro da folga prevista. É o componente que garante a vida útil programada da vedação.

Como conferir a medida: diâmetro interno, diâmetro externo e altura (largura do canal). O canal recebe o anel com a folga de montagem prevista no projeto do cilindro; meça com paquímetro antes de pedir."
"gny-5070-w1-1375-500","111","Anel guia 30,92 × 34,92 × 12,7 mm para haste ou êmbolo de cilindro hidráulico e pneumático. Evita o contato metal com metal e absorve cargas laterais. Fabricação PK Vedações, código GNY.5070.","Anel guia (elemento de guia) com diâmetro interno de 30,92 mm, diâmetro externo de 34,92 mm e altura de 12,7 mm. Código PK Vedações GNY.5070. A referência de catálogo equivalente aparece em “Substitui / equivale a”.

O anel guia mantém a haste e o êmbolo centrados dentro da camisa do cilindro. Ele evita o contato metal com metal entre os componentes, absorve as cargas radiais causadas por esforço lateral e protege as gaxetas, que passam a trabalhar alinhadas e dentro da folga prevista. É o componente que garante a vida útil programada da vedação.

Como conferir a medida: diâmetro interno, diâmetro externo e altura (largura do canal). O canal recebe o anel com a folga de montagem prevista no projeto do cilindro; meça com paquímetro antes de pedir."
"gny-5165-w1-1400-500","111","Anel guia 31,56 × 35,56 × 12,7 mm para haste ou êmbolo de cilindro hidráulico e pneumático. Evita o contato metal com metal e absorve cargas laterais. Fabricação PK Vedações, código GNY.5165.","Anel guia (elemento de guia) com diâmetro interno de 31,56 mm, diâmetro externo de 35,56 mm e altura de 12,7 mm. Código PK Vedações GNY.5165. A referência de catálogo equivalente aparece em “Substitui / equivale a”.

O anel guia mantém a haste e o êmbolo centrados dentro da camisa do cilindro. Ele evita o contato metal com metal entre os componentes, absorve as cargas radiais causadas por esforço lateral e protege as gaxetas, que passam a trabalhar alinhadas e dentro da folga prevista. É o componente que garante a vida útil programada da vedação.

Como conferir a medida: diâmetro interno, diâmetro externo e altura (largura do canal). O canal recebe o anel com a folga de montagem prevista no projeto do cilindro; meça com paquímetro antes de pedir."
"gny-5058-w2-1500-500","111","Anel guia 31,75 × 38,1 × 12,7 mm para haste ou êmbolo de cilindro hidráulico e pneumático. Evita o contato metal com metal e absorve cargas laterais. Fabricação PK Vedações, código GNY.5058.","Anel guia (elemento de guia) com diâmetro interno de 31,75 mm, diâmetro externo de 38,1 mm e altura de 12,7 mm. Código PK Vedações GNY.5058. A referência de catálogo equivalente aparece em “Substitui / equivale a”.

O anel guia mantém a haste e o êmbolo centrados dentro da camisa do cilindro. Ele evita o contato metal com metal entre os componentes, absorve as cargas radiais causadas por esforço lateral e protege as gaxetas, que passam a trabalhar alinhadas e dentro da folga prevista. É o componente que garante a vida útil programada da vedação.

Como conferir a medida: diâmetro interno, diâmetro externo e altura (largura do canal). O canal recebe o anel com a folga de montagem prevista no projeto do cilindro; meça com paquímetro antes de pedir."
"gny-5082-w1-1650-500","111","Anel guia 37,9 × 41,9 × 12,7 mm para haste ou êmbolo de cilindro hidráulico e pneumático. Evita o contato metal com metal e absorve cargas laterais. Fabricação PK Vedações, código GNY.5082.","Anel guia (elemento de guia) com diâmetro interno de 37,9 mm, diâmetro externo de 41,9 mm e altura de 12,7 mm. Código PK Vedações GNY.5082. A referência de catálogo equivalente aparece em “Substitui / equivale a”.

O anel guia mantém a haste e o êmbolo centrados dentro da camisa do cilindro. Ele evita o contato metal com metal entre os componentes, absorve as cargas radiais causadas por esforço lateral e protege as gaxetas, que passam a trabalhar alinhadas e dentro da folga prevista. É o componente que garante a vida útil programada da vedação.

Como conferir a medida: diâmetro interno, diâmetro externo e altura (largura do canal). O canal recebe o anel com a folga de montagem prevista no projeto do cilindro; meça com paquímetro antes de pedir."
"gny-5042-w2-1750-500","111","Anel guia 38,1 × 44,45 × 12,7 mm para haste ou êmbolo de cilindro hidráulico e pneumático. Evita o contato metal com metal e absorve cargas laterais. Fabricação PK Vedações, código GNY.5042.","Anel guia (elemento de guia) com diâmetro interno de 38,1 mm, diâmetro externo de 44,45 mm e altura de 12,7 mm. Código PK Vedações GNY.5042. A referência de catálogo equivalente aparece em “Substitui / equivale a”.

O anel guia mantém a haste e o êmbolo centrados dentro da camisa do cilindro. Ele evita o contato metal com metal entre os componentes, absorve as cargas radiais causadas por esforço lateral e protege as gaxetas, que passam a trabalhar alinhadas e dentro da folga prevista. É o componente que garante a vida útil programada da vedação.

Como conferir a medida: diâmetro interno, diâmetro externo e altura (largura do canal). O canal recebe o anel com a folga de montagem prevista no projeto do cilindro; meça com paquímetro antes de pedir."
"gny-5111-w2-1750-375","111","Anel guia 38,25 × 44,45 × 9,5 mm para haste ou êmbolo de cilindro hidráulico e pneumático. Evita o contato metal com metal e absorve cargas laterais. Fabricação PK Vedações, código GNY.5111.","Anel guia (elemento de guia) com diâmetro interno de 38,25 mm, diâmetro externo de 44,45 mm e altura de 9,5 mm. Código PK Vedações GNY.5111. A referência de catálogo equivalente aparece em “Substitui / equivale a”.

O anel guia mantém a haste e o êmbolo centrados dentro da camisa do cilindro. Ele evita o contato metal com metal entre os componentes, absorve as cargas radiais causadas por esforço lateral e protege as gaxetas, que passam a trabalhar alinhadas e dentro da folga prevista. É o componente que garante a vida útil programada da vedação.

Como conferir a medida: diâmetro interno, diâmetro externo e altura (largura do canal). O canal recebe o anel com a folga de montagem prevista no projeto do cilindro; meça com paquímetro antes de pedir."
"gny-5014-w2-1875-500","111","Anel guia 41,27 × 47,62 × 12,7 mm para haste ou êmbolo de cilindro hidráulico e pneumático. Evita o contato metal com metal e absorve cargas laterais. Fabricação PK Vedações, código GNY.5014.","Anel guia (elemento de guia) com diâmetro interno de 41,27 mm, diâmetro externo de 47,62 mm e altura de 12,7 mm. Código PK Vedações GNY.5014. A referência de catálogo equivalente aparece em “Substitui / equivale a”.

O anel guia mantém a haste e o êmbolo centrados dentro da camisa do cilindro. Ele evita o contato metal com metal entre os componentes, absorve as cargas radiais causadas por esforço lateral e protege as gaxetas, que passam a trabalhar alinhadas e dentro da folga prevista. É o componente que garante a vida útil programada da vedação.

Como conferir a medida: diâmetro interno, diâmetro externo e altura (largura do canal). O canal recebe o anel com a folga de montagem prevista no projeto do cilindro; meça com paquímetro antes de pedir."
"gny-5050-w2-2000-427","111","Anel guia 44,45 × 50,8 × 10,84 mm para haste ou êmbolo de cilindro hidráulico e pneumático. Evita o contato metal com metal e absorve cargas laterais. Fabricação PK Vedações, código GNY.5050.","Anel guia (elemento de guia) com diâmetro interno de 44,45 mm, diâmetro externo de 50,8 mm e altura de 10,84 mm. Código PK Vedações GNY.5050. A referência de catálogo equivalente aparece em “Substitui / equivale a”.

O anel guia mantém a haste e o êmbolo centrados dentro da camisa do cilindro. Ele evita o contato metal com metal entre os componentes, absorve as cargas radiais causadas por esforço lateral e protege as gaxetas, que passam a trabalhar alinhadas e dentro da folga prevista. É o componente que garante a vida útil programada da vedação.

Como conferir a medida: diâmetro interno, diâmetro externo e altura (largura do canal). O canal recebe o anel com a folga de montagem prevista no projeto do cilindro; meça com paquímetro antes de pedir."
"gny-5002-w2-2000-500","111","Anel guia 44,45 × 50,8 × 12,7 mm para haste ou êmbolo de cilindro hidráulico e pneumático. Evita o contato metal com metal e absorve cargas laterais. Fabricação PK Vedações, código GNY.5002.","Anel guia (elemento de guia) com diâmetro interno de 44,45 mm, diâmetro externo de 50,8 mm e altura de 12,7 mm. Código PK Vedações GNY.5002. A referência de catálogo equivalente aparece em “Substitui / equivale a”.

O anel guia mantém a haste e o êmbolo centrados dentro da camisa do cilindro. Ele evita o contato metal com metal entre os componentes, absorve as cargas radiais causadas por esforço lateral e protege as gaxetas, que passam a trabalhar alinhadas e dentro da folga prevista. É o componente que garante a vida útil programada da vedação.

Como conferir a medida: diâmetro interno, diâmetro externo e altura (largura do canal). O canal recebe o anel com a folga de montagem prevista no projeto do cilindro; meça com paquímetro antes de pedir."
"gny-5059-w2-2000-625","111","Anel guia 44,45 × 50,8 × 15,87 mm para haste ou êmbolo de cilindro hidráulico e pneumático. Evita o contato metal com metal e absorve cargas laterais. Fabricação PK Vedações, código GNY.5059.","Anel guia (elemento de guia) com diâmetro interno de 44,45 mm, diâmetro externo de 50,8 mm e altura de 15,87 mm. Código PK Vedações GNY.5059. A referência de catálogo equivalente aparece em “Substitui / equivale a”.

O anel guia mantém a haste e o êmbolo centrados dentro da camisa do cilindro. Ele evita o contato metal com metal entre os componentes, absorve as cargas radiais causadas por esforço lateral e protege as gaxetas, que passam a trabalhar alinhadas e dentro da folga prevista. É o componente que garante a vida útil programada da vedação.

Como conferir a medida: diâmetro interno, diâmetro externo e altura (largura do canal). O canal recebe o anel com a folga de montagem prevista no projeto do cilindro; meça com paquímetro antes de pedir."
"gny-5037-w2-2000-1000","111","Anel guia 44,45 × 50,8 × 25,4 mm para haste ou êmbolo de cilindro hidráulico e pneumático. Evita o contato metal com metal e absorve cargas laterais. Fabricação PK Vedações, código GNY.5037.","Anel guia (elemento de guia) com diâmetro interno de 44,45 mm, diâmetro externo de 50,8 mm e altura de 25,4 mm. Código PK Vedações GNY.5037. A referência de catálogo equivalente aparece em “Substitui / equivale a”.

O anel guia mantém a haste e o êmbolo centrados dentro da camisa do cilindro. Ele evita o contato metal com metal entre os componentes, absorve as cargas radiais causadas por esforço lateral e protege as gaxetas, que passam a trabalhar alinhadas e dentro da folga prevista. É o componente que garante a vida útil programada da vedação.

Como conferir a medida: diâmetro interno, diâmetro externo e altura (largura do canal). O canal recebe o anel com a folga de montagem prevista no projeto do cilindro; meça com paquímetro antes de pedir."
"gny-5039-w2-2000-375","111","Anel guia 44,45 × 50,8 × 9,52 mm para haste ou êmbolo de cilindro hidráulico e pneumático. Evita o contato metal com metal e absorve cargas laterais. Fabricação PK Vedações, código GNY.5039.","Anel guia (elemento de guia) com diâmetro interno de 44,45 mm, diâmetro externo de 50,8 mm e altura de 9,52 mm. Código PK Vedações GNY.5039. A referência de catálogo equivalente aparece em “Substitui / equivale a”.

O anel guia mantém a haste e o êmbolo centrados dentro da camisa do cilindro. Ele evita o contato metal com metal entre os componentes, absorve as cargas radiais causadas por esforço lateral e protege as gaxetas, que passam a trabalhar alinhadas e dentro da folga prevista. É o componente que garante a vida útil programada da vedação.

Como conferir a medida: diâmetro interno, diâmetro externo e altura (largura do canal). O canal recebe o anel com a folga de montagem prevista no projeto do cilindro; meça com paquímetro antes de pedir."
"gny-5170-w2-2250-375","111","Anel guia 50,81 × 57,15 × 9,52 mm para haste ou êmbolo de cilindro hidráulico e pneumático. Evita o contato metal com metal e absorve cargas laterais. Fabricação PK Vedações, código GNY.5170.","Anel guia (elemento de guia) com diâmetro interno de 50,81 mm, diâmetro externo de 57,15 mm e altura de 9,52 mm. Código PK Vedações GNY.5170. A referência de catálogo equivalente aparece em “Substitui / equivale a”.

O anel guia mantém a haste e o êmbolo centrados dentro da camisa do cilindro. Ele evita o contato metal com metal entre os componentes, absorve as cargas radiais causadas por esforço lateral e protege as gaxetas, que passam a trabalhar alinhadas e dentro da folga prevista. É o componente que garante a vida útil programada da vedação.

Como conferir a medida: diâmetro interno, diâmetro externo e altura (largura do canal). O canal recebe o anel com a folga de montagem prevista no projeto do cilindro; meça com paquímetro antes de pedir."
"gny-5003-w2-2250-500","111","Anel guia 50,8 × 57,15 × 12,7 mm para haste ou êmbolo de cilindro hidráulico e pneumático. Evita o contato metal com metal e absorve cargas laterais. Fabricação PK Vedações, código GNY.5003.","Anel guia (elemento de guia) com diâmetro interno de 50,8 mm, diâmetro externo de 57,15 mm e altura de 12,7 mm. Código PK Vedações GNY.5003. A referência de catálogo equivalente aparece em “Substitui / equivale a”.

O anel guia mantém a haste e o êmbolo centrados dentro da camisa do cilindro. Ele evita o contato metal com metal entre os componentes, absorve as cargas radiais causadas por esforço lateral e protege as gaxetas, que passam a trabalhar alinhadas e dentro da folga prevista. É o componente que garante a vida útil programada da vedação.

Como conferir a medida: diâmetro interno, diâmetro externo e altura (largura do canal). O canal recebe o anel com a folga de montagem prevista no projeto do cilindro; meça com paquímetro antes de pedir."
"gny-5023-6w3-2125-988","111","Anel guia 51 × 54 × 25,1 mm para haste ou êmbolo de cilindro hidráulico e pneumático. Evita o contato metal com metal e absorve cargas laterais. Fabricação PK Vedações, código GNY.5023.","Anel guia (elemento de guia) com diâmetro interno de 51 mm, diâmetro externo de 54 mm e altura de 25,1 mm. Código PK Vedações GNY.5023. A referência de catálogo equivalente aparece em “Substitui / equivale a”.

O anel guia mantém a haste e o êmbolo centrados dentro da camisa do cilindro. Ele evita o contato metal com metal entre os componentes, absorve as cargas radiais causadas por esforço lateral e protege as gaxetas, que passam a trabalhar alinhadas e dentro da folga prevista. É o componente que garante a vida útil programada da vedação.

Como conferir a medida: diâmetro interno, diâmetro externo e altura (largura do canal). O canal recebe o anel com a folga de montagem prevista no projeto do cilindro; meça com paquímetro antes de pedir."
"gny-5060-w2-2500-427","111","Anel guia 57,15 × 63,5 × 10,84 mm para haste ou êmbolo de cilindro hidráulico e pneumático. Evita o contato metal com metal e absorve cargas laterais. Fabricação PK Vedações, código GNY.5060.","Anel guia (elemento de guia) com diâmetro interno de 57,15 mm, diâmetro externo de 63,5 mm e altura de 10,84 mm. Código PK Vedações GNY.5060. A referência de catálogo equivalente aparece em “Substitui / equivale a”.

O anel guia mantém a haste e o êmbolo centrados dentro da camisa do cilindro. Ele evita o contato metal com metal entre os componentes, absorve as cargas radiais causadas por esforço lateral e protege as gaxetas, que passam a trabalhar alinhadas e dentro da folga prevista. É o componente que garante a vida útil programada da vedação.

Como conferir a medida: diâmetro interno, diâmetro externo e altura (largura do canal). O canal recebe o anel com a folga de montagem prevista no projeto do cilindro; meça com paquímetro antes de pedir."
"gny-5004-w2-2500-500","111","Anel guia 57,15 × 63,5 × 12,7 mm para haste ou êmbolo de cilindro hidráulico e pneumático. Evita o contato metal com metal e absorve cargas laterais. Fabricação PK Vedações, código GNY.5004.","Anel guia (elemento de guia) com diâmetro interno de 57,15 mm, diâmetro externo de 63,5 mm e altura de 12,7 mm. Código PK Vedações GNY.5004. A referência de catálogo equivalente aparece em “Substitui / equivale a”.

O anel guia mantém a haste e o êmbolo centrados dentro da camisa do cilindro. Ele evita o contato metal com metal entre os componentes, absorve as cargas radiais causadas por esforço lateral e protege as gaxetas, que passam a trabalhar alinhadas e dentro da folga prevista. É o componente que garante a vida útil programada da vedação.

Como conferir a medida: diâmetro interno, diâmetro externo e altura (largura do canal). O canal recebe o anel com a folga de montagem prevista no projeto do cilindro; meça com paquímetro antes de pedir."
"gny-5036-w2-2500-1000","111","Anel guia 57,15 × 63,5 × 25,4 mm para haste ou êmbolo de cilindro hidráulico e pneumático. Evita o contato metal com metal e absorve cargas laterais. Fabricação PK Vedações, código GNY.5036.","Anel guia (elemento de guia) com diâmetro interno de 57,15 mm, diâmetro externo de 63,5 mm e altura de 25,4 mm. Código PK Vedações GNY.5036. A referência de catálogo equivalente aparece em “Substitui / equivale a”.

O anel guia mantém a haste e o êmbolo centrados dentro da camisa do cilindro. Ele evita o contato metal com metal entre os componentes, absorve as cargas radiais causadas por esforço lateral e protege as gaxetas, que passam a trabalhar alinhadas e dentro da folga prevista. É o componente que garante a vida útil programada da vedação.

Como conferir a medida: diâmetro interno, diâmetro externo e altura (largura do canal). O canal recebe o anel com a folga de montagem prevista no projeto do cilindro; meça com paquímetro antes de pedir."
"gny-5108-w2-2500-250","111","Anel guia 57,15 × 63,5 × 6,35 mm para haste ou êmbolo de cilindro hidráulico e pneumático. Evita o contato metal com metal e absorve cargas laterais. Fabricação PK Vedações, código GNY.5108.","Anel guia (elemento de guia) com diâmetro interno de 57,15 mm, diâmetro externo de 63,5 mm e altura de 6,35 mm. Código PK Vedações GNY.5108. A referência de catálogo equivalente aparece em “Substitui / equivale a”.

O anel guia mantém a haste e o êmbolo centrados dentro da camisa do cilindro. Ele evita o contato metal com metal entre os componentes, absorve as cargas radiais causadas por esforço lateral e protege as gaxetas, que passam a trabalhar alinhadas e dentro da folga prevista. É o componente que garante a vida útil programada da vedação.

Como conferir a medida: diâmetro interno, diâmetro externo e altura (largura do canal). O canal recebe o anel com a folga de montagem prevista no projeto do cilindro; meça com paquímetro antes de pedir."
"gny-2284-w2-2500-375","111","Anel guia 57,15 × 63,5 × 9,52 mm para haste ou êmbolo de cilindro hidráulico e pneumático. Evita o contato metal com metal e absorve cargas laterais. Fabricação PK Vedações, código GNY.2284.","Anel guia (elemento de guia) com diâmetro interno de 57,15 mm, diâmetro externo de 63,5 mm e altura de 9,52 mm. Código PK Vedações GNY.2284. A referência de catálogo equivalente aparece em “Substitui / equivale a”.

O anel guia mantém a haste e o êmbolo centrados dentro da camisa do cilindro. Ele evita o contato metal com metal entre os componentes, absorve as cargas radiais causadas por esforço lateral e protege as gaxetas, que passam a trabalhar alinhadas e dentro da folga prevista. É o componente que garante a vida útil programada da vedação.

Como conferir a medida: diâmetro interno, diâmetro externo e altura (largura do canal). O canal recebe o anel com a folga de montagem prevista no projeto do cilindro; meça com paquímetro antes de pedir."
"gny-5161-sr","111","Anel guia 58,6 × 62 × 8 mm para haste ou êmbolo de cilindro hidráulico e pneumático. Evita o contato metal com metal e absorve cargas laterais. Fabricação PK Vedações, código GNY.5161.","Anel guia (elemento de guia) com diâmetro interno de 58,6 mm, diâmetro externo de 62 mm e altura de 8 mm. Código PK Vedações GNY.5161. A referência de catálogo equivalente aparece em “Substitui / equivale a”.

O anel guia mantém a haste e o êmbolo centrados dentro da camisa do cilindro. Ele evita o contato metal com metal entre os componentes, absorve as cargas radiais causadas por esforço lateral e protege as gaxetas, que passam a trabalhar alinhadas e dentro da folga prevista. É o componente que garante a vida útil programada da vedação.

Como conferir a medida: diâmetro interno, diâmetro externo e altura (largura do canal). O canal recebe o anel com a folga de montagem prevista no projeto do cilindro; meça com paquímetro antes de pedir."
"gny-5140-6w3-2559-590","111","Anel guia 62 × 65 × 15 mm para haste ou êmbolo de cilindro hidráulico e pneumático. Evita o contato metal com metal e absorve cargas laterais. Fabricação PK Vedações, código GNY.5140.","Anel guia (elemento de guia) com diâmetro interno de 62 mm, diâmetro externo de 65 mm e altura de 15 mm. Código PK Vedações GNY.5140. A referência de catálogo equivalente aparece em “Substitui / equivale a”.

O anel guia mantém a haste e o êmbolo centrados dentro da camisa do cilindro. Ele evita o contato metal com metal entre os componentes, absorve as cargas radiais causadas por esforço lateral e protege as gaxetas, que passam a trabalhar alinhadas e dentro da folga prevista. É o componente que garante a vida útil programada da vedação.

Como conferir a medida: diâmetro interno, diâmetro externo e altura (largura do canal). O canal recebe o anel com a folga de montagem prevista no projeto do cilindro; meça com paquímetro antes de pedir."
"gny-5005-w2-2750-500","111","Anel guia 63,5 × 69,85 × 12,7 mm para haste ou êmbolo de cilindro hidráulico e pneumático. Evita o contato metal com metal e absorve cargas laterais. Fabricação PK Vedações, código GNY.5005.","Anel guia (elemento de guia) com diâmetro interno de 63,5 mm, diâmetro externo de 69,85 mm e altura de 12,7 mm. Código PK Vedações GNY.5005. A referência de catálogo equivalente aparece em “Substitui / equivale a”.

O anel guia mantém a haste e o êmbolo centrados dentro da camisa do cilindro. Ele evita o contato metal com metal entre os componentes, absorve as cargas radiais causadas por esforço lateral e protege as gaxetas, que passam a trabalhar alinhadas e dentro da folga prevista. É o componente que garante a vida útil programada da vedação.

Como conferir a medida: diâmetro interno, diâmetro externo e altura (largura do canal). O canal recebe o anel com a folga de montagem prevista no projeto do cilindro; meça com paquímetro antes de pedir."
"gny-5015-w2-2750-375","111","Anel guia 63,5 × 69,85 × 9,52 mm para haste ou êmbolo de cilindro hidráulico e pneumático. Evita o contato metal com metal e absorve cargas laterais. Fabricação PK Vedações, código GNY.5015.","Anel guia (elemento de guia) com diâmetro interno de 63,5 mm, diâmetro externo de 69,85 mm e altura de 9,52 mm. Código PK Vedações GNY.5015. A referência de catálogo equivalente aparece em “Substitui / equivale a”.

O anel guia mantém a haste e o êmbolo centrados dentro da camisa do cilindro. Ele evita o contato metal com metal entre os componentes, absorve as cargas radiais causadas por esforço lateral e protege as gaxetas, que passam a trabalhar alinhadas e dentro da folga prevista. É o componente que garante a vida útil programada da vedação.

Como conferir a medida: diâmetro interno, diâmetro externo e altura (largura do canal). O canal recebe o anel com a folga de montagem prevista no projeto do cilindro; meça com paquímetro antes de pedir."
"gny-5068-w2-2937-1000","111","Anel guia 68,27 × 74,61 × 25,4 mm para haste ou êmbolo de cilindro hidráulico e pneumático. Evita o contato metal com metal e absorve cargas laterais. Fabricação PK Vedações, código GNY.5068.","Anel guia (elemento de guia) com diâmetro interno de 68,27 mm, diâmetro externo de 74,61 mm e altura de 25,4 mm. Código PK Vedações GNY.5068. A referência de catálogo equivalente aparece em “Substitui / equivale a”.

O anel guia mantém a haste e o êmbolo centrados dentro da camisa do cilindro. Ele evita o contato metal com metal entre os componentes, absorve as cargas radiais causadas por esforço lateral e protege as gaxetas, que passam a trabalhar alinhadas e dentro da folga prevista. É o componente que garante a vida útil programada da vedação.

Como conferir a medida: diâmetro interno, diâmetro externo e altura (largura do canal). O canal recebe o anel com a folga de montagem prevista no projeto do cilindro; meça com paquímetro antes de pedir."
"gny-5051-w2-3000-427","111","Anel guia 69,85 × 76,2 × 10,84 mm para haste ou êmbolo de cilindro hidráulico e pneumático. Evita o contato metal com metal e absorve cargas laterais. Fabricação PK Vedações, código GNY.5051.","Anel guia (elemento de guia) com diâmetro interno de 69,85 mm, diâmetro externo de 76,2 mm e altura de 10,84 mm. Código PK Vedações GNY.5051. A referência de catálogo equivalente aparece em “Substitui / equivale a”.

O anel guia mantém a haste e o êmbolo centrados dentro da camisa do cilindro. Ele evita o contato metal com metal entre os componentes, absorve as cargas radiais causadas por esforço lateral e protege as gaxetas, que passam a trabalhar alinhadas e dentro da folga prevista. É o componente que garante a vida útil programada da vedação.

Como conferir a medida: diâmetro interno, diâmetro externo e altura (largura do canal). O canal recebe o anel com a folga de montagem prevista no projeto do cilindro; meça com paquímetro antes de pedir."
"gny-5006-w2-3000-500","111","Anel guia 69,85 × 76,2 × 12,7 mm para haste ou êmbolo de cilindro hidráulico e pneumático. Evita o contato metal com metal e absorve cargas laterais. Fabricação PK Vedações, código GNY.5006.","Anel guia (elemento de guia) com diâmetro interno de 69,85 mm, diâmetro externo de 76,2 mm e altura de 12,7 mm. Código PK Vedações GNY.5006. A referência de catálogo equivalente aparece em “Substitui / equivale a”.

O anel guia mantém a haste e o êmbolo centrados dentro da camisa do cilindro. Ele evita o contato metal com metal entre os componentes, absorve as cargas radiais causadas por esforço lateral e protege as gaxetas, que passam a trabalhar alinhadas e dentro da folga prevista. É o componente que garante a vida útil programada da vedação.

Como conferir a medida: diâmetro interno, diâmetro externo e altura (largura do canal). O canal recebe o anel com a folga de montagem prevista no projeto do cilindro; meça com paquímetro antes de pedir."
"gny-5054-w2-3000-625","111","Anel guia 69,85 × 76,2 × 15,87 mm para haste ou êmbolo de cilindro hidráulico e pneumático. Evita o contato metal com metal e absorve cargas laterais. Fabricação PK Vedações, código GNY.5054.","Anel guia (elemento de guia) com diâmetro interno de 69,85 mm, diâmetro externo de 76,2 mm e altura de 15,87 mm. Código PK Vedações GNY.5054. A referência de catálogo equivalente aparece em “Substitui / equivale a”.

O anel guia mantém a haste e o êmbolo centrados dentro da camisa do cilindro. Ele evita o contato metal com metal entre os componentes, absorve as cargas radiais causadas por esforço lateral e protege as gaxetas, que passam a trabalhar alinhadas e dentro da folga prevista. É o componente que garante a vida útil programada da vedação.

Como conferir a medida: diâmetro interno, diâmetro externo e altura (largura do canal). O canal recebe o anel com a folga de montagem prevista no projeto do cilindro; meça com paquímetro antes de pedir."
"gny-5035-w2-3000-1000","111","Anel guia 69,85 × 76,2 × 25,4 mm para haste ou êmbolo de cilindro hidráulico e pneumático. Evita o contato metal com metal e absorve cargas laterais. Fabricação PK Vedações, código GNY.5035.","Anel guia (elemento de guia) com diâmetro interno de 69,85 mm, diâmetro externo de 76,2 mm e altura de 25,4 mm. Código PK Vedações GNY.5035. A referência de catálogo equivalente aparece em “Substitui / equivale a”.

O anel guia mantém a haste e o êmbolo centrados dentro da camisa do cilindro. Ele evita o contato metal com metal entre os componentes, absorve as cargas radiais causadas por esforço lateral e protege as gaxetas, que passam a trabalhar alinhadas e dentro da folga prevista. É o componente que garante a vida útil programada da vedação.

Como conferir a medida: diâmetro interno, diâmetro externo e altura (largura do canal). O canal recebe o anel com a folga de montagem prevista no projeto do cilindro; meça com paquímetro antes de pedir."
"gny-5040-w2-3000-375","111","Anel guia 69,85 × 76,2 × 9,52 mm para haste ou êmbolo de cilindro hidráulico e pneumático. Evita o contato metal com metal e absorve cargas laterais. Fabricação PK Vedações, código GNY.5040.","Anel guia (elemento de guia) com diâmetro interno de 69,85 mm, diâmetro externo de 76,2 mm e altura de 9,52 mm. Código PK Vedações GNY.5040. A referência de catálogo equivalente aparece em “Substitui / equivale a”.

O anel guia mantém a haste e o êmbolo centrados dentro da camisa do cilindro. Ele evita o contato metal com metal entre os componentes, absorve as cargas radiais causadas por esforço lateral e protege as gaxetas, que passam a trabalhar alinhadas e dentro da folga prevista. É o componente que garante a vida útil programada da vedação.

Como conferir a medida: diâmetro interno, diâmetro externo e altura (largura do canal). O canal recebe o anel com a folga de montagem prevista no projeto do cilindro; meça com paquímetro antes de pedir."
"gny-5072-w2-3000-750","111","Anel guia 69,86 × 76,2 × 19,05 mm para haste ou êmbolo de cilindro hidráulico e pneumático. Evita o contato metal com metal e absorve cargas laterais. Fabricação PK Vedações, código GNY.5072.","Anel guia (elemento de guia) com diâmetro interno de 69,86 mm, diâmetro externo de 76,2 mm e altura de 19,05 mm. Código PK Vedações GNY.5072. A referência de catálogo equivalente aparece em “Substitui / equivale a”.

O anel guia mantém a haste e o êmbolo centrados dentro da camisa do cilindro. Ele evita o contato metal com metal entre os componentes, absorve as cargas radiais causadas por esforço lateral e protege as gaxetas, que passam a trabalhar alinhadas e dentro da folga prevista. É o componente que garante a vida útil programada da vedação.

Como conferir a medida: diâmetro interno, diâmetro externo e altura (largura do canal). O canal recebe o anel com a folga de montagem prevista no projeto do cilindro; meça com paquímetro antes de pedir."
"gny-5057-w5-3267-1000","111","Anel guia 72,2 × 83 × 25,4 mm para haste ou êmbolo de cilindro hidráulico e pneumático. Evita o contato metal com metal e absorve cargas laterais. Fabricação PK Vedações, código GNY.5057.","Anel guia (elemento de guia) com diâmetro interno de 72,2 mm, diâmetro externo de 83 mm e altura de 25,4 mm. Código PK Vedações GNY.5057. A referência de catálogo equivalente aparece em “Substitui / equivale a”.

O anel guia mantém a haste e o êmbolo centrados dentro da camisa do cilindro. Ele evita o contato metal com metal entre os componentes, absorve as cargas radiais causadas por esforço lateral e protege as gaxetas, que passam a trabalhar alinhadas e dentro da folga prevista. É o componente que garante a vida útil programada da vedação.

Como conferir a medida: diâmetro interno, diâmetro externo e altura (largura do canal). O canal recebe o anel com a folga de montagem prevista no projeto do cilindro; meça com paquímetro antes de pedir."
"gny-5030-w2-3250-500","111","Anel guia 76,2 × 82,55 × 12,7 mm para haste ou êmbolo de cilindro hidráulico e pneumático. Evita o contato metal com metal e absorve cargas laterais. Fabricação PK Vedações, código GNY.5030.","Anel guia (elemento de guia) com diâmetro interno de 76,2 mm, diâmetro externo de 82,55 mm e altura de 12,7 mm. Código PK Vedações GNY.5030. A referência de catálogo equivalente aparece em “Substitui / equivale a”.

O anel guia mantém a haste e o êmbolo centrados dentro da camisa do cilindro. Ele evita o contato metal com metal entre os componentes, absorve as cargas radiais causadas por esforço lateral e protege as gaxetas, que passam a trabalhar alinhadas e dentro da folga prevista. É o componente que garante a vida útil programada da vedação.

Como conferir a medida: diâmetro interno, diâmetro externo e altura (largura do canal). O canal recebe o anel com a folga de montagem prevista no projeto do cilindro; meça com paquímetro antes de pedir."
"gny-2285-w2-3250-375","111","Anel guia 76,2 × 82,55 × 9,52 mm para haste ou êmbolo de cilindro hidráulico e pneumático. Evita o contato metal com metal e absorve cargas laterais. Fabricação PK Vedações, código GNY.2285.","Anel guia (elemento de guia) com diâmetro interno de 76,2 mm, diâmetro externo de 82,55 mm e altura de 9,52 mm. Código PK Vedações GNY.2285. A referência de catálogo equivalente aparece em “Substitui / equivale a”.

O anel guia mantém a haste e o êmbolo centrados dentro da camisa do cilindro. Ele evita o contato metal com metal entre os componentes, absorve as cargas radiais causadas por esforço lateral e protege as gaxetas, que passam a trabalhar alinhadas e dentro da folga prevista. É o componente que garante a vida útil programada da vedação.

Como conferir a medida: diâmetro interno, diâmetro externo e altura (largura do canal). O canal recebe o anel com a folga de montagem prevista no projeto do cilindro; meça com paquímetro antes de pedir."
"gny-5171-tipo-l","111","Anel guia 78 × 87,52 × 15,9 mm para haste ou êmbolo de cilindro hidráulico e pneumático. Evita o contato metal com metal e absorve cargas laterais. Fabricação PK Vedações, código GNY.5171.","Anel guia (elemento de guia) com diâmetro interno de 78 mm, diâmetro externo de 87,52 mm e altura de 15,9 mm. Código PK Vedações GNY.5171. A referência de catálogo equivalente aparece em “Substitui / equivale a”.

O anel guia mantém a haste e o êmbolo centrados dentro da camisa do cilindro. Ele evita o contato metal com metal entre os componentes, absorve as cargas radiais causadas por esforço lateral e protege as gaxetas, que passam a trabalhar alinhadas e dentro da folga prevista. É o componente que garante a vida útil programada da vedação.

Como conferir a medida: diâmetro interno, diâmetro externo e altura (largura do canal). O canal recebe o anel com a folga de montagem prevista no projeto do cilindro; meça com paquímetro antes de pedir."
"gny-5168-w2-3375-500","111","Anel guia 79,38 × 85,72 × 12,7 mm para haste ou êmbolo de cilindro hidráulico e pneumático. Evita o contato metal com metal e absorve cargas laterais. Fabricação PK Vedações, código GNY.5168.","Anel guia (elemento de guia) com diâmetro interno de 79,38 mm, diâmetro externo de 85,72 mm e altura de 12,7 mm. Código PK Vedações GNY.5168. A referência de catálogo equivalente aparece em “Substitui / equivale a”.

O anel guia mantém a haste e o êmbolo centrados dentro da camisa do cilindro. Ele evita o contato metal com metal entre os componentes, absorve as cargas radiais causadas por esforço lateral e protege as gaxetas, que passam a trabalhar alinhadas e dentro da folga prevista. É o componente que garante a vida útil programada da vedação.

Como conferir a medida: diâmetro interno, diâmetro externo e altura (largura do canal). O canal recebe o anel com a folga de montagem prevista no projeto do cilindro; meça com paquímetro antes de pedir."
"gny-5062-6w2-3500-427","111","Anel guia 82,55 × 88,9 × 10,84 mm para haste ou êmbolo de cilindro hidráulico e pneumático. Evita o contato metal com metal e absorve cargas laterais. Fabricação PK Vedações, código GNY.5062.","Anel guia (elemento de guia) com diâmetro interno de 82,55 mm, diâmetro externo de 88,9 mm e altura de 10,84 mm. Código PK Vedações GNY.5062. A referência de catálogo equivalente aparece em “Substitui / equivale a”.

O anel guia mantém a haste e o êmbolo centrados dentro da camisa do cilindro. Ele evita o contato metal com metal entre os componentes, absorve as cargas radiais causadas por esforço lateral e protege as gaxetas, que passam a trabalhar alinhadas e dentro da folga prevista. É o componente que garante a vida útil programada da vedação.

Como conferir a medida: diâmetro interno, diâmetro externo e altura (largura do canal). O canal recebe o anel com a folga de montagem prevista no projeto do cilindro; meça com paquímetro antes de pedir."
"gny-5007-w2-3500-500","111","Anel guia 82,55 × 88,9 × 12,7 mm para haste ou êmbolo de cilindro hidráulico e pneumático. Evita o contato metal com metal e absorve cargas laterais. Fabricação PK Vedações, código GNY.5007.","Anel guia (elemento de guia) com diâmetro interno de 82,55 mm, diâmetro externo de 88,9 mm e altura de 12,7 mm. Código PK Vedações GNY.5007. A referência de catálogo equivalente aparece em “Substitui / equivale a”.

O anel guia mantém a haste e o êmbolo centrados dentro da camisa do cilindro. Ele evita o contato metal com metal entre os componentes, absorve as cargas radiais causadas por esforço lateral e protege as gaxetas, que passam a trabalhar alinhadas e dentro da folga prevista. É o componente que garante a vida útil programada da vedação.

Como conferir a medida: diâmetro interno, diâmetro externo e altura (largura do canal). O canal recebe o anel com a folga de montagem prevista no projeto do cilindro; meça com paquímetro antes de pedir."
"gny-5061-w2-3500-1000","111","Anel guia 82,55 × 88,9 × 25,4 mm para haste ou êmbolo de cilindro hidráulico e pneumático. Evita o contato metal com metal e absorve cargas laterais. Fabricação PK Vedações, código GNY.5061.","Anel guia (elemento de guia) com diâmetro interno de 82,55 mm, diâmetro externo de 88,9 mm e altura de 25,4 mm. Código PK Vedações GNY.5061. A referência de catálogo equivalente aparece em “Substitui / equivale a”.

O anel guia mantém a haste e o êmbolo centrados dentro da camisa do cilindro. Ele evita o contato metal com metal entre os componentes, absorve as cargas radiais causadas por esforço lateral e protege as gaxetas, que passam a trabalhar alinhadas e dentro da folga prevista. É o componente que garante a vida útil programada da vedação.

Como conferir a medida: diâmetro interno, diâmetro externo e altura (largura do canal). O canal recebe o anel com a folga de montagem prevista no projeto do cilindro; meça com paquímetro antes de pedir."
"gny-1225-w2-3500-375","111","Anel guia 82,55 × 88,9 × 9,52 mm para haste ou êmbolo de cilindro hidráulico e pneumático. Evita o contato metal com metal e absorve cargas laterais. Fabricação PK Vedações, código GNY.1225.","Anel guia (elemento de guia) com diâmetro interno de 82,55 mm, diâmetro externo de 88,9 mm e altura de 9,52 mm. Código PK Vedações GNY.1225. A referência de catálogo equivalente aparece em “Substitui / equivale a”.

O anel guia mantém a haste e o êmbolo centrados dentro da camisa do cilindro. Ele evita o contato metal com metal entre os componentes, absorve as cargas radiais causadas por esforço lateral e protege as gaxetas, que passam a trabalhar alinhadas e dentro da folga prevista. É o componente que garante a vida útil programada da vedação.

Como conferir a medida: diâmetro interno, diâmetro externo e altura (largura do canal). O canal recebe o anel com a folga de montagem prevista no projeto do cilindro; meça com paquímetro antes de pedir."
"gny-5107-w2-3625-500","111","Anel guia 85,73 × 92,07 × 12,7 mm para haste ou êmbolo de cilindro hidráulico e pneumático. Evita o contato metal com metal e absorve cargas laterais. Fabricação PK Vedações, código GNY.5107.","Anel guia (elemento de guia) com diâmetro interno de 85,73 mm, diâmetro externo de 92,07 mm e altura de 12,7 mm. Código PK Vedações GNY.5107. A referência de catálogo equivalente aparece em “Substitui / equivale a”.

O anel guia mantém a haste e o êmbolo centrados dentro da camisa do cilindro. Ele evita o contato metal com metal entre os componentes, absorve as cargas radiais causadas por esforço lateral e protege as gaxetas, que passam a trabalhar alinhadas e dentro da folga prevista. É o componente que garante a vida útil programada da vedação.

Como conferir a medida: diâmetro interno, diâmetro externo e altura (largura do canal). O canal recebe o anel com a folga de montagem prevista no projeto do cilindro; meça com paquímetro antes de pedir."
"gny-5008-w2-3750-500","111","Anel guia 88,9 × 95,25 × 12,7 mm para haste ou êmbolo de cilindro hidráulico e pneumático. Evita o contato metal com metal e absorve cargas laterais. Fabricação PK Vedações, código GNY.5008.","Anel guia (elemento de guia) com diâmetro interno de 88,9 mm, diâmetro externo de 95,25 mm e altura de 12,7 mm. Código PK Vedações GNY.5008. A referência de catálogo equivalente aparece em “Substitui / equivale a”.

O anel guia mantém a haste e o êmbolo centrados dentro da camisa do cilindro. Ele evita o contato metal com metal entre os componentes, absorve as cargas radiais causadas por esforço lateral e protege as gaxetas, que passam a trabalhar alinhadas e dentro da folga prevista. É o componente que garante a vida útil programada da vedação.

Como conferir a medida: diâmetro interno, diâmetro externo e altura (largura do canal). O canal recebe o anel com a folga de montagem prevista no projeto do cilindro; meça com paquímetro antes de pedir."
"gny-5123-tipo-l","111","Anel guia 91 × 100,4 × 15,9 mm para haste ou êmbolo de cilindro hidráulico e pneumático. Evita o contato metal com metal e absorve cargas laterais. Fabricação PK Vedações, código GNY.5123.","Anel guia (elemento de guia) com diâmetro interno de 91 mm, diâmetro externo de 100,4 mm e altura de 15,9 mm. Código PK Vedações GNY.5123. A referência de catálogo equivalente aparece em “Substitui / equivale a”.

O anel guia mantém a haste e o êmbolo centrados dentro da camisa do cilindro. Ele evita o contato metal com metal entre os componentes, absorve as cargas radiais causadas por esforço lateral e protege as gaxetas, que passam a trabalhar alinhadas e dentro da folga prevista. É o componente que garante a vida útil programada da vedação.

Como conferir a medida: diâmetro interno, diâmetro externo e altura (largura do canal). O canal recebe o anel com a folga de montagem prevista no projeto do cilindro; meça com paquímetro antes de pedir."
"gny-5086-tipo-l","111","Anel guia 92,2 × 101,8 × 18 mm para haste ou êmbolo de cilindro hidráulico e pneumático. Evita o contato metal com metal e absorve cargas laterais. Fabricação PK Vedações, código GNY.5086.","Anel guia (elemento de guia) com diâmetro interno de 92,2 mm, diâmetro externo de 101,8 mm e altura de 18 mm. Código PK Vedações GNY.5086. A referência de catálogo equivalente aparece em “Substitui / equivale a”.

O anel guia mantém a haste e o êmbolo centrados dentro da camisa do cilindro. Ele evita o contato metal com metal entre os componentes, absorve as cargas radiais causadas por esforço lateral e protege as gaxetas, que passam a trabalhar alinhadas e dentro da folga prevista. É o componente que garante a vida útil programada da vedação.

Como conferir a medida: diâmetro interno, diâmetro externo e altura (largura do canal). O canal recebe o anel com a folga de montagem prevista no projeto do cilindro; meça com paquímetro antes de pedir."
"gny-1129-w2-4000-375","111","Anel guia 95,06 × 101,4 × 9,52 mm para haste ou êmbolo de cilindro hidráulico e pneumático. Evita o contato metal com metal e absorve cargas laterais. Fabricação PK Vedações, código GNY.1129.","Anel guia (elemento de guia) com diâmetro interno de 95,06 mm, diâmetro externo de 101,4 mm e altura de 9,52 mm. Código PK Vedações GNY.1129. A referência de catálogo equivalente aparece em “Substitui / equivale a”.

O anel guia mantém a haste e o êmbolo centrados dentro da camisa do cilindro. Ele evita o contato metal com metal entre os componentes, absorve as cargas radiais causadas por esforço lateral e protege as gaxetas, que passam a trabalhar alinhadas e dentro da folga prevista. É o componente que garante a vida útil programada da vedação.

Como conferir a medida: diâmetro interno, diâmetro externo e altura (largura do canal). O canal recebe o anel com a folga de montagem prevista no projeto do cilindro; meça com paquímetro antes de pedir."
"gny-5041-6w2-4000-427","111","Anel guia 95,25 × 101,6 × 10,84 mm para haste ou êmbolo de cilindro hidráulico e pneumático. Evita o contato metal com metal e absorve cargas laterais. Fabricação PK Vedações, código GNY.5041.","Anel guia (elemento de guia) com diâmetro interno de 95,25 mm, diâmetro externo de 101,6 mm e altura de 10,84 mm. Código PK Vedações GNY.5041. A referência de catálogo equivalente aparece em “Substitui / equivale a”.

O anel guia mantém a haste e o êmbolo centrados dentro da camisa do cilindro. Ele evita o contato metal com metal entre os componentes, absorve as cargas radiais causadas por esforço lateral e protege as gaxetas, que passam a trabalhar alinhadas e dentro da folga prevista. É o componente que garante a vida útil programada da vedação.

Como conferir a medida: diâmetro interno, diâmetro externo e altura (largura do canal). O canal recebe o anel com a folga de montagem prevista no projeto do cilindro; meça com paquímetro antes de pedir."
"gny-5009-w2-4000-500","111","Anel guia 95,25 × 101,6 × 12,7 mm para haste ou êmbolo de cilindro hidráulico e pneumático. Evita o contato metal com metal e absorve cargas laterais. Fabricação PK Vedações, código GNY.5009.","Anel guia (elemento de guia) com diâmetro interno de 95,25 mm, diâmetro externo de 101,6 mm e altura de 12,7 mm. Código PK Vedações GNY.5009. A referência de catálogo equivalente aparece em “Substitui / equivale a”.

O anel guia mantém a haste e o êmbolo centrados dentro da camisa do cilindro. Ele evita o contato metal com metal entre os componentes, absorve as cargas radiais causadas por esforço lateral e protege as gaxetas, que passam a trabalhar alinhadas e dentro da folga prevista. É o componente que garante a vida útil programada da vedação.

Como conferir a medida: diâmetro interno, diâmetro externo e altura (largura do canal). O canal recebe o anel com a folga de montagem prevista no projeto do cilindro; meça com paquímetro antes de pedir."
"gny-5056-w2-4000-625","111","Anel guia 95,25 × 101,6 × 15,87 mm para haste ou êmbolo de cilindro hidráulico e pneumático. Evita o contato metal com metal e absorve cargas laterais. Fabricação PK Vedações, código GNY.5056.","Anel guia (elemento de guia) com diâmetro interno de 95,25 mm, diâmetro externo de 101,6 mm e altura de 15,87 mm. Código PK Vedações GNY.5056. A referência de catálogo equivalente aparece em “Substitui / equivale a”.

O anel guia mantém a haste e o êmbolo centrados dentro da camisa do cilindro. Ele evita o contato metal com metal entre os componentes, absorve as cargas radiais causadas por esforço lateral e protege as gaxetas, que passam a trabalhar alinhadas e dentro da folga prevista. É o componente que garante a vida útil programada da vedação.

Como conferir a medida: diâmetro interno, diâmetro externo e altura (largura do canal). O canal recebe o anel com a folga de montagem prevista no projeto do cilindro; meça com paquímetro antes de pedir."
"gny-5067-w2-4000-1000","111","Anel guia 95,25 × 101,6 × 25,4 mm para haste ou êmbolo de cilindro hidráulico e pneumático. Evita o contato metal com metal e absorve cargas laterais. Fabricação PK Vedações, código GNY.5067.","Anel guia (elemento de guia) com diâmetro interno de 95,25 mm, diâmetro externo de 101,6 mm e altura de 25,4 mm. Código PK Vedações GNY.5067. A referência de catálogo equivalente aparece em “Substitui / equivale a”.

O anel guia mantém a haste e o êmbolo centrados dentro da camisa do cilindro. Ele evita o contato metal com metal entre os componentes, absorve as cargas radiais causadas por esforço lateral e protege as gaxetas, que passam a trabalhar alinhadas e dentro da folga prevista. É o componente que garante a vida útil programada da vedação.

Como conferir a medida: diâmetro interno, diâmetro externo e altura (largura do canal). O canal recebe o anel com a folga de montagem prevista no projeto do cilindro; meça com paquímetro antes de pedir."
"gny-5172-tipo-l","111","Anel guia 98,48 × 108 × 15,9 mm para haste ou êmbolo de cilindro hidráulico e pneumático. Evita o contato metal com metal e absorve cargas laterais. Fabricação PK Vedações, código GNY.5172.","Anel guia (elemento de guia) com diâmetro interno de 98,48 mm, diâmetro externo de 108 mm e altura de 15,9 mm. Código PK Vedações GNY.5172. A referência de catálogo equivalente aparece em “Substitui / equivale a”.

O anel guia mantém a haste e o êmbolo centrados dentro da camisa do cilindro. Ele evita o contato metal com metal entre os componentes, absorve as cargas radiais causadas por esforço lateral e protege as gaxetas, que passam a trabalhar alinhadas e dentro da folga prevista. É o componente que garante a vida útil programada da vedação.

Como conferir a medida: diâmetro interno, diâmetro externo e altura (largura do canal). O canal recebe o anel com a folga de montagem prevista no projeto do cilindro; meça com paquímetro antes de pedir."
"pkg-0070-6-27503937-473","111","Gaxeta de poliuretano tipo B, 100 × 114 × 12 mm, para vedação de haste em cilindros hidráulicos. Lábios simétricos a 45°. Fabricação PK Vedações, código PKG.0070.","Gaxeta de poliuretano (PU) tipo B com diâmetro interno de 100 mm, diâmetro externo de 114 mm e altura de 12 mm. Código PK Vedações PKG.0070. A referência de catálogo equivalente aparece em “Substitui / equivale a”.

O perfil tipo B tem lábios simétricos a 45° com chanfro, o que alinha a superfície de vedação com o centro do alojamento e aumenta a pré-carga do lábio. É o perfil indicado para a vedação de haste em cilindros hidráulicos, com comportamento estável em baixa e em alta pressão. O poliuretano oferece alta resistência à abrasão e à extrusão, o que prolonga a vida útil em relação às gaxetas tipo V e U de borracha nitrílica.

Como conferir a medida: diâmetro interno é o diâmetro da haste, diâmetro externo é o fundo do canal e altura é a largura do canal. Meça com paquímetro antes de pedir; a gaxeta precisa das três medidas iguais às do alojamento."
"pkg-0160-6-27553937-472","111","Gaxeta de poliuretano tipo B, 100 × 114 × 12 mm, para vedação de haste em cilindros hidráulicos. Lábios simétricos a 45°. Fabricação PK Vedações, código PKG.0160.","Gaxeta de poliuretano (PU) tipo B com diâmetro interno de 100 mm, diâmetro externo de 114 mm e altura de 12 mm. Código PK Vedações PKG.0160. A referência de catálogo equivalente aparece em “Substitui / equivale a”.

O perfil tipo B tem lábios simétricos a 45° com chanfro, o que alinha a superfície de vedação com o centro do alojamento e aumenta a pré-carga do lábio. É o perfil indicado para a vedação de haste em cilindros hidráulicos, com comportamento estável em baixa e em alta pressão. O poliuretano oferece alta resistência à abrasão e à extrusão, o que prolonga a vida útil em relação às gaxetas tipo V e U de borracha nitrílica.

Como conferir a medida: diâmetro interno é o diâmetro da haste, diâmetro externo é o fundo do canal e altura é a largura do canal. Meça com paquímetro antes de pedir; a gaxeta precisa das três medidas iguais às do alojamento."
"pkg-0014-6-29503937-354","111","Gaxeta de poliuretano tipo B, 100 × 115 × 9 mm, para vedação de haste em cilindros hidráulicos. Lábios simétricos a 45°. Fabricação PK Vedações, código PKG.0014.","Gaxeta de poliuretano (PU) tipo B com diâmetro interno de 100 mm, diâmetro externo de 115 mm e altura de 9 mm. Código PK Vedações PKG.0014. A referência de catálogo equivalente aparece em “Substitui / equivale a”.

O perfil tipo B tem lábios simétricos a 45° com chanfro, o que alinha a superfície de vedação com o centro do alojamento e aumenta a pré-carga do lábio. É o perfil indicado para a vedação de haste em cilindros hidráulicos, com comportamento estável em baixa e em alta pressão. O poliuretano oferece alta resistência à abrasão e à extrusão, o que prolonga a vida útil em relação às gaxetas tipo V e U de borracha nitrílica.

Como conferir a medida: diâmetro interno é o diâmetro da haste, diâmetro externo é o fundo do canal e altura é a largura do canal. Meça com paquímetro antes de pedir; a gaxeta precisa das três medidas iguais às do alojamento."
"pkg-1200-6-31503937-429","111","Gaxeta de poliuretano tipo B, 100 × 116 × 10,9 mm, para vedação de haste em cilindros hidráulicos. Lábios simétricos a 45°. Fabricação PK Vedações, código PKG.1200.","Gaxeta de poliuretano (PU) tipo B com diâmetro interno de 100 mm, diâmetro externo de 116 mm e altura de 10,9 mm. Código PK Vedações PKG.1200. A referência de catálogo equivalente aparece em “Substitui / equivale a”.

O perfil tipo B tem lábios simétricos a 45° com chanfro, o que alinha a superfície de vedação com o centro do alojamento e aumenta a pré-carga do lábio. É o perfil indicado para a vedação de haste em cilindros hidráulicos, com comportamento estável em baixa e em alta pressão. O poliuretano oferece alta resistência à abrasão e à extrusão, o que prolonga a vida útil em relação às gaxetas tipo V e U de borracha nitrílica.

Como conferir a medida: diâmetro interno é o diâmetro da haste, diâmetro externo é o fundo do canal e altura é a largura do canal. Meça com paquímetro antes de pedir; a gaxeta precisa das três medidas iguais às do alojamento."
"pkg-0990-6-39403937-625","111","Gaxeta de poliuretano tipo B, 100 × 120 × 15,87 mm, para vedação de haste em cilindros hidráulicos. Lábios simétricos a 45°. Fabricação PK Vedações, código PKG.0990.","Gaxeta de poliuretano (PU) tipo B com diâmetro interno de 100 mm, diâmetro externo de 120 mm e altura de 15,87 mm. Código PK Vedações PKG.0990. A referência de catálogo equivalente aparece em “Substitui / equivale a”.

O perfil tipo B tem lábios simétricos a 45° com chanfro, o que alinha a superfície de vedação com o centro do alojamento e aumenta a pré-carga do lábio. É o perfil indicado para a vedação de haste em cilindros hidráulicos, com comportamento estável em baixa e em alta pressão. O poliuretano oferece alta resistência à abrasão e à extrusão, o que prolonga a vida útil em relação às gaxetas tipo V e U de borracha nitrílica.

Como conferir a medida: diâmetro interno é o diâmetro da haste, diâmetro externo é o fundo do canal e altura é a largura do canal. Meça com paquímetro antes de pedir; a gaxeta precisa das três medidas iguais às do alojamento."
"pkg-1011-6-49203937-500","111","Gaxeta de poliuretano tipo B, 100 × 125 × 12,7 mm, para vedação de haste em cilindros hidráulicos. Lábios simétricos a 45°. Fabricação PK Vedações, código PKG.1011.","Gaxeta de poliuretano (PU) tipo B com diâmetro interno de 100 mm, diâmetro externo de 125 mm e altura de 12,7 mm. Código PK Vedações PKG.1011. A referência de catálogo equivalente aparece em “Substitui / equivale a”.

O perfil tipo B tem lábios simétricos a 45° com chanfro, o que alinha a superfície de vedação com o centro do alojamento e aumenta a pré-carga do lábio. É o perfil indicado para a vedação de haste em cilindros hidráulicos, com comportamento estável em baixa e em alta pressão. O poliuretano oferece alta resistência à abrasão e à extrusão, o que prolonga a vida útil em relação às gaxetas tipo V e U de borracha nitrílica.

Como conferir a medida: diâmetro interno é o diâmetro da haste, diâmetro externo é o fundo do canal e altura é a largura do canal. Meça com paquímetro antes de pedir; a gaxeta precisa das três medidas iguais às do alojamento."
"pkg-2809-18704000-375","111","Gaxeta de poliuretano tipo B, 101,6 × 111,12 × 9,52 mm, para vedação de haste em cilindros hidráulicos. Lábios simétricos a 45°. Fabricação PK Vedações, código PKG.2809.","Gaxeta de poliuretano (PU) tipo B com diâmetro interno de 101,6 mm, diâmetro externo de 111,12 mm e altura de 9,52 mm. Código PK Vedações PKG.2809. A referência de catálogo equivalente aparece em “Substitui / equivale a”.

O perfil tipo B tem lábios simétricos a 45° com chanfro, o que alinha a superfície de vedação com o centro do alojamento e aumenta a pré-carga do lábio. É o perfil indicado para a vedação de haste em cilindros hidráulicos, com comportamento estável em baixa e em alta pressão. O poliuretano oferece alta resistência à abrasão e à extrusão, o que prolonga a vida útil em relação às gaxetas tipo V e U de borracha nitrílica.

Como conferir a medida: diâmetro interno é o diâmetro da haste, diâmetro externo é o fundo do canal e altura é a largura do canal. Meça com paquímetro antes de pedir; a gaxeta precisa das três medidas iguais às do alojamento."
"pkg-0641-25004000-562","111","Gaxeta de poliuretano tipo B, 101,6 × 114,3 × 14,28 mm, para vedação de haste em cilindros hidráulicos. Lábios simétricos a 45°. Fabricação PK Vedações, código PKG.0641.","Gaxeta de poliuretano (PU) tipo B com diâmetro interno de 101,6 mm, diâmetro externo de 114,3 mm e altura de 14,28 mm. Código PK Vedações PKG.0641. A referência de catálogo equivalente aparece em “Substitui / equivale a”.

O perfil tipo B tem lábios simétricos a 45° com chanfro, o que alinha a superfície de vedação com o centro do alojamento e aumenta a pré-carga do lábio. É o perfil indicado para a vedação de haste em cilindros hidráulicos, com comportamento estável em baixa e em alta pressão. O poliuretano oferece alta resistência à abrasão e à extrusão, o que prolonga a vida útil em relação às gaxetas tipo V e U de borracha nitrílica.

Como conferir a medida: diâmetro interno é o diâmetro da haste, diâmetro externo é o fundo do canal e altura é a largura do canal. Meça com paquímetro antes de pedir; a gaxeta precisa das três medidas iguais às do alojamento."
"pkg-0598-25004000-375","111","Gaxeta de poliuretano tipo B, 101,6 × 114,3 × 9,52 mm, para vedação de haste em cilindros hidráulicos. Lábios simétricos a 45°. Fabricação PK Vedações, código PKG.0598.","Gaxeta de poliuretano (PU) tipo B com diâmetro interno de 101,6 mm, diâmetro externo de 114,3 mm e altura de 9,52 mm. Código PK Vedações PKG.0598. A referência de catálogo equivalente aparece em “Substitui / equivale a”.

O perfil tipo B tem lábios simétricos a 45° com chanfro, o que alinha a superfície de vedação com o centro do alojamento e aumenta a pré-carga do lábio. É o perfil indicado para a vedação de haste em cilindros hidráulicos, com comportamento estável em baixa e em alta pressão. O poliuretano oferece alta resistência à abrasão e à extrusão, o que prolonga a vida útil em relação às gaxetas tipo V e U de borracha nitrílica.

Como conferir a medida: diâmetro interno é o diâmetro da haste, diâmetro externo é o fundo do canal e altura é a largura do canal. Meça com paquímetro antes de pedir; a gaxeta precisa das três medidas iguais às do alojamento."
"pkg-1705-31204000-562","111","Gaxeta de poliuretano tipo B, 101,6 × 117,44 × 14,28 mm, para vedação de haste em cilindros hidráulicos. Lábios simétricos a 45°. Fabricação PK Vedações, código PKG.1705.","Gaxeta de poliuretano (PU) tipo B com diâmetro interno de 101,6 mm, diâmetro externo de 117,44 mm e altura de 14,28 mm. Código PK Vedações PKG.1705. A referência de catálogo equivalente aparece em “Substitui / equivale a”.

O perfil tipo B tem lábios simétricos a 45° com chanfro, o que alinha a superfície de vedação com o centro do alojamento e aumenta a pré-carga do lábio. É o perfil indicado para a vedação de haste em cilindros hidráulicos, com comportamento estável em baixa e em alta pressão. O poliuretano oferece alta resistência à abrasão e à extrusão, o que prolonga a vida útil em relação às gaxetas tipo V e U de borracha nitrílica.

Como conferir a medida: diâmetro interno é o diâmetro da haste, diâmetro externo é o fundo do canal e altura é a largura do canal. Meça com paquímetro antes de pedir; a gaxeta precisa das três medidas iguais às do alojamento."
"pkg-0725-37504000-625","111","Gaxeta de poliuretano tipo B, 101,6 × 120,65 × 15,87 mm, para vedação de haste em cilindros hidráulicos. Lábios simétricos a 45°. Fabricação PK Vedações, código PKG.0725.","Gaxeta de poliuretano (PU) tipo B com diâmetro interno de 101,6 mm, diâmetro externo de 120,65 mm e altura de 15,87 mm. Código PK Vedações PKG.0725. A referência de catálogo equivalente aparece em “Substitui / equivale a”.

O perfil tipo B tem lábios simétricos a 45° com chanfro, o que alinha a superfície de vedação com o centro do alojamento e aumenta a pré-carga do lábio. É o perfil indicado para a vedação de haste em cilindros hidráulicos, com comportamento estável em baixa e em alta pressão. O poliuretano oferece alta resistência à abrasão e à extrusão, o que prolonga a vida útil em relação às gaxetas tipo V e U de borracha nitrílica.

Como conferir a medida: diâmetro interno é o diâmetro da haste, diâmetro externo é o fundo do canal e altura é a largura do canal. Meça com paquímetro antes de pedir; a gaxeta precisa das três medidas iguais às do alojamento."
"pkg-1706-50004000-750","111","Gaxeta de poliuretano tipo B, 101,6 × 127 × 19,05 mm, para vedação de haste em cilindros hidráulicos. Lábios simétricos a 45°. Fabricação PK Vedações, código PKG.1706.","Gaxeta de poliuretano (PU) tipo B com diâmetro interno de 101,6 mm, diâmetro externo de 127 mm e altura de 19,05 mm. Código PK Vedações PKG.1706. A referência de catálogo equivalente aparece em “Substitui / equivale a”.

O perfil tipo B tem lábios simétricos a 45° com chanfro, o que alinha a superfície de vedação com o centro do alojamento e aumenta a pré-carga do lábio. É o perfil indicado para a vedação de haste em cilindros hidráulicos, com comportamento estável em baixa e em alta pressão. O poliuretano oferece alta resistência à abrasão e à extrusão, o que prolonga a vida útil em relação às gaxetas tipo V e U de borracha nitrílica.

Como conferir a medida: diâmetro interno é o diâmetro da haste, diâmetro externo é o fundo do canal e altura é a largura do canal. Meça com paquímetro antes de pedir; a gaxeta precisa das três medidas iguais às do alojamento."
"pkg-1708-18704125-375","111","Gaxeta de poliuretano tipo B, 104,77 × 114,3 × 9,52 mm, para vedação de haste em cilindros hidráulicos. Lábios simétricos a 45°. Fabricação PK Vedações, código PKG.1708.","Gaxeta de poliuretano (PU) tipo B com diâmetro interno de 104,77 mm, diâmetro externo de 114,3 mm e altura de 9,52 mm. Código PK Vedações PKG.1708. A referência de catálogo equivalente aparece em “Substitui / equivale a”.

O perfil tipo B tem lábios simétricos a 45° com chanfro, o que alinha a superfície de vedação com o centro do alojamento e aumenta a pré-carga do lábio. É o perfil indicado para a vedação de haste em cilindros hidráulicos, com comportamento estável em baixa e em alta pressão. O poliuretano oferece alta resistência à abrasão e à extrusão, o que prolonga a vida útil em relação às gaxetas tipo V e U de borracha nitrílica.

Como conferir a medida: diâmetro interno é o diâmetro da haste, diâmetro externo é o fundo do canal e altura é a largura do canal. Meça com paquímetro antes de pedir; a gaxeta precisa das três medidas iguais às do alojamento."
"pkg-1711-37504125-625","111","Gaxeta de poliuretano tipo B, 104,77 × 123,83 × 15,87 mm, para vedação de haste em cilindros hidráulicos. Lábios simétricos a 45°. Fabricação PK Vedações, código PKG.1711.","Gaxeta de poliuretano (PU) tipo B com diâmetro interno de 104,77 mm, diâmetro externo de 123,83 mm e altura de 15,87 mm. Código PK Vedações PKG.1711. A referência de catálogo equivalente aparece em “Substitui / equivale a”.

O perfil tipo B tem lábios simétricos a 45° com chanfro, o que alinha a superfície de vedação com o centro do alojamento e aumenta a pré-carga do lábio. É o perfil indicado para a vedação de haste em cilindros hidráulicos, com comportamento estável em baixa e em alta pressão. O poliuretano oferece alta resistência à abrasão e à extrusão, o que prolonga a vida útil em relação às gaxetas tipo V e U de borracha nitrílica.

Como conferir a medida: diâmetro interno é o diâmetro da haste, diâmetro externo é o fundo do canal e altura é a largura do canal. Meça com paquímetro antes de pedir; a gaxeta precisa das três medidas iguais às do alojamento."
"pkg-1030-25004250-562","111","Gaxeta de poliuretano tipo B, 107,95 × 120,65 × 14,28 mm, para vedação de haste em cilindros hidráulicos. Lábios simétricos a 45°. Fabricação PK Vedações, código PKG.1030.","Gaxeta de poliuretano (PU) tipo B com diâmetro interno de 107,95 mm, diâmetro externo de 120,65 mm e altura de 14,28 mm. Código PK Vedações PKG.1030. A referência de catálogo equivalente aparece em “Substitui / equivale a”.

O perfil tipo B tem lábios simétricos a 45° com chanfro, o que alinha a superfície de vedação com o centro do alojamento e aumenta a pré-carga do lábio. É o perfil indicado para a vedação de haste em cilindros hidráulicos, com comportamento estável em baixa e em alta pressão. O poliuretano oferece alta resistência à abrasão e à extrusão, o que prolonga a vida útil em relação às gaxetas tipo V e U de borracha nitrílica.

Como conferir a medida: diâmetro interno é o diâmetro da haste, diâmetro externo é o fundo do canal e altura é a largura do canal. Meça com paquímetro antes de pedir; a gaxeta precisa das três medidas iguais às do alojamento."
"pkg-1333-31204250-562","111","Gaxeta de poliuretano tipo B, 107,95 × 123,81 × 14,28 mm, para vedação de haste em cilindros hidráulicos. Lábios simétricos a 45°. Fabricação PK Vedações, código PKG.1333.","Gaxeta de poliuretano (PU) tipo B com diâmetro interno de 107,95 mm, diâmetro externo de 123,81 mm e altura de 14,28 mm. Código PK Vedações PKG.1333. A referência de catálogo equivalente aparece em “Substitui / equivale a”.

O perfil tipo B tem lábios simétricos a 45° com chanfro, o que alinha a superfície de vedação com o centro do alojamento e aumenta a pré-carga do lábio. É o perfil indicado para a vedação de haste em cilindros hidráulicos, com comportamento estável em baixa e em alta pressão. O poliuretano oferece alta resistência à abrasão e à extrusão, o que prolonga a vida útil em relação às gaxetas tipo V e U de borracha nitrílica.

Como conferir a medida: diâmetro interno é o diâmetro da haste, diâmetro externo é o fundo do canal e altura é a largura do canal. Meça com paquímetro antes de pedir; a gaxeta precisa das três medidas iguais às do alojamento."
"pkg-0091-6-31504250-472","111","Gaxeta de poliuretano tipo B, 107,95 × 123,95 × 12 mm, para vedação de haste em cilindros hidráulicos. Lábios simétricos a 45°. Fabricação PK Vedações, código PKG.0091.","Gaxeta de poliuretano (PU) tipo B com diâmetro interno de 107,95 mm, diâmetro externo de 123,95 mm e altura de 12 mm. Código PK Vedações PKG.0091. A referência de catálogo equivalente aparece em “Substitui / equivale a”.

O perfil tipo B tem lábios simétricos a 45° com chanfro, o que alinha a superfície de vedação com o centro do alojamento e aumenta a pré-carga do lábio. É o perfil indicado para a vedação de haste em cilindros hidráulicos, com comportamento estável em baixa e em alta pressão. O poliuretano oferece alta resistência à abrasão e à extrusão, o que prolonga a vida útil em relação às gaxetas tipo V e U de borracha nitrílica.

Como conferir a medida: diâmetro interno é o diâmetro da haste, diâmetro externo é o fundo do canal e altura é a largura do canal. Meça com paquímetro antes de pedir; a gaxeta precisa das três medidas iguais às do alojamento."
"pkg-0865-37504250-625","111","Gaxeta de poliuretano tipo B, 107,95 × 127 × 15,87 mm, para vedação de haste em cilindros hidráulicos. Lábios simétricos a 45°. Fabricação PK Vedações, código PKG.0865.","Gaxeta de poliuretano (PU) tipo B com diâmetro interno de 107,95 mm, diâmetro externo de 127 mm e altura de 15,87 mm. Código PK Vedações PKG.0865. A referência de catálogo equivalente aparece em “Substitui / equivale a”.

O perfil tipo B tem lábios simétricos a 45° com chanfro, o que alinha a superfície de vedação com o centro do alojamento e aumenta a pré-carga do lábio. É o perfil indicado para a vedação de haste em cilindros hidráulicos, com comportamento estável em baixa e em alta pressão. O poliuretano oferece alta resistência à abrasão e à extrusão, o que prolonga a vida útil em relação às gaxetas tipo V e U de borracha nitrílica.

Como conferir a medida: diâmetro interno é o diâmetro da haste, diâmetro externo é o fundo do canal e altura é a largura do canal. Meça com paquímetro antes de pedir; a gaxeta precisa das três medidas iguais às do alojamento."
"pkg-0807-6-31504291-413","111","Gaxeta de poliuretano tipo B, 109 × 125 × 10,5 mm, para vedação de haste em cilindros hidráulicos. Lábios simétricos a 45°. Fabricação PK Vedações, código PKG.0807.","Gaxeta de poliuretano (PU) tipo B com diâmetro interno de 109 mm, diâmetro externo de 125 mm e altura de 10,5 mm. Código PK Vedações PKG.0807. A referência de catálogo equivalente aparece em “Substitui / equivale a”.

O perfil tipo B tem lábios simétricos a 45° com chanfro, o que alinha a superfície de vedação com o centro do alojamento e aumenta a pré-carga do lábio. É o perfil indicado para a vedação de haste em cilindros hidráulicos, com comportamento estável em baixa e em alta pressão. O poliuretano oferece alta resistência à abrasão e à extrusão, o que prolonga a vida útil em relação às gaxetas tipo V e U de borracha nitrílica.

Como conferir a medida: diâmetro interno é o diâmetro da haste, diâmetro externo é o fundo do canal e altura é a largura do canal. Meça com paquímetro antes de pedir; a gaxeta precisa das três medidas iguais às do alojamento."
"pkg-0947-6-39404330-625","111","Gaxeta de poliuretano tipo B, 110 × 130 × 15,87 mm, para vedação de haste em cilindros hidráulicos. Lábios simétricos a 45°. Fabricação PK Vedações, código PKG.0947.","Gaxeta de poliuretano (PU) tipo B com diâmetro interno de 110 mm, diâmetro externo de 130 mm e altura de 15,87 mm. Código PK Vedações PKG.0947. A referência de catálogo equivalente aparece em “Substitui / equivale a”.

O perfil tipo B tem lábios simétricos a 45° com chanfro, o que alinha a superfície de vedação com o centro do alojamento e aumenta a pré-carga do lábio. É o perfil indicado para a vedação de haste em cilindros hidráulicos, com comportamento estável em baixa e em alta pressão. O poliuretano oferece alta resistência à abrasão e à extrusão, o que prolonga a vida útil em relação às gaxetas tipo V e U de borracha nitrílica.

Como conferir a medida: diâmetro interno é o diâmetro da haste, diâmetro externo é o fundo do canal e altura é a largura do canal. Meça com paquímetro antes de pedir; a gaxeta precisa das três medidas iguais às do alojamento."
"pkg-0115-18704375-375","111","Gaxeta de poliuretano tipo B, 111,12 × 120,64 × 9,52 mm, para vedação de haste em cilindros hidráulicos. Lábios simétricos a 45°. Fabricação PK Vedações, código PKG.0115.","Gaxeta de poliuretano (PU) tipo B com diâmetro interno de 111,12 mm, diâmetro externo de 120,64 mm e altura de 9,52 mm. Código PK Vedações PKG.0115. A referência de catálogo equivalente aparece em “Substitui / equivale a”.

O perfil tipo B tem lábios simétricos a 45° com chanfro, o que alinha a superfície de vedação com o centro do alojamento e aumenta a pré-carga do lábio. É o perfil indicado para a vedação de haste em cilindros hidráulicos, com comportamento estável em baixa e em alta pressão. O poliuretano oferece alta resistência à abrasão e à extrusão, o que prolonga a vida útil em relação às gaxetas tipo V e U de borracha nitrílica.

Como conferir a medida: diâmetro interno é o diâmetro da haste, diâmetro externo é o fundo do canal e altura é a largura do canal. Meça com paquímetro antes de pedir; a gaxeta precisa das três medidas iguais às do alojamento."
"pkg-1114-25004375-562","111","Gaxeta de poliuretano tipo B, 111,12 × 123,82 × 14,28 mm, para vedação de haste em cilindros hidráulicos. Lábios simétricos a 45°. Fabricação PK Vedações, código PKG.1114.","Gaxeta de poliuretano (PU) tipo B com diâmetro interno de 111,12 mm, diâmetro externo de 123,82 mm e altura de 14,28 mm. Código PK Vedações PKG.1114. A referência de catálogo equivalente aparece em “Substitui / equivale a”.

O perfil tipo B tem lábios simétricos a 45° com chanfro, o que alinha a superfície de vedação com o centro do alojamento e aumenta a pré-carga do lábio. É o perfil indicado para a vedação de haste em cilindros hidráulicos, com comportamento estável em baixa e em alta pressão. O poliuretano oferece alta resistência à abrasão e à extrusão, o que prolonga a vida útil em relação às gaxetas tipo V e U de borracha nitrílica.

Como conferir a medida: diâmetro interno é o diâmetro da haste, diâmetro externo é o fundo do canal e altura é a largura do canal. Meça com paquímetro antes de pedir; a gaxeta precisa das três medidas iguais às do alojamento."
"pkg-1716-31204375-562","111","Gaxeta de poliuretano tipo B, 111,12 × 127 × 14,28 mm, para vedação de haste em cilindros hidráulicos. Lábios simétricos a 45°. Fabricação PK Vedações, código PKG.1716.","Gaxeta de poliuretano (PU) tipo B com diâmetro interno de 111,12 mm, diâmetro externo de 127 mm e altura de 14,28 mm. Código PK Vedações PKG.1716. A referência de catálogo equivalente aparece em “Substitui / equivale a”.

O perfil tipo B tem lábios simétricos a 45° com chanfro, o que alinha a superfície de vedação com o centro do alojamento e aumenta a pré-carga do lábio. É o perfil indicado para a vedação de haste em cilindros hidráulicos, com comportamento estável em baixa e em alta pressão. O poliuretano oferece alta resistência à abrasão e à extrusão, o que prolonga a vida útil em relação às gaxetas tipo V e U de borracha nitrílica.

Como conferir a medida: diâmetro interno é o diâmetro da haste, diâmetro externo é o fundo do canal e altura é a largura do canal. Meça com paquímetro antes de pedir; a gaxeta precisa das três medidas iguais às do alojamento."
"pkg-1291-37504375-625","111","Gaxeta de poliuretano tipo B, 111,12 × 130,17 × 15,87 mm, para vedação de haste em cilindros hidráulicos. Lábios simétricos a 45°. Fabricação PK Vedações, código PKG.1291.","Gaxeta de poliuretano (PU) tipo B com diâmetro interno de 111,12 mm, diâmetro externo de 130,17 mm e altura de 15,87 mm. Código PK Vedações PKG.1291. A referência de catálogo equivalente aparece em “Substitui / equivale a”.

O perfil tipo B tem lábios simétricos a 45° com chanfro, o que alinha a superfície de vedação com o centro do alojamento e aumenta a pré-carga do lábio. É o perfil indicado para a vedação de haste em cilindros hidráulicos, com comportamento estável em baixa e em alta pressão. O poliuretano oferece alta resistência à abrasão e à extrusão, o que prolonga a vida útil em relação às gaxetas tipo V e U de borracha nitrílica.

Como conferir a medida: diâmetro interno é o diâmetro da haste, diâmetro externo é o fundo do canal e altura é a largura do canal. Meça com paquímetro antes de pedir; a gaxeta precisa das três medidas iguais às do alojamento."
"pkg-1585-12500437-250","111","Gaxeta de poliuretano tipo B, 11,1 × 17,44 × 6,35 mm, para vedação de haste em cilindros hidráulicos. Lábios simétricos a 45°. Fabricação PK Vedações, código PKG.1585.","Gaxeta de poliuretano (PU) tipo B com diâmetro interno de 11,1 mm, diâmetro externo de 17,44 mm e altura de 6,35 mm. Código PK Vedações PKG.1585. A referência de catálogo equivalente aparece em “Substitui / equivale a”.

O perfil tipo B tem lábios simétricos a 45° com chanfro, o que alinha a superfície de vedação com o centro do alojamento e aumenta a pré-carga do lábio. É o perfil indicado para a vedação de haste em cilindros hidráulicos, com comportamento estável em baixa e em alta pressão. O poliuretano oferece alta resistência à abrasão e à extrusão, o que prolonga a vida útil em relação às gaxetas tipo V e U de borracha nitrílica.

Como conferir a medida: diâmetro interno é o diâmetro da haste, diâmetro externo é o fundo do canal e altura é a largura do canal. Meça com paquímetro antes de pedir; a gaxeta precisa das três medidas iguais às do alojamento."
"pkg-1717-18704500-375","111","Gaxeta de poliuretano tipo B, 114,3 × 123,82 × 9,52 mm, para vedação de haste em cilindros hidráulicos. Lábios simétricos a 45°. Fabricação PK Vedações, código PKG.1717.","Gaxeta de poliuretano (PU) tipo B com diâmetro interno de 114,3 mm, diâmetro externo de 123,82 mm e altura de 9,52 mm. Código PK Vedações PKG.1717. A referência de catálogo equivalente aparece em “Substitui / equivale a”.

O perfil tipo B tem lábios simétricos a 45° com chanfro, o que alinha a superfície de vedação com o centro do alojamento e aumenta a pré-carga do lábio. É o perfil indicado para a vedação de haste em cilindros hidráulicos, com comportamento estável em baixa e em alta pressão. O poliuretano oferece alta resistência à abrasão e à extrusão, o que prolonga a vida útil em relação às gaxetas tipo V e U de borracha nitrílica.

Como conferir a medida: diâmetro interno é o diâmetro da haste, diâmetro externo é o fundo do canal e altura é a largura do canal. Meça com paquímetro antes de pedir; a gaxeta precisa das três medidas iguais às do alojamento."
"pkg-0998-25004500-562","111","Gaxeta de poliuretano tipo B, 114,3 × 127 × 14,28 mm, para vedação de haste em cilindros hidráulicos. Lábios simétricos a 45°. Fabricação PK Vedações, código PKG.0998.","Gaxeta de poliuretano (PU) tipo B com diâmetro interno de 114,3 mm, diâmetro externo de 127 mm e altura de 14,28 mm. Código PK Vedações PKG.0998. A referência de catálogo equivalente aparece em “Substitui / equivale a”.

O perfil tipo B tem lábios simétricos a 45° com chanfro, o que alinha a superfície de vedação com o centro do alojamento e aumenta a pré-carga do lábio. É o perfil indicado para a vedação de haste em cilindros hidráulicos, com comportamento estável em baixa e em alta pressão. O poliuretano oferece alta resistência à abrasão e à extrusão, o que prolonga a vida útil em relação às gaxetas tipo V e U de borracha nitrílica.

Como conferir a medida: diâmetro interno é o diâmetro da haste, diâmetro externo é o fundo do canal e altura é a largura do canal. Meça com paquímetro antes de pedir; a gaxeta precisa das três medidas iguais às do alojamento."
"pkg-2219-25004500-375","111","Gaxeta de poliuretano tipo B, 114,3 × 127 × 9,52 mm, para vedação de haste em cilindros hidráulicos. Lábios simétricos a 45°. Fabricação PK Vedações, código PKG.2219.","Gaxeta de poliuretano (PU) tipo B com diâmetro interno de 114,3 mm, diâmetro externo de 127 mm e altura de 9,52 mm. Código PK Vedações PKG.2219. A referência de catálogo equivalente aparece em “Substitui / equivale a”.

O perfil tipo B tem lábios simétricos a 45° com chanfro, o que alinha a superfície de vedação com o centro do alojamento e aumenta a pré-carga do lábio. É o perfil indicado para a vedação de haste em cilindros hidráulicos, com comportamento estável em baixa e em alta pressão. O poliuretano oferece alta resistência à abrasão e à extrusão, o que prolonga a vida útil em relação às gaxetas tipo V e U de borracha nitrílica.

Como conferir a medida: diâmetro interno é o diâmetro da haste, diâmetro externo é o fundo do canal e altura é a largura do canal. Meça com paquímetro antes de pedir; a gaxeta precisa das três medidas iguais às do alojamento."
"pkg-1718-31204500-625","111","Gaxeta de poliuretano tipo B, 114,3 × 130,16 × 15,87 mm, para vedação de haste em cilindros hidráulicos. Lábios simétricos a 45°. Fabricação PK Vedações, código PKG.1718.","Gaxeta de poliuretano (PU) tipo B com diâmetro interno de 114,3 mm, diâmetro externo de 130,16 mm e altura de 15,87 mm. Código PK Vedações PKG.1718. A referência de catálogo equivalente aparece em “Substitui / equivale a”.

O perfil tipo B tem lábios simétricos a 45° com chanfro, o que alinha a superfície de vedação com o centro do alojamento e aumenta a pré-carga do lábio. É o perfil indicado para a vedação de haste em cilindros hidráulicos, com comportamento estável em baixa e em alta pressão. O poliuretano oferece alta resistência à abrasão e à extrusão, o que prolonga a vida útil em relação às gaxetas tipo V e U de borracha nitrílica.

Como conferir a medida: diâmetro interno é o diâmetro da haste, diâmetro externo é o fundo do canal e altura é a largura do canal. Meça com paquímetro antes de pedir; a gaxeta precisa das três medidas iguais às do alojamento."
"pkg-1719-37504500-625","111","Gaxeta de poliuretano tipo B, 114,3 × 133,35 × 15,87 mm, para vedação de haste em cilindros hidráulicos. Lábios simétricos a 45°. Fabricação PK Vedações, código PKG.1719.","Gaxeta de poliuretano (PU) tipo B com diâmetro interno de 114,3 mm, diâmetro externo de 133,35 mm e altura de 15,87 mm. Código PK Vedações PKG.1719. A referência de catálogo equivalente aparece em “Substitui / equivale a”.

O perfil tipo B tem lábios simétricos a 45° com chanfro, o que alinha a superfície de vedação com o centro do alojamento e aumenta a pré-carga do lábio. É o perfil indicado para a vedação de haste em cilindros hidráulicos, com comportamento estável em baixa e em alta pressão. O poliuretano oferece alta resistência à abrasão e à extrusão, o que prolonga a vida útil em relação às gaxetas tipo V e U de borracha nitrílica.

Como conferir a medida: diâmetro interno é o diâmetro da haste, diâmetro externo é o fundo do canal e altura é a largura do canal. Meça com paquímetro antes de pedir; a gaxeta precisa das três medidas iguais às do alojamento."
"pkg-0796-25004625-562","111","Gaxeta de poliuretano tipo B, 117,47 × 130,17 × 14,28 mm, para vedação de haste em cilindros hidráulicos. Lábios simétricos a 45°. Fabricação PK Vedações, código PKG.0796.","Gaxeta de poliuretano (PU) tipo B com diâmetro interno de 117,47 mm, diâmetro externo de 130,17 mm e altura de 14,28 mm. Código PK Vedações PKG.0796. A referência de catálogo equivalente aparece em “Substitui / equivale a”.

O perfil tipo B tem lábios simétricos a 45° com chanfro, o que alinha a superfície de vedação com o centro do alojamento e aumenta a pré-carga do lábio. É o perfil indicado para a vedação de haste em cilindros hidráulicos, com comportamento estável em baixa e em alta pressão. O poliuretano oferece alta resistência à abrasão e à extrusão, o que prolonga a vida útil em relação às gaxetas tipo V e U de borracha nitrílica.

Como conferir a medida: diâmetro interno é o diâmetro da haste, diâmetro externo é o fundo do canal e altura é a largura do canal. Meça com paquímetro antes de pedir; a gaxeta precisa das três medidas iguais às do alojamento."
"pkg-1562-6-59004724-885","111","Gaxeta de poliuretano tipo B, 120 × 150 × 22,5 mm, para vedação de haste em cilindros hidráulicos. Lábios simétricos a 45°. Fabricação PK Vedações, código PKG.1562.","Gaxeta de poliuretano (PU) tipo B com diâmetro interno de 120 mm, diâmetro externo de 150 mm e altura de 22,5 mm. Código PK Vedações PKG.1562. A referência de catálogo equivalente aparece em “Substitui / equivale a”.

O perfil tipo B tem lábios simétricos a 45° com chanfro, o que alinha a superfície de vedação com o centro do alojamento e aumenta a pré-carga do lábio. É o perfil indicado para a vedação de haste em cilindros hidráulicos, com comportamento estável em baixa e em alta pressão. O poliuretano oferece alta resistência à abrasão e à extrusão, o que prolonga a vida útil em relação às gaxetas tipo V e U de borracha nitrílica.

Como conferir a medida: diâmetro interno é o diâmetro da haste, diâmetro externo é o fundo do canal e altura é a largura do canal. Meça com paquímetro antes de pedir; a gaxeta precisa das três medidas iguais às do alojamento."
"pkg-0603-31204750-625","111","Gaxeta de poliuretano tipo B, 120,65 × 136,51 × 15,87 mm, para vedação de haste em cilindros hidráulicos. Lábios simétricos a 45°. Fabricação PK Vedações, código PKG.0603.","Gaxeta de poliuretano (PU) tipo B com diâmetro interno de 120,65 mm, diâmetro externo de 136,51 mm e altura de 15,87 mm. Código PK Vedações PKG.0603. A referência de catálogo equivalente aparece em “Substitui / equivale a”.

O perfil tipo B tem lábios simétricos a 45° com chanfro, o que alinha a superfície de vedação com o centro do alojamento e aumenta a pré-carga do lábio. É o perfil indicado para a vedação de haste em cilindros hidráulicos, com comportamento estável em baixa e em alta pressão. O poliuretano oferece alta resistência à abrasão e à extrusão, o que prolonga a vida útil em relação às gaxetas tipo V e U de borracha nitrílica.

Como conferir a medida: diâmetro interno é o diâmetro da haste, diâmetro externo é o fundo do canal e altura é a largura do canal. Meça com paquímetro antes de pedir; a gaxeta precisa das três medidas iguais às do alojamento."
"pkg-1203-37504750-625","111","Gaxeta de poliuretano tipo B, 120,65 × 139,7 × 15,87 mm, para vedação de haste em cilindros hidráulicos. Lábios simétricos a 45°. Fabricação PK Vedações, código PKG.1203.","Gaxeta de poliuretano (PU) tipo B com diâmetro interno de 120,65 mm, diâmetro externo de 139,7 mm e altura de 15,87 mm. Código PK Vedações PKG.1203. A referência de catálogo equivalente aparece em “Substitui / equivale a”.

O perfil tipo B tem lábios simétricos a 45° com chanfro, o que alinha a superfície de vedação com o centro do alojamento e aumenta a pré-carga do lábio. É o perfil indicado para a vedação de haste em cilindros hidráulicos, com comportamento estável em baixa e em alta pressão. O poliuretano oferece alta resistência à abrasão e à extrusão, o que prolonga a vida útil em relação às gaxetas tipo V e U de borracha nitrílica.

Como conferir a medida: diâmetro interno é o diâmetro da haste, diâmetro externo é o fundo do canal e altura é a largura do canal. Meça com paquímetro antes de pedir; a gaxeta precisa das três medidas iguais às do alojamento."
"pkg-0013-6-15700472-314","111","Gaxeta de poliuretano tipo B, 12 × 20 × 8 mm, para vedação de haste em cilindros hidráulicos. Lábios simétricos a 45°. Fabricação PK Vedações, código PKG.0013.","Gaxeta de poliuretano (PU) tipo B com diâmetro interno de 12 mm, diâmetro externo de 20 mm e altura de 8 mm. Código PK Vedações PKG.0013. A referência de catálogo equivalente aparece em “Substitui / equivale a”.

O perfil tipo B tem lábios simétricos a 45° com chanfro, o que alinha a superfície de vedação com o centro do alojamento e aumenta a pré-carga do lábio. É o perfil indicado para a vedação de haste em cilindros hidráulicos, com comportamento estável em baixa e em alta pressão. O poliuretano oferece alta resistência à abrasão e à extrusão, o que prolonga a vida útil em relação às gaxetas tipo V e U de borracha nitrílica.

Como conferir a medida: diâmetro interno é o diâmetro da haste, diâmetro externo é o fundo do canal e altura é a largura do canal. Meça com paquímetro antes de pedir; a gaxeta precisa das três medidas iguais às do alojamento."
"pkg-0165-37504842-625","111","Gaxeta de poliuretano tipo B, 123 × 142,04 × 15,87 mm, para vedação de haste em cilindros hidráulicos. Lábios simétricos a 45°. Fabricação PK Vedações, código PKG.0165.","Gaxeta de poliuretano (PU) tipo B com diâmetro interno de 123 mm, diâmetro externo de 142,04 mm e altura de 15,87 mm. Código PK Vedações PKG.0165. A referência de catálogo equivalente aparece em “Substitui / equivale a”.

O perfil tipo B tem lábios simétricos a 45° com chanfro, o que alinha a superfície de vedação com o centro do alojamento e aumenta a pré-carga do lábio. É o perfil indicado para a vedação de haste em cilindros hidráulicos, com comportamento estável em baixa e em alta pressão. O poliuretano oferece alta resistência à abrasão e à extrusão, o que prolonga a vida útil em relação às gaxetas tipo V e U de borracha nitrílica.

Como conferir a medida: diâmetro interno é o diâmetro da haste, diâmetro externo é o fundo do canal e altura é a largura do canal. Meça com paquímetro antes de pedir; a gaxeta precisa das três medidas iguais às do alojamento."
"pkg-0138-37504875-625","111","Gaxeta de poliuretano tipo B, 123,82 × 142,87 × 15,87 mm, para vedação de haste em cilindros hidráulicos. Lábios simétricos a 45°. Fabricação PK Vedações, código PKG.0138.","Gaxeta de poliuretano (PU) tipo B com diâmetro interno de 123,82 mm, diâmetro externo de 142,87 mm e altura de 15,87 mm. Código PK Vedações PKG.0138. A referência de catálogo equivalente aparece em “Substitui / equivale a”.

O perfil tipo B tem lábios simétricos a 45° com chanfro, o que alinha a superfície de vedação com o centro do alojamento e aumenta a pré-carga do lábio. É o perfil indicado para a vedação de haste em cilindros hidráulicos, com comportamento estável em baixa e em alta pressão. O poliuretano oferece alta resistência à abrasão e à extrusão, o que prolonga a vida útil em relação às gaxetas tipo V e U de borracha nitrílica.

Como conferir a medida: diâmetro interno é o diâmetro da haste, diâmetro externo é o fundo do canal e altura é a largura do canal. Meça com paquímetro antes de pedir; a gaxeta precisa das três medidas iguais às do alojamento."
"pkg-1563-6-39404920-511","111","Gaxeta de poliuretano tipo B, 125 × 145 × 13 mm, para vedação de haste em cilindros hidráulicos. Lábios simétricos a 45°. Fabricação PK Vedações, código PKG.1563.","Gaxeta de poliuretano (PU) tipo B com diâmetro interno de 125 mm, diâmetro externo de 145 mm e altura de 13 mm. Código PK Vedações PKG.1563. A referência de catálogo equivalente aparece em “Substitui / equivale a”.

O perfil tipo B tem lábios simétricos a 45° com chanfro, o que alinha a superfície de vedação com o centro do alojamento e aumenta a pré-carga do lábio. É o perfil indicado para a vedação de haste em cilindros hidráulicos, com comportamento estável em baixa e em alta pressão. O poliuretano oferece alta resistência à abrasão e à extrusão, o que prolonga a vida útil em relação às gaxetas tipo V e U de borracha nitrílica.

Como conferir a medida: diâmetro interno é o diâmetro da haste, diâmetro externo é o fundo do canal e altura é a largura do canal. Meça com paquímetro antes de pedir; a gaxeta precisa das três medidas iguais às do alojamento."
"pkg-0658-25005000-562","111","Gaxeta de poliuretano tipo B, 127 × 139,7 × 14,28 mm, para vedação de haste em cilindros hidráulicos. Lábios simétricos a 45°. Fabricação PK Vedações, código PKG.0658.","Gaxeta de poliuretano (PU) tipo B com diâmetro interno de 127 mm, diâmetro externo de 139,7 mm e altura de 14,28 mm. Código PK Vedações PKG.0658. A referência de catálogo equivalente aparece em “Substitui / equivale a”.

O perfil tipo B tem lábios simétricos a 45° com chanfro, o que alinha a superfície de vedação com o centro do alojamento e aumenta a pré-carga do lábio. É o perfil indicado para a vedação de haste em cilindros hidráulicos, com comportamento estável em baixa e em alta pressão. O poliuretano oferece alta resistência à abrasão e à extrusão, o que prolonga a vida útil em relação às gaxetas tipo V e U de borracha nitrílica.

Como conferir a medida: diâmetro interno é o diâmetro da haste, diâmetro externo é o fundo do canal e altura é a largura do canal. Meça com paquímetro antes de pedir; a gaxeta precisa das três medidas iguais às do alojamento."
"pkg-2252-25005000-375","111","Gaxeta de poliuretano tipo B, 127 × 139,7 × 9,52 mm, para vedação de haste em cilindros hidráulicos. Lábios simétricos a 45°. Fabricação PK Vedações, código PKG.2252.","Gaxeta de poliuretano (PU) tipo B com diâmetro interno de 127 mm, diâmetro externo de 139,7 mm e altura de 9,52 mm. Código PK Vedações PKG.2252. A referência de catálogo equivalente aparece em “Substitui / equivale a”.

O perfil tipo B tem lábios simétricos a 45° com chanfro, o que alinha a superfície de vedação com o centro do alojamento e aumenta a pré-carga do lábio. É o perfil indicado para a vedação de haste em cilindros hidráulicos, com comportamento estável em baixa e em alta pressão. O poliuretano oferece alta resistência à abrasão e à extrusão, o que prolonga a vida útil em relação às gaxetas tipo V e U de borracha nitrílica.

Como conferir a medida: diâmetro interno é o diâmetro da haste, diâmetro externo é o fundo do canal e altura é a largura do canal. Meça com paquímetro antes de pedir; a gaxeta precisa das três medidas iguais às do alojamento."
"pkg-1731-37505000-625","111","Gaxeta de poliuretano tipo B, 127 × 146,05 × 15,87 mm, para vedação de haste em cilindros hidráulicos. Lábios simétricos a 45°. Fabricação PK Vedações, código PKG.1731.","Gaxeta de poliuretano (PU) tipo B com diâmetro interno de 127 mm, diâmetro externo de 146,05 mm e altura de 15,87 mm. Código PK Vedações PKG.1731. A referência de catálogo equivalente aparece em “Substitui / equivale a”.

O perfil tipo B tem lábios simétricos a 45° com chanfro, o que alinha a superfície de vedação com o centro do alojamento e aumenta a pré-carga do lábio. É o perfil indicado para a vedação de haste em cilindros hidráulicos, com comportamento estável em baixa e em alta pressão. O poliuretano oferece alta resistência à abrasão e à extrusão, o que prolonga a vida útil em relação às gaxetas tipo V e U de borracha nitrílica.

Como conferir a medida: diâmetro interno é o diâmetro da haste, diâmetro externo é o fundo do canal e altura é a largura do canal. Meça com paquímetro antes de pedir; a gaxeta precisa das três medidas iguais às do alojamento."
"pkg-1732-50005000-750","111","Gaxeta de poliuretano tipo B, 127 × 152,4 × 19,05 mm, para vedação de haste em cilindros hidráulicos. Lábios simétricos a 45°. Fabricação PK Vedações, código PKG.1732.","Gaxeta de poliuretano (PU) tipo B com diâmetro interno de 127 mm, diâmetro externo de 152,4 mm e altura de 19,05 mm. Código PK Vedações PKG.1732. A referência de catálogo equivalente aparece em “Substitui / equivale a”.

O perfil tipo B tem lábios simétricos a 45° com chanfro, o que alinha a superfície de vedação com o centro do alojamento e aumenta a pré-carga do lábio. É o perfil indicado para a vedação de haste em cilindros hidráulicos, com comportamento estável em baixa e em alta pressão. O poliuretano oferece alta resistência à abrasão e à extrusão, o que prolonga a vida útil em relação às gaxetas tipo V e U de borracha nitrílica.

Como conferir a medida: diâmetro interno é o diâmetro da haste, diâmetro externo é o fundo do canal e altura é a largura do canal. Meça com paquímetro antes de pedir; a gaxeta precisa das três medidas iguais às do alojamento."
"pkg-0631-12500500-250","111","Gaxeta de poliuretano tipo B, 12,7 × 19,05 × 6,35 mm, para vedação de haste em cilindros hidráulicos. Lábios simétricos a 45°. Fabricação PK Vedações, código PKG.0631.","Gaxeta de poliuretano (PU) tipo B com diâmetro interno de 12,7 mm, diâmetro externo de 19,05 mm e altura de 6,35 mm. Código PK Vedações PKG.0631. A referência de catálogo equivalente aparece em “Substitui / equivale a”.

O perfil tipo B tem lábios simétricos a 45° com chanfro, o que alinha a superfície de vedação com o centro do alojamento e aumenta a pré-carga do lábio. É o perfil indicado para a vedação de haste em cilindros hidráulicos, com comportamento estável em baixa e em alta pressão. O poliuretano oferece alta resistência à abrasão e à extrusão, o que prolonga a vida útil em relação às gaxetas tipo V e U de borracha nitrílica.

Como conferir a medida: diâmetro interno é o diâmetro da haste, diâmetro externo é o fundo do canal e altura é a largura do canal. Meça com paquímetro antes de pedir; a gaxeta precisa das três medidas iguais às do alojamento."
"pkg-1589-18700500-312","111","Gaxeta de poliuretano tipo B, 12,7 × 22,22 × 7,92 mm, para vedação de haste em cilindros hidráulicos. Lábios simétricos a 45°. Fabricação PK Vedações, código PKG.1589.","Gaxeta de poliuretano (PU) tipo B com diâmetro interno de 12,7 mm, diâmetro externo de 22,22 mm e altura de 7,92 mm. Código PK Vedações PKG.1589. A referência de catálogo equivalente aparece em “Substitui / equivale a”.

O perfil tipo B tem lábios simétricos a 45° com chanfro, o que alinha a superfície de vedação com o centro do alojamento e aumenta a pré-carga do lábio. É o perfil indicado para a vedação de haste em cilindros hidráulicos, com comportamento estável em baixa e em alta pressão. O poliuretano oferece alta resistência à abrasão e à extrusão, o que prolonga a vida útil em relação às gaxetas tipo V e U de borracha nitrílica.

Como conferir a medida: diâmetro interno é o diâmetro da haste, diâmetro externo é o fundo do canal e altura é a largura do canal. Meça com paquímetro antes de pedir; a gaxeta precisa das três medidas iguais às do alojamento."
"pkg-0791-6-39405118-590","111","Gaxeta de poliuretano tipo B, 130 × 150 × 14,98 mm, para vedação de haste em cilindros hidráulicos. Lábios simétricos a 45°. Fabricação PK Vedações, código PKG.0791.","Gaxeta de poliuretano (PU) tipo B com diâmetro interno de 130 mm, diâmetro externo de 150 mm e altura de 14,98 mm. Código PK Vedações PKG.0791. A referência de catálogo equivalente aparece em “Substitui / equivale a”.

O perfil tipo B tem lábios simétricos a 45° com chanfro, o que alinha a superfície de vedação com o centro do alojamento e aumenta a pré-carga do lábio. É o perfil indicado para a vedação de haste em cilindros hidráulicos, com comportamento estável em baixa e em alta pressão. O poliuretano oferece alta resistência à abrasão e à extrusão, o que prolonga a vida útil em relação às gaxetas tipo V e U de borracha nitrílica.

Como conferir a medida: diâmetro interno é o diâmetro da haste, diâmetro externo é o fundo do canal e altura é a largura do canal. Meça com paquímetro antes de pedir; a gaxeta precisa das três medidas iguais às do alojamento."
"pkg-0045-6-47205118-590","111","Gaxeta de poliuretano tipo B, 130 × 154 × 14,98 mm, para vedação de haste em cilindros hidráulicos. Lábios simétricos a 45°. Fabricação PK Vedações, código PKG.0045.","Gaxeta de poliuretano (PU) tipo B com diâmetro interno de 130 mm, diâmetro externo de 154 mm e altura de 14,98 mm. Código PK Vedações PKG.0045. A referência de catálogo equivalente aparece em “Substitui / equivale a”.

O perfil tipo B tem lábios simétricos a 45° com chanfro, o que alinha a superfície de vedação com o centro do alojamento e aumenta a pré-carga do lábio. É o perfil indicado para a vedação de haste em cilindros hidráulicos, com comportamento estável em baixa e em alta pressão. O poliuretano oferece alta resistência à abrasão e à extrusão, o que prolonga a vida útil em relação às gaxetas tipo V e U de borracha nitrílica.

Como conferir a medida: diâmetro interno é o diâmetro da haste, diâmetro externo é o fundo do canal e altura é a largura do canal. Meça com paquímetro antes de pedir; a gaxeta precisa das três medidas iguais às do alojamento."
"pkg-1734-25005125-562","111","Gaxeta de poliuretano tipo B, 130,17 × 142,87 × 14,28 mm, para vedação de haste em cilindros hidráulicos. Lábios simétricos a 45°. Fabricação PK Vedações, código PKG.1734.","Gaxeta de poliuretano (PU) tipo B com diâmetro interno de 130,17 mm, diâmetro externo de 142,87 mm e altura de 14,28 mm. Código PK Vedações PKG.1734. A referência de catálogo equivalente aparece em “Substitui / equivale a”.

O perfil tipo B tem lábios simétricos a 45° com chanfro, o que alinha a superfície de vedação com o centro do alojamento e aumenta a pré-carga do lábio. É o perfil indicado para a vedação de haste em cilindros hidráulicos, com comportamento estável em baixa e em alta pressão. O poliuretano oferece alta resistência à abrasão e à extrusão, o que prolonga a vida útil em relação às gaxetas tipo V e U de borracha nitrílica.

Como conferir a medida: diâmetro interno é o diâmetro da haste, diâmetro externo é o fundo do canal e altura é a largura do canal. Meça com paquímetro antes de pedir; a gaxeta precisa das três medidas iguais às do alojamento."
"pkg-1736-37505125-625","111","Gaxeta de poliuretano tipo B, 130,17 × 149,21 × 15,87 mm, para vedação de haste em cilindros hidráulicos. Lábios simétricos a 45°. Fabricação PK Vedações, código PKG.1736.","Gaxeta de poliuretano (PU) tipo B com diâmetro interno de 130,17 mm, diâmetro externo de 149,21 mm e altura de 15,87 mm. Código PK Vedações PKG.1736. A referência de catálogo equivalente aparece em “Substitui / equivale a”.

O perfil tipo B tem lábios simétricos a 45° com chanfro, o que alinha a superfície de vedação com o centro do alojamento e aumenta a pré-carga do lábio. É o perfil indicado para a vedação de haste em cilindros hidráulicos, com comportamento estável em baixa e em alta pressão. O poliuretano oferece alta resistência à abrasão e à extrusão, o que prolonga a vida útil em relação às gaxetas tipo V e U de borracha nitrílica.

Como conferir a medida: diâmetro interno é o diâmetro da haste, diâmetro externo é o fundo do canal e altura é a largura do canal. Meça com paquímetro antes de pedir; a gaxeta precisa das três medidas iguais às do alojamento."
"pkg-0112-31205250-625","111","Gaxeta de poliuretano tipo B, 133,34 × 149,22 × 15,87 mm, para vedação de haste em cilindros hidráulicos. Lábios simétricos a 45°. Fabricação PK Vedações, código PKG.0112.","Gaxeta de poliuretano (PU) tipo B com diâmetro interno de 133,34 mm, diâmetro externo de 149,22 mm e altura de 15,87 mm. Código PK Vedações PKG.0112. A referência de catálogo equivalente aparece em “Substitui / equivale a”.

O perfil tipo B tem lábios simétricos a 45° com chanfro, o que alinha a superfície de vedação com o centro do alojamento e aumenta a pré-carga do lábio. É o perfil indicado para a vedação de haste em cilindros hidráulicos, com comportamento estável em baixa e em alta pressão. O poliuretano oferece alta resistência à abrasão e à extrusão, o que prolonga a vida útil em relação às gaxetas tipo V e U de borracha nitrílica.

Como conferir a medida: diâmetro interno é o diâmetro da haste, diâmetro externo é o fundo do canal e altura é a largura do canal. Meça com paquímetro antes de pedir; a gaxeta precisa das três medidas iguais às do alojamento."
"pkg-1087-25005250-562","111","Gaxeta de poliuretano tipo B, 133,35 × 146,05 × 14,28 mm, para vedação de haste em cilindros hidráulicos. Lábios simétricos a 45°. Fabricação PK Vedações, código PKG.1087.","Gaxeta de poliuretano (PU) tipo B com diâmetro interno de 133,35 mm, diâmetro externo de 146,05 mm e altura de 14,28 mm. Código PK Vedações PKG.1087. A referência de catálogo equivalente aparece em “Substitui / equivale a”.

O perfil tipo B tem lábios simétricos a 45° com chanfro, o que alinha a superfície de vedação com o centro do alojamento e aumenta a pré-carga do lábio. É o perfil indicado para a vedação de haste em cilindros hidráulicos, com comportamento estável em baixa e em alta pressão. O poliuretano oferece alta resistência à abrasão e à extrusão, o que prolonga a vida útil em relação às gaxetas tipo V e U de borracha nitrílica.

Como conferir a medida: diâmetro interno é o diâmetro da haste, diâmetro externo é o fundo do canal e altura é a largura do canal. Meça com paquímetro antes de pedir; a gaxeta precisa das três medidas iguais às do alojamento."
"pkg-0866-37505250-625","111","Gaxeta de poliuretano tipo B, 133,35 × 152,39 × 15,87 mm, para vedação de haste em cilindros hidráulicos. Lábios simétricos a 45°. Fabricação PK Vedações, código PKG.0866.","Gaxeta de poliuretano (PU) tipo B com diâmetro interno de 133,35 mm, diâmetro externo de 152,39 mm e altura de 15,87 mm. Código PK Vedações PKG.0866. A referência de catálogo equivalente aparece em “Substitui / equivale a”.

O perfil tipo B tem lábios simétricos a 45° com chanfro, o que alinha a superfície de vedação com o centro do alojamento e aumenta a pré-carga do lábio. É o perfil indicado para a vedação de haste em cilindros hidráulicos, com comportamento estável em baixa e em alta pressão. O poliuretano oferece alta resistência à abrasão e à extrusão, o que prolonga a vida útil em relação às gaxetas tipo V e U de borracha nitrílica.

Como conferir a medida: diâmetro interno é o diâmetro da haste, diâmetro externo é o fundo do canal e altura é a largura do canal. Meça com paquímetro antes de pedir; a gaxeta precisa das três medidas iguais às do alojamento."
"pkg-1741-31205375-625","111","Gaxeta de poliuretano tipo B, 136,52 × 152,4 × 15,87 mm, para vedação de haste em cilindros hidráulicos. Lábios simétricos a 45°. Fabricação PK Vedações, código PKG.1741.","Gaxeta de poliuretano (PU) tipo B com diâmetro interno de 136,52 mm, diâmetro externo de 152,4 mm e altura de 15,87 mm. Código PK Vedações PKG.1741. A referência de catálogo equivalente aparece em “Substitui / equivale a”.

O perfil tipo B tem lábios simétricos a 45° com chanfro, o que alinha a superfície de vedação com o centro do alojamento e aumenta a pré-carga do lábio. É o perfil indicado para a vedação de haste em cilindros hidráulicos, com comportamento estável em baixa e em alta pressão. O poliuretano oferece alta resistência à abrasão e à extrusão, o que prolonga a vida útil em relação às gaxetas tipo V e U de borracha nitrílica.

Como conferir a medida: diâmetro interno é o diâmetro da haste, diâmetro externo é o fundo do canal e altura é a largura do canal. Meça com paquímetro antes de pedir; a gaxeta precisa das três medidas iguais às do alojamento."
"pkg-0006-37505375-625","111","Gaxeta de poliuretano tipo B, 136,52 × 155,58 × 15,87 mm, para vedação de haste em cilindros hidráulicos. Lábios simétricos a 45°. Fabricação PK Vedações, código PKG.0006.","Gaxeta de poliuretano (PU) tipo B com diâmetro interno de 136,52 mm, diâmetro externo de 155,58 mm e altura de 15,87 mm. Código PK Vedações PKG.0006. A referência de catálogo equivalente aparece em “Substitui / equivale a”.

O perfil tipo B tem lábios simétricos a 45° com chanfro, o que alinha a superfície de vedação com o centro do alojamento e aumenta a pré-carga do lábio. É o perfil indicado para a vedação de haste em cilindros hidráulicos, com comportamento estável em baixa e em alta pressão. O poliuretano oferece alta resistência à abrasão e à extrusão, o que prolonga a vida útil em relação às gaxetas tipo V e U de borracha nitrílica.

Como conferir a medida: diâmetro interno é o diâmetro da haste, diâmetro externo é o fundo do canal e altura é a largura do canal. Meça com paquímetro antes de pedir; a gaxeta precisa das três medidas iguais às do alojamento."
"pkg-1742-37505375-625","111","Gaxeta de poliuretano tipo B, 136,52 × 155,58 × 15,87 mm, para vedação de haste em cilindros hidráulicos. Lábios simétricos a 45°. Fabricação PK Vedações, código PKG.1742.","Gaxeta de poliuretano (PU) tipo B com diâmetro interno de 136,52 mm, diâmetro externo de 155,58 mm e altura de 15,87 mm. Código PK Vedações PKG.1742. A referência de catálogo equivalente aparece em “Substitui / equivale a”.

O perfil tipo B tem lábios simétricos a 45° com chanfro, o que alinha a superfície de vedação com o centro do alojamento e aumenta a pré-carga do lábio. É o perfil indicado para a vedação de haste em cilindros hidráulicos, com comportamento estável em baixa e em alta pressão. O poliuretano oferece alta resistência à abrasão e à extrusão, o que prolonga a vida útil em relação às gaxetas tipo V e U de borracha nitrílica.

Como conferir a medida: diâmetro interno é o diâmetro da haste, diâmetro externo é o fundo do canal e altura é a largura do canal. Meça com paquímetro antes de pedir; a gaxeta precisa das três medidas iguais às do alojamento."
"pkg-1105-25005500-562","111","Gaxeta de poliuretano tipo B, 139,7 × 152,4 × 14,28 mm, para vedação de haste em cilindros hidráulicos. Lábios simétricos a 45°. Fabricação PK Vedações, código PKG.1105.","Gaxeta de poliuretano (PU) tipo B com diâmetro interno de 139,7 mm, diâmetro externo de 152,4 mm e altura de 14,28 mm. Código PK Vedações PKG.1105. A referência de catálogo equivalente aparece em “Substitui / equivale a”.

O perfil tipo B tem lábios simétricos a 45° com chanfro, o que alinha a superfície de vedação com o centro do alojamento e aumenta a pré-carga do lábio. É o perfil indicado para a vedação de haste em cilindros hidráulicos, com comportamento estável em baixa e em alta pressão. O poliuretano oferece alta resistência à abrasão e à extrusão, o que prolonga a vida útil em relação às gaxetas tipo V e U de borracha nitrílica.

Como conferir a medida: diâmetro interno é o diâmetro da haste, diâmetro externo é o fundo do canal e altura é a largura do canal. Meça com paquímetro antes de pedir; a gaxeta precisa das três medidas iguais às do alojamento."
"pkg-0214-25005500-375","111","Gaxeta de poliuretano tipo B, 139,7 × 152,4 × 9,52 mm, para vedação de haste em cilindros hidráulicos. Lábios simétricos a 45°. Fabricação PK Vedações, código PKG.0214.","Gaxeta de poliuretano (PU) tipo B com diâmetro interno de 139,7 mm, diâmetro externo de 152,4 mm e altura de 9,52 mm. Código PK Vedações PKG.0214. A referência de catálogo equivalente aparece em “Substitui / equivale a”.

O perfil tipo B tem lábios simétricos a 45° com chanfro, o que alinha a superfície de vedação com o centro do alojamento e aumenta a pré-carga do lábio. É o perfil indicado para a vedação de haste em cilindros hidráulicos, com comportamento estável em baixa e em alta pressão. O poliuretano oferece alta resistência à abrasão e à extrusão, o que prolonga a vida útil em relação às gaxetas tipo V e U de borracha nitrílica.

Como conferir a medida: diâmetro interno é o diâmetro da haste, diâmetro externo é o fundo do canal e altura é a largura do canal. Meça com paquímetro antes de pedir; a gaxeta precisa das três medidas iguais às do alojamento."
"pkg-0181-31205500-625","111","Gaxeta de poliuretano tipo B, 139,7 × 155,56 × 15,87 mm, para vedação de haste em cilindros hidráulicos. Lábios simétricos a 45°. Fabricação PK Vedações, código PKG.0181.","Gaxeta de poliuretano (PU) tipo B com diâmetro interno de 139,7 mm, diâmetro externo de 155,56 mm e altura de 15,87 mm. Código PK Vedações PKG.0181. A referência de catálogo equivalente aparece em “Substitui / equivale a”.

O perfil tipo B tem lábios simétricos a 45° com chanfro, o que alinha a superfície de vedação com o centro do alojamento e aumenta a pré-carga do lábio. É o perfil indicado para a vedação de haste em cilindros hidráulicos, com comportamento estável em baixa e em alta pressão. O poliuretano oferece alta resistência à abrasão e à extrusão, o que prolonga a vida útil em relação às gaxetas tipo V e U de borracha nitrílica.

Como conferir a medida: diâmetro interno é o diâmetro da haste, diâmetro externo é o fundo do canal e altura é a largura do canal. Meça com paquímetro antes de pedir; a gaxeta precisa das três medidas iguais às do alojamento."
"pkg-1293-37505500-625","111","Gaxeta de poliuretano tipo B, 139,7 × 158,74 × 15,87 mm, para vedação de haste em cilindros hidráulicos. Lábios simétricos a 45°. Fabricação PK Vedações, código PKG.1293.","Gaxeta de poliuretano (PU) tipo B com diâmetro interno de 139,7 mm, diâmetro externo de 158,74 mm e altura de 15,87 mm. Código PK Vedações PKG.1293. A referência de catálogo equivalente aparece em “Substitui / equivale a”.

O perfil tipo B tem lábios simétricos a 45° com chanfro, o que alinha a superfície de vedação com o centro do alojamento e aumenta a pré-carga do lábio. É o perfil indicado para a vedação de haste em cilindros hidráulicos, com comportamento estável em baixa e em alta pressão. O poliuretano oferece alta resistência à abrasão e à extrusão, o que prolonga a vida útil em relação às gaxetas tipo V e U de borracha nitrílica.

Como conferir a medida: diâmetro interno é o diâmetro da haste, diâmetro externo é o fundo do canal e altura é a largura do canal. Meça com paquímetro antes de pedir; a gaxeta precisa das três medidas iguais às do alojamento."
"pkg-1744-50005500-750","111","Gaxeta de poliuretano tipo B, 139,7 × 165,1 × 19,05 mm, para vedação de haste em cilindros hidráulicos. Lábios simétricos a 45°. Fabricação PK Vedações, código PKG.1744.","Gaxeta de poliuretano (PU) tipo B com diâmetro interno de 139,7 mm, diâmetro externo de 165,1 mm e altura de 19,05 mm. Código PK Vedações PKG.1744. A referência de catálogo equivalente aparece em “Substitui / equivale a”.

O perfil tipo B tem lábios simétricos a 45° com chanfro, o que alinha a superfície de vedação com o centro do alojamento e aumenta a pré-carga do lábio. É o perfil indicado para a vedação de haste em cilindros hidráulicos, com comportamento estável em baixa e em alta pressão. O poliuretano oferece alta resistência à abrasão e à extrusão, o que prolonga a vida útil em relação às gaxetas tipo V e U de borracha nitrílica.

Como conferir a medida: diâmetro interno é o diâmetro da haste, diâmetro externo é o fundo do canal e altura é a largura do canal. Meça com paquímetro antes de pedir; a gaxeta precisa das três medidas iguais às do alojamento."
"pkg-0700-6-39405512-472","111","Gaxeta de poliuretano tipo B, 140 × 160 × 12 mm, para vedação de haste em cilindros hidráulicos. Lábios simétricos a 45°. Fabricação PK Vedações, código PKG.0700.","Gaxeta de poliuretano (PU) tipo B com diâmetro interno de 140 mm, diâmetro externo de 160 mm e altura de 12 mm. Código PK Vedações PKG.0700. A referência de catálogo equivalente aparece em “Substitui / equivale a”.

O perfil tipo B tem lábios simétricos a 45° com chanfro, o que alinha a superfície de vedação com o centro do alojamento e aumenta a pré-carga do lábio. É o perfil indicado para a vedação de haste em cilindros hidráulicos, com comportamento estável em baixa e em alta pressão. O poliuretano oferece alta resistência à abrasão e à extrusão, o que prolonga a vida útil em relação às gaxetas tipo V e U de borracha nitrílica.

Como conferir a medida: diâmetro interno é o diâmetro da haste, diâmetro externo é o fundo do canal e altura é a largura do canal. Meça com paquímetro antes de pedir; a gaxeta precisa das três medidas iguais às do alojamento."
"pkg-0867-37505750-625","111","Gaxeta de poliuretano tipo B, 146,05 × 165,1 × 15,87 mm, para vedação de haste em cilindros hidráulicos. Lábios simétricos a 45°. Fabricação PK Vedações, código PKG.0867.","Gaxeta de poliuretano (PU) tipo B com diâmetro interno de 146,05 mm, diâmetro externo de 165,1 mm e altura de 15,87 mm. Código PK Vedações PKG.0867. A referência de catálogo equivalente aparece em “Substitui / equivale a”.

O perfil tipo B tem lábios simétricos a 45° com chanfro, o que alinha a superfície de vedação com o centro do alojamento e aumenta a pré-carga do lábio. É o perfil indicado para a vedação de haste em cilindros hidráulicos, com comportamento estável em baixa e em alta pressão. O poliuretano oferece alta resistência à abrasão e à extrusão, o que prolonga a vida útil em relação às gaxetas tipo V e U de borracha nitrílica.

Como conferir a medida: diâmetro interno é o diâmetro da haste, diâmetro externo é o fundo do canal e altura é a largura do canal. Meça com paquímetro antes de pedir; a gaxeta precisa das três medidas iguais às do alojamento."
"pkg-1754-37505875-625","111","Gaxeta de poliuretano tipo B, 149,22 × 168,27 × 15,87 mm, para vedação de haste em cilindros hidráulicos. Lábios simétricos a 45°. Fabricação PK Vedações, código PKG.1754.","Gaxeta de poliuretano (PU) tipo B com diâmetro interno de 149,22 mm, diâmetro externo de 168,27 mm e altura de 15,87 mm. Código PK Vedações PKG.1754. A referência de catálogo equivalente aparece em “Substitui / equivale a”.

O perfil tipo B tem lábios simétricos a 45° com chanfro, o que alinha a superfície de vedação com o centro do alojamento e aumenta a pré-carga do lábio. É o perfil indicado para a vedação de haste em cilindros hidráulicos, com comportamento estável em baixa e em alta pressão. O poliuretano oferece alta resistência à abrasão e à extrusão, o que prolonga a vida útil em relação às gaxetas tipo V e U de borracha nitrílica.

Como conferir a medida: diâmetro interno é o diâmetro da haste, diâmetro externo é o fundo do canal e altura é a largura do canal. Meça com paquímetro antes de pedir; a gaxeta precisa das três medidas iguais às do alojamento."
"pkg-1755-25006000-562","111","Gaxeta de poliuretano tipo B, 152,4 × 165,1 × 14,28 mm, para vedação de haste em cilindros hidráulicos. Lábios simétricos a 45°. Fabricação PK Vedações, código PKG.1755.","Gaxeta de poliuretano (PU) tipo B com diâmetro interno de 152,4 mm, diâmetro externo de 165,1 mm e altura de 14,28 mm. Código PK Vedações PKG.1755. A referência de catálogo equivalente aparece em “Substitui / equivale a”.

O perfil tipo B tem lábios simétricos a 45° com chanfro, o que alinha a superfície de vedação com o centro do alojamento e aumenta a pré-carga do lábio. É o perfil indicado para a vedação de haste em cilindros hidráulicos, com comportamento estável em baixa e em alta pressão. O poliuretano oferece alta resistência à abrasão e à extrusão, o que prolonga a vida útil em relação às gaxetas tipo V e U de borracha nitrílica.

Como conferir a medida: diâmetro interno é o diâmetro da haste, diâmetro externo é o fundo do canal e altura é a largura do canal. Meça com paquímetro antes de pedir; a gaxeta precisa das três medidas iguais às do alojamento."
"pkg-1334-37506000-625","111","Gaxeta de poliuretano tipo B, 152,4 × 171,45 × 15,87 mm, para vedação de haste em cilindros hidráulicos. Lábios simétricos a 45°. Fabricação PK Vedações, código PKG.1334.","Gaxeta de poliuretano (PU) tipo B com diâmetro interno de 152,4 mm, diâmetro externo de 171,45 mm e altura de 15,87 mm. Código PK Vedações PKG.1334. A referência de catálogo equivalente aparece em “Substitui / equivale a”.

O perfil tipo B tem lábios simétricos a 45° com chanfro, o que alinha a superfície de vedação com o centro do alojamento e aumenta a pré-carga do lábio. É o perfil indicado para a vedação de haste em cilindros hidráulicos, com comportamento estável em baixa e em alta pressão. O poliuretano oferece alta resistência à abrasão e à extrusão, o que prolonga a vida útil em relação às gaxetas tipo V e U de borracha nitrílica.

Como conferir a medida: diâmetro interno é o diâmetro da haste, diâmetro externo é o fundo do canal e altura é a largura do canal. Meça com paquímetro antes de pedir; a gaxeta precisa das três medidas iguais às do alojamento."
"pkg-0183-50006000-750","111","Gaxeta de poliuretano tipo B, 152,4 × 177,8 × 19,05 mm, para vedação de haste em cilindros hidráulicos. Lábios simétricos a 45°. Fabricação PK Vedações, código PKG.0183.","Gaxeta de poliuretano (PU) tipo B com diâmetro interno de 152,4 mm, diâmetro externo de 177,8 mm e altura de 19,05 mm. Código PK Vedações PKG.0183. A referência de catálogo equivalente aparece em “Substitui / equivale a”.

O perfil tipo B tem lábios simétricos a 45° com chanfro, o que alinha a superfície de vedação com o centro do alojamento e aumenta a pré-carga do lábio. É o perfil indicado para a vedação de haste em cilindros hidráulicos, com comportamento estável em baixa e em alta pressão. O poliuretano oferece alta resistência à abrasão e à extrusão, o que prolonga a vida útil em relação às gaxetas tipo V e U de borracha nitrílica.

Como conferir a medida: diâmetro interno é o diâmetro da haste, diâmetro externo é o fundo do canal e altura é a largura do canal. Meça com paquímetro antes de pedir; a gaxeta precisa das três medidas iguais às do alojamento."
"pkg-2544-6-50006062-500","111","Gaxeta de poliuretano tipo B, 154 × 178,4 × 12,7 mm, para vedação de haste em cilindros hidráulicos. Lábios simétricos a 45°. Fabricação PK Vedações, código PKG.2544.","Gaxeta de poliuretano (PU) tipo B com diâmetro interno de 154 mm, diâmetro externo de 178,4 mm e altura de 12,7 mm. Código PK Vedações PKG.2544. A referência de catálogo equivalente aparece em “Substitui / equivale a”.

O perfil tipo B tem lábios simétricos a 45° com chanfro, o que alinha a superfície de vedação com o centro do alojamento e aumenta a pré-carga do lábio. É o perfil indicado para a vedação de haste em cilindros hidráulicos, com comportamento estável em baixa e em alta pressão. O poliuretano oferece alta resistência à abrasão e à extrusão, o que prolonga a vida útil em relação às gaxetas tipo V e U de borracha nitrílica.

Como conferir a medida: diâmetro interno é o diâmetro da haste, diâmetro externo é o fundo do canal e altura é a largura do canal. Meça com paquímetro antes de pedir; a gaxeta precisa das três medidas iguais às do alojamento."
"pkg-0316-6-29506102-413","111","Gaxeta de poliuretano tipo B, 155 × 170 × 10,5 mm, para vedação de haste em cilindros hidráulicos. Lábios simétricos a 45°. Fabricação PK Vedações, código PKG.0316.","Gaxeta de poliuretano (PU) tipo B com diâmetro interno de 155 mm, diâmetro externo de 170 mm e altura de 10,5 mm. Código PK Vedações PKG.0316. A referência de catálogo equivalente aparece em “Substitui / equivale a”.

O perfil tipo B tem lábios simétricos a 45° com chanfro, o que alinha a superfície de vedação com o centro do alojamento e aumenta a pré-carga do lábio. É o perfil indicado para a vedação de haste em cilindros hidráulicos, com comportamento estável em baixa e em alta pressão. O poliuretano oferece alta resistência à abrasão e à extrusão, o que prolonga a vida útil em relação às gaxetas tipo V e U de borracha nitrílica.

Como conferir a medida: diâmetro interno é o diâmetro da haste, diâmetro externo é o fundo do canal e altura é a largura do canal. Meça com paquímetro antes de pedir; a gaxeta precisa das três medidas iguais às do alojamento."
"pkg-0679-12500625-250","111","Gaxeta de poliuretano tipo B, 15,87 × 22,22 × 6,35 mm, para vedação de haste em cilindros hidráulicos. Lábios simétricos a 45°. Fabricação PK Vedações, código PKG.0679.","Gaxeta de poliuretano (PU) tipo B com diâmetro interno de 15,87 mm, diâmetro externo de 22,22 mm e altura de 6,35 mm. Código PK Vedações PKG.0679. A referência de catálogo equivalente aparece em “Substitui / equivale a”.

O perfil tipo B tem lábios simétricos a 45° com chanfro, o que alinha a superfície de vedação com o centro do alojamento e aumenta a pré-carga do lábio. É o perfil indicado para a vedação de haste em cilindros hidráulicos, com comportamento estável em baixa e em alta pressão. O poliuretano oferece alta resistência à abrasão e à extrusão, o que prolonga a vida útil em relação às gaxetas tipo V e U de borracha nitrílica.

Como conferir a medida: diâmetro interno é o diâmetro da haste, diâmetro externo é o fundo do canal e altura é a largura do canal. Meça com paquímetro antes de pedir; a gaxeta precisa das três medidas iguais às do alojamento."
"pkg-1759-25006250-562","111","Gaxeta de poliuretano tipo B, 158,75 × 171,45 × 14,27 mm, para vedação de haste em cilindros hidráulicos. Lábios simétricos a 45°. Fabricação PK Vedações, código PKG.1759.","Gaxeta de poliuretano (PU) tipo B com diâmetro interno de 158,75 mm, diâmetro externo de 171,45 mm e altura de 14,27 mm. Código PK Vedações PKG.1759. A referência de catálogo equivalente aparece em “Substitui / equivale a”.

O perfil tipo B tem lábios simétricos a 45° com chanfro, o que alinha a superfície de vedação com o centro do alojamento e aumenta a pré-carga do lábio. É o perfil indicado para a vedação de haste em cilindros hidráulicos, com comportamento estável em baixa e em alta pressão. O poliuretano oferece alta resistência à abrasão e à extrusão, o que prolonga a vida útil em relação às gaxetas tipo V e U de borracha nitrílica.

Como conferir a medida: diâmetro interno é o diâmetro da haste, diâmetro externo é o fundo do canal e altura é a largura do canal. Meça com paquímetro antes de pedir; a gaxeta precisa das três medidas iguais às do alojamento."
"pkg-1181-37506250-625","111","Gaxeta de poliuretano tipo B, 158,75 × 177,78 × 15,87 mm, para vedação de haste em cilindros hidráulicos. Lábios simétricos a 45°. Fabricação PK Vedações, código PKG.1181.","Gaxeta de poliuretano (PU) tipo B com diâmetro interno de 158,75 mm, diâmetro externo de 177,78 mm e altura de 15,87 mm. Código PK Vedações PKG.1181. A referência de catálogo equivalente aparece em “Substitui / equivale a”.

O perfil tipo B tem lábios simétricos a 45° com chanfro, o que alinha a superfície de vedação com o centro do alojamento e aumenta a pré-carga do lábio. É o perfil indicado para a vedação de haste em cilindros hidráulicos, com comportamento estável em baixa e em alta pressão. O poliuretano oferece alta resistência à abrasão e à extrusão, o que prolonga a vida útil em relação às gaxetas tipo V e U de borracha nitrílica.

Como conferir a medida: diâmetro interno é o diâmetro da haste, diâmetro externo é o fundo do canal e altura é a largura do canal. Meça com paquímetro antes de pedir; a gaxeta precisa das três medidas iguais às do alojamento."
"pkg-2295-6-590062991","111","Gaxeta de poliuretano tipo B, 160 × 190 × 25,4 mm, para vedação de haste em cilindros hidráulicos. Lábios simétricos a 45°. Fabricação PK Vedações, código PKG.2295.","Gaxeta de poliuretano (PU) tipo B com diâmetro interno de 160 mm, diâmetro externo de 190 mm e altura de 25,4 mm. Código PK Vedações PKG.2295. A referência de catálogo equivalente aparece em “Substitui / equivale a”.

O perfil tipo B tem lábios simétricos a 45° com chanfro, o que alinha a superfície de vedação com o centro do alojamento e aumenta a pré-carga do lábio. É o perfil indicado para a vedação de haste em cilindros hidráulicos, com comportamento estável em baixa e em alta pressão. O poliuretano oferece alta resistência à abrasão e à extrusão, o que prolonga a vida útil em relação às gaxetas tipo V e U de borracha nitrílica.

Como conferir a medida: diâmetro interno é o diâmetro da haste, diâmetro externo é o fundo do canal e altura é a largura do canal. Meça com paquímetro antes de pedir; a gaxeta precisa das três medidas iguais às do alojamento."
"pkg-0275-6-11060642-291","111","Gaxeta de poliuretano tipo B, 16,32 × 21,94 × 7,4 mm, para vedação de haste em cilindros hidráulicos. Lábios simétricos a 45°. Fabricação PK Vedações, código PKG.0275.","Gaxeta de poliuretano (PU) tipo B com diâmetro interno de 16,32 mm, diâmetro externo de 21,94 mm e altura de 7,4 mm. Código PK Vedações PKG.0275. A referência de catálogo equivalente aparece em “Substitui / equivale a”.

O perfil tipo B tem lábios simétricos a 45° com chanfro, o que alinha a superfície de vedação com o centro do alojamento e aumenta a pré-carga do lábio. É o perfil indicado para a vedação de haste em cilindros hidráulicos, com comportamento estável em baixa e em alta pressão. O poliuretano oferece alta resistência à abrasão e à extrusão, o que prolonga a vida útil em relação às gaxetas tipo V e U de borracha nitrílica.

Como conferir a medida: diâmetro interno é o diâmetro da haste, diâmetro externo é o fundo do canal e altura é a largura do canal. Meça com paquímetro antes de pedir; a gaxeta precisa das três medidas iguais às do alojamento."
"pkg-1115-25006500-562","111","Gaxeta de poliuretano tipo B, 165,1 × 177,8 × 14,28 mm, para vedação de haste em cilindros hidráulicos. Lábios simétricos a 45°. Fabricação PK Vedações, código PKG.1115.","Gaxeta de poliuretano (PU) tipo B com diâmetro interno de 165,1 mm, diâmetro externo de 177,8 mm e altura de 14,28 mm. Código PK Vedações PKG.1115. A referência de catálogo equivalente aparece em “Substitui / equivale a”.

O perfil tipo B tem lábios simétricos a 45° com chanfro, o que alinha a superfície de vedação com o centro do alojamento e aumenta a pré-carga do lábio. É o perfil indicado para a vedação de haste em cilindros hidráulicos, com comportamento estável em baixa e em alta pressão. O poliuretano oferece alta resistência à abrasão e à extrusão, o que prolonga a vida útil em relação às gaxetas tipo V e U de borracha nitrílica.

Como conferir a medida: diâmetro interno é o diâmetro da haste, diâmetro externo é o fundo do canal e altura é a largura do canal. Meça com paquímetro antes de pedir; a gaxeta precisa das três medidas iguais às do alojamento."
"pkg-1251-37506500-625","111","Gaxeta de poliuretano tipo B, 165,1 × 184,15 × 15,87 mm, para vedação de haste em cilindros hidráulicos. Lábios simétricos a 45°. Fabricação PK Vedações, código PKG.1251.","Gaxeta de poliuretano (PU) tipo B com diâmetro interno de 165,1 mm, diâmetro externo de 184,15 mm e altura de 15,87 mm. Código PK Vedações PKG.1251. A referência de catálogo equivalente aparece em “Substitui / equivale a”.

O perfil tipo B tem lábios simétricos a 45° com chanfro, o que alinha a superfície de vedação com o centro do alojamento e aumenta a pré-carga do lábio. É o perfil indicado para a vedação de haste em cilindros hidráulicos, com comportamento estável em baixa e em alta pressão. O poliuretano oferece alta resistência à abrasão e à extrusão, o que prolonga a vida útil em relação às gaxetas tipo V e U de borracha nitrílica.

Como conferir a medida: diâmetro interno é o diâmetro da haste, diâmetro externo é o fundo do canal e altura é a largura do canal. Meça com paquímetro antes de pedir; a gaxeta precisa das três medidas iguais às do alojamento."
"pkg-1186-50006500-750","111","Gaxeta de poliuretano tipo B, 165,1 × 190,5 × 19,05 mm, para vedação de haste em cilindros hidráulicos. Lábios simétricos a 45°. Fabricação PK Vedações, código PKG.1186.","Gaxeta de poliuretano (PU) tipo B com diâmetro interno de 165,1 mm, diâmetro externo de 190,5 mm e altura de 19,05 mm. Código PK Vedações PKG.1186. A referência de catálogo equivalente aparece em “Substitui / equivale a”.

O perfil tipo B tem lábios simétricos a 45° com chanfro, o que alinha a superfície de vedação com o centro do alojamento e aumenta a pré-carga do lábio. É o perfil indicado para a vedação de haste em cilindros hidráulicos, com comportamento estável em baixa e em alta pressão. O poliuretano oferece alta resistência à abrasão e à extrusão, o que prolonga a vida útil em relação às gaxetas tipo V e U de borracha nitrílica.

Como conferir a medida: diâmetro interno é o diâmetro da haste, diâmetro externo é o fundo do canal e altura é a largura do canal. Meça com paquímetro antes de pedir; a gaxeta precisa das três medidas iguais às do alojamento."
"pkg-1177-25006750-562","111","Gaxeta de poliuretano tipo B, 171,45 × 184,15 × 14,28 mm, para vedação de haste em cilindros hidráulicos. Lábios simétricos a 45°. Fabricação PK Vedações, código PKG.1177.","Gaxeta de poliuretano (PU) tipo B com diâmetro interno de 171,45 mm, diâmetro externo de 184,15 mm e altura de 14,28 mm. Código PK Vedações PKG.1177. A referência de catálogo equivalente aparece em “Substitui / equivale a”.

O perfil tipo B tem lábios simétricos a 45° com chanfro, o que alinha a superfície de vedação com o centro do alojamento e aumenta a pré-carga do lábio. É o perfil indicado para a vedação de haste em cilindros hidráulicos, com comportamento estável em baixa e em alta pressão. O poliuretano oferece alta resistência à abrasão e à extrusão, o que prolonga a vida útil em relação às gaxetas tipo V e U de borracha nitrílica.

Como conferir a medida: diâmetro interno é o diâmetro da haste, diâmetro externo é o fundo do canal e altura é a largura do canal. Meça com paquímetro antes de pedir; a gaxeta precisa das três medidas iguais às do alojamento."
"pkg-1765-37506750-625","111","Gaxeta de poliuretano tipo B, 171,45 × 190,49 × 15,87 mm, para vedação de haste em cilindros hidráulicos. Lábios simétricos a 45°. Fabricação PK Vedações, código PKG.1765.","Gaxeta de poliuretano (PU) tipo B com diâmetro interno de 171,45 mm, diâmetro externo de 190,49 mm e altura de 15,87 mm. Código PK Vedações PKG.1765. A referência de catálogo equivalente aparece em “Substitui / equivale a”.

O perfil tipo B tem lábios simétricos a 45° com chanfro, o que alinha a superfície de vedação com o centro do alojamento e aumenta a pré-carga do lábio. É o perfil indicado para a vedação de haste em cilindros hidráulicos, com comportamento estável em baixa e em alta pressão. O poliuretano oferece alta resistência à abrasão e à extrusão, o que prolonga a vida útil em relação às gaxetas tipo V e U de borracha nitrílica.

Como conferir a medida: diâmetro interno é o diâmetro da haste, diâmetro externo é o fundo do canal e altura é a largura do canal. Meça com paquímetro antes de pedir; a gaxeta precisa das três medidas iguais às do alojamento."
"pkg-1766-50006750-750","111","Gaxeta de poliuretano tipo B, 171,45 × 196,85 × 19,05 mm, para vedação de haste em cilindros hidráulicos. Lábios simétricos a 45°. Fabricação PK Vedações, código PKG.1766.","Gaxeta de poliuretano (PU) tipo B com diâmetro interno de 171,45 mm, diâmetro externo de 196,85 mm e altura de 19,05 mm. Código PK Vedações PKG.1766. A referência de catálogo equivalente aparece em “Substitui / equivale a”.

O perfil tipo B tem lábios simétricos a 45° com chanfro, o que alinha a superfície de vedação com o centro do alojamento e aumenta a pré-carga do lábio. É o perfil indicado para a vedação de haste em cilindros hidráulicos, com comportamento estável em baixa e em alta pressão. O poliuretano oferece alta resistência à abrasão e à extrusão, o que prolonga a vida útil em relação às gaxetas tipo V e U de borracha nitrílica.

Como conferir a medida: diâmetro interno é o diâmetro da haste, diâmetro externo é o fundo do canal e altura é a largura do canal. Meça com paquímetro antes de pedir; a gaxeta precisa das três medidas iguais às do alojamento."
"pkg-0019-6-17700689-295","111","Gaxeta de poliuretano tipo B, 17,5 × 26,5 × 7,5 mm, para vedação de haste em cilindros hidráulicos. Lábios simétricos a 45°. Fabricação PK Vedações, código PKG.0019.","Gaxeta de poliuretano (PU) tipo B com diâmetro interno de 17,5 mm, diâmetro externo de 26,5 mm e altura de 7,5 mm. Código PK Vedações PKG.0019. A referência de catálogo equivalente aparece em “Substitui / equivale a”.

O perfil tipo B tem lábios simétricos a 45° com chanfro, o que alinha a superfície de vedação com o centro do alojamento e aumenta a pré-carga do lábio. É o perfil indicado para a vedação de haste em cilindros hidráulicos, com comportamento estável em baixa e em alta pressão. O poliuretano oferece alta resistência à abrasão e à extrusão, o que prolonga a vida útil em relação às gaxetas tipo V e U de borracha nitrílica.

Como conferir a medida: diâmetro interno é o diâmetro da haste, diâmetro externo é o fundo do canal e altura é a largura do canal. Meça com paquímetro antes de pedir; a gaxeta precisa das três medidas iguais às do alojamento."
"pkg-1770-37507000-625","111","Gaxeta de poliuretano tipo B, 177,8 × 196,84 × 15,87 mm, para vedação de haste em cilindros hidráulicos. Lábios simétricos a 45°. Fabricação PK Vedações, código PKG.1770.","Gaxeta de poliuretano (PU) tipo B com diâmetro interno de 177,8 mm, diâmetro externo de 196,84 mm e altura de 15,87 mm. Código PK Vedações PKG.1770. A referência de catálogo equivalente aparece em “Substitui / equivale a”.

O perfil tipo B tem lábios simétricos a 45° com chanfro, o que alinha a superfície de vedação com o centro do alojamento e aumenta a pré-carga do lábio. É o perfil indicado para a vedação de haste em cilindros hidráulicos, com comportamento estável em baixa e em alta pressão. O poliuretano oferece alta resistência à abrasão e à extrusão, o que prolonga a vida útil em relação às gaxetas tipo V e U de borracha nitrílica.

Como conferir a medida: diâmetro interno é o diâmetro da haste, diâmetro externo é o fundo do canal e altura é a largura do canal. Meça com paquímetro antes de pedir; a gaxeta precisa das três medidas iguais às do alojamento."
"pkg-1771-50007000-750","111","Gaxeta de poliuretano tipo B, 177,8 × 203,2 × 19,05 mm, para vedação de haste em cilindros hidráulicos. Lábios simétricos a 45°. Fabricação PK Vedações, código PKG.1771.","Gaxeta de poliuretano (PU) tipo B com diâmetro interno de 177,8 mm, diâmetro externo de 203,2 mm e altura de 19,05 mm. Código PK Vedações PKG.1771. A referência de catálogo equivalente aparece em “Substitui / equivale a”.

O perfil tipo B tem lábios simétricos a 45° com chanfro, o que alinha a superfície de vedação com o centro do alojamento e aumenta a pré-carga do lábio. É o perfil indicado para a vedação de haste em cilindros hidráulicos, com comportamento estável em baixa e em alta pressão. O poliuretano oferece alta resistência à abrasão e à extrusão, o que prolonga a vida útil em relação às gaxetas tipo V e U de borracha nitrílica.

Como conferir a medida: diâmetro interno é o diâmetro da haste, diâmetro externo é o fundo do canal e altura é a largura do canal. Meça com paquímetro antes de pedir; a gaxeta precisa das três medidas iguais às do alojamento."
"pkg-1773-25007250-562","111","Gaxeta de poliuretano tipo B, 184,15 × 196,85 × 14,28 mm, para vedação de haste em cilindros hidráulicos. Lábios simétricos a 45°. Fabricação PK Vedações, código PKG.1773.","Gaxeta de poliuretano (PU) tipo B com diâmetro interno de 184,15 mm, diâmetro externo de 196,85 mm e altura de 14,28 mm. Código PK Vedações PKG.1773. A referência de catálogo equivalente aparece em “Substitui / equivale a”.

O perfil tipo B tem lábios simétricos a 45° com chanfro, o que alinha a superfície de vedação com o centro do alojamento e aumenta a pré-carga do lábio. É o perfil indicado para a vedação de haste em cilindros hidráulicos, com comportamento estável em baixa e em alta pressão. O poliuretano oferece alta resistência à abrasão e à extrusão, o que prolonga a vida útil em relação às gaxetas tipo V e U de borracha nitrílica.

Como conferir a medida: diâmetro interno é o diâmetro da haste, diâmetro externo é o fundo do canal e altura é a largura do canal. Meça com paquímetro antes de pedir; a gaxeta precisa das três medidas iguais às do alojamento."
"pkg-0836-37507250-625","111","Gaxeta de poliuretano tipo B, 184,15 × 203,19 × 15,87 mm, para vedação de haste em cilindros hidráulicos. Lábios simétricos a 45°. Fabricação PK Vedações, código PKG.0836.","Gaxeta de poliuretano (PU) tipo B com diâmetro interno de 184,15 mm, diâmetro externo de 203,19 mm e altura de 15,87 mm. Código PK Vedações PKG.0836. A referência de catálogo equivalente aparece em “Substitui / equivale a”.

O perfil tipo B tem lábios simétricos a 45° com chanfro, o que alinha a superfície de vedação com o centro do alojamento e aumenta a pré-carga do lábio. É o perfil indicado para a vedação de haste em cilindros hidráulicos, com comportamento estável em baixa e em alta pressão. O poliuretano oferece alta resistência à abrasão e à extrusão, o que prolonga a vida útil em relação às gaxetas tipo V e U de borracha nitrílica.

Como conferir a medida: diâmetro interno é o diâmetro da haste, diâmetro externo é o fundo do canal e altura é a largura do canal. Meça com paquímetro antes de pedir; a gaxeta precisa das três medidas iguais às do alojamento."
"pkg-1775-50007250-750","111","Gaxeta de poliuretano tipo B, 184,15 × 209,55 × 19,05 mm, para vedação de haste em cilindros hidráulicos. Lábios simétricos a 45°. Fabricação PK Vedações, código PKG.1775.","Gaxeta de poliuretano (PU) tipo B com diâmetro interno de 184,15 mm, diâmetro externo de 209,55 mm e altura de 19,05 mm. Código PK Vedações PKG.1775. A referência de catálogo equivalente aparece em “Substitui / equivale a”.

O perfil tipo B tem lábios simétricos a 45° com chanfro, o que alinha a superfície de vedação com o centro do alojamento e aumenta a pré-carga do lábio. É o perfil indicado para a vedação de haste em cilindros hidráulicos, com comportamento estável em baixa e em alta pressão. O poliuretano oferece alta resistência à abrasão e à extrusão, o que prolonga a vida útil em relação às gaxetas tipo V e U de borracha nitrílica.

Como conferir a medida: diâmetro interno é o diâmetro da haste, diâmetro externo é o fundo do canal e altura é a largura do canal. Meça com paquímetro antes de pedir; a gaxeta precisa das três medidas iguais às do alojamento."
"pkg-2790-6-39407480-531","111","Gaxeta de poliuretano tipo B, 190 × 210 × 13,5 mm, para vedação de haste em cilindros hidráulicos. Lábios simétricos a 45°. Fabricação PK Vedações, código PKG.2790.","Gaxeta de poliuretano (PU) tipo B com diâmetro interno de 190 mm, diâmetro externo de 210 mm e altura de 13,5 mm. Código PK Vedações PKG.2790. A referência de catálogo equivalente aparece em “Substitui / equivale a”.

O perfil tipo B tem lábios simétricos a 45° com chanfro, o que alinha a superfície de vedação com o centro do alojamento e aumenta a pré-carga do lábio. É o perfil indicado para a vedação de haste em cilindros hidráulicos, com comportamento estável em baixa e em alta pressão. O poliuretano oferece alta resistência à abrasão e à extrusão, o que prolonga a vida útil em relação às gaxetas tipo V e U de borracha nitrílica.

Como conferir a medida: diâmetro interno é o diâmetro da haste, diâmetro externo é o fundo do canal e altura é a largura do canal. Meça com paquímetro antes de pedir; a gaxeta precisa das três medidas iguais às do alojamento."
"pkg-1020-25007500-562","111","Gaxeta de poliuretano tipo B, 190,5 × 203,2 × 14,28 mm, para vedação de haste em cilindros hidráulicos. Lábios simétricos a 45°. Fabricação PK Vedações, código PKG.1020.","Gaxeta de poliuretano (PU) tipo B com diâmetro interno de 190,5 mm, diâmetro externo de 203,2 mm e altura de 14,28 mm. Código PK Vedações PKG.1020. A referência de catálogo equivalente aparece em “Substitui / equivale a”.

O perfil tipo B tem lábios simétricos a 45° com chanfro, o que alinha a superfície de vedação com o centro do alojamento e aumenta a pré-carga do lábio. É o perfil indicado para a vedação de haste em cilindros hidráulicos, com comportamento estável em baixa e em alta pressão. O poliuretano oferece alta resistência à abrasão e à extrusão, o que prolonga a vida útil em relação às gaxetas tipo V e U de borracha nitrílica.

Como conferir a medida: diâmetro interno é o diâmetro da haste, diâmetro externo é o fundo do canal e altura é a largura do canal. Meça com paquímetro antes de pedir; a gaxeta precisa das três medidas iguais às do alojamento."
"pkg-1274-37507500-625","111","Gaxeta de poliuretano tipo B, 190,5 × 209,54 × 15,87 mm, para vedação de haste em cilindros hidráulicos. Lábios simétricos a 45°. Fabricação PK Vedações, código PKG.1274.","Gaxeta de poliuretano (PU) tipo B com diâmetro interno de 190,5 mm, diâmetro externo de 209,54 mm e altura de 15,87 mm. Código PK Vedações PKG.1274. A referência de catálogo equivalente aparece em “Substitui / equivale a”.

O perfil tipo B tem lábios simétricos a 45° com chanfro, o que alinha a superfície de vedação com o centro do alojamento e aumenta a pré-carga do lábio. É o perfil indicado para a vedação de haste em cilindros hidráulicos, com comportamento estável em baixa e em alta pressão. O poliuretano oferece alta resistência à abrasão e à extrusão, o que prolonga a vida útil em relação às gaxetas tipo V e U de borracha nitrílica.

Como conferir a medida: diâmetro interno é o diâmetro da haste, diâmetro externo é o fundo do canal e altura é a largura do canal. Meça com paquímetro antes de pedir; a gaxeta precisa das três medidas iguais às do alojamento."
"pkg-0782-12500750-250","111","Gaxeta de poliuretano tipo B, 19,05 × 25,4 × 6,35 mm, para vedação de haste em cilindros hidráulicos. Lábios simétricos a 45°. Fabricação PK Vedações, código PKG.0782.","Gaxeta de poliuretano (PU) tipo B com diâmetro interno de 19,05 mm, diâmetro externo de 25,4 mm e altura de 6,35 mm. Código PK Vedações PKG.0782. A referência de catálogo equivalente aparece em “Substitui / equivale a”.

O perfil tipo B tem lábios simétricos a 45° com chanfro, o que alinha a superfície de vedação com o centro do alojamento e aumenta a pré-carga do lábio. É o perfil indicado para a vedação de haste em cilindros hidráulicos, com comportamento estável em baixa e em alta pressão. O poliuretano oferece alta resistência à abrasão e à extrusão, o que prolonga a vida útil em relação às gaxetas tipo V e U de borracha nitrílica.

Como conferir a medida: diâmetro interno é o diâmetro da haste, diâmetro externo é o fundo do canal e altura é a largura do canal. Meça com paquímetro antes de pedir; a gaxeta precisa das três medidas iguais às do alojamento."
"pkg-1608-25000750-375","111","Gaxeta de poliuretano tipo B, 19,05 × 31,75 × 9,52 mm, para vedação de haste em cilindros hidráulicos. Lábios simétricos a 45°. Fabricação PK Vedações, código PKG.1608.","Gaxeta de poliuretano (PU) tipo B com diâmetro interno de 19,05 mm, diâmetro externo de 31,75 mm e altura de 9,52 mm. Código PK Vedações PKG.1608. A referência de catálogo equivalente aparece em “Substitui / equivale a”.

O perfil tipo B tem lábios simétricos a 45° com chanfro, o que alinha a superfície de vedação com o centro do alojamento e aumenta a pré-carga do lábio. É o perfil indicado para a vedação de haste em cilindros hidráulicos, com comportamento estável em baixa e em alta pressão. O poliuretano oferece alta resistência à abrasão e à extrusão, o que prolonga a vida útil em relação às gaxetas tipo V e U de borracha nitrílica.

Como conferir a medida: diâmetro interno é o diâmetro da haste, diâmetro externo é o fundo do canal e altura é a largura do canal. Meça com paquímetro antes de pedir; a gaxeta precisa das três medidas iguais às do alojamento."
"pkg-1116-25007750-562","111","Gaxeta de poliuretano tipo B, 196,85 × 209,55 × 14,28 mm, para vedação de haste em cilindros hidráulicos. Lábios simétricos a 45°. Fabricação PK Vedações, código PKG.1116.","Gaxeta de poliuretano (PU) tipo B com diâmetro interno de 196,85 mm, diâmetro externo de 209,55 mm e altura de 14,28 mm. Código PK Vedações PKG.1116. A referência de catálogo equivalente aparece em “Substitui / equivale a”.

O perfil tipo B tem lábios simétricos a 45° com chanfro, o que alinha a superfície de vedação com o centro do alojamento e aumenta a pré-carga do lábio. É o perfil indicado para a vedação de haste em cilindros hidráulicos, com comportamento estável em baixa e em alta pressão. O poliuretano oferece alta resistência à abrasão e à extrusão, o que prolonga a vida útil em relação às gaxetas tipo V e U de borracha nitrílica.

Como conferir a medida: diâmetro interno é o diâmetro da haste, diâmetro externo é o fundo do canal e altura é a largura do canal. Meça com paquímetro antes de pedir; a gaxeta precisa das três medidas iguais às do alojamento."
"pkg-1307-37507750-625","111","Gaxeta de poliuretano tipo B, 196,85 × 215,89 × 15,87 mm, para vedação de haste em cilindros hidráulicos. Lábios simétricos a 45°. Fabricação PK Vedações, código PKG.1307.","Gaxeta de poliuretano (PU) tipo B com diâmetro interno de 196,85 mm, diâmetro externo de 215,89 mm e altura de 15,87 mm. Código PK Vedações PKG.1307. A referência de catálogo equivalente aparece em “Substitui / equivale a”.

O perfil tipo B tem lábios simétricos a 45° com chanfro, o que alinha a superfície de vedação com o centro do alojamento e aumenta a pré-carga do lábio. É o perfil indicado para a vedação de haste em cilindros hidráulicos, com comportamento estável em baixa e em alta pressão. O poliuretano oferece alta resistência à abrasão e à extrusão, o que prolonga a vida útil em relação às gaxetas tipo V e U de borracha nitrílica.

Como conferir a medida: diâmetro interno é o diâmetro da haste, diâmetro externo é o fundo do canal e altura é a largura do canal. Meça com paquímetro antes de pedir; a gaxeta precisa das três medidas iguais às do alojamento."
"pkg-1781-50007750-750","111","Gaxeta de poliuretano tipo B, 196,85 × 222,25 × 19,05 mm, para vedação de haste em cilindros hidráulicos. Lábios simétricos a 45°. Fabricação PK Vedações, código PKG.1781.","Gaxeta de poliuretano (PU) tipo B com diâmetro interno de 196,85 mm, diâmetro externo de 222,25 mm e altura de 19,05 mm. Código PK Vedações PKG.1781. A referência de catálogo equivalente aparece em “Substitui / equivale a”.

O perfil tipo B tem lábios simétricos a 45° com chanfro, o que alinha a superfície de vedação com o centro do alojamento e aumenta a pré-carga do lábio. É o perfil indicado para a vedação de haste em cilindros hidráulicos, com comportamento estável em baixa e em alta pressão. O poliuretano oferece alta resistência à abrasão e à extrusão, o que prolonga a vida útil em relação às gaxetas tipo V e U de borracha nitrílica.

Como conferir a medida: diâmetro interno é o diâmetro da haste, diâmetro externo é o fundo do canal e altura é a largura do canal. Meça com paquímetro antes de pedir; a gaxeta precisa das três medidas iguais às do alojamento."
"pkg-2712-6-68907874-787","111","Gaxeta de poliuretano tipo B, 200 × 235 × 20 mm, para vedação de haste em cilindros hidráulicos. Lábios simétricos a 45°. Fabricação PK Vedações, código PKG.2712.","Gaxeta de poliuretano (PU) tipo B com diâmetro interno de 200 mm, diâmetro externo de 235 mm e altura de 20 mm. Código PK Vedações PKG.2712. A referência de catálogo equivalente aparece em “Substitui / equivale a”.

O perfil tipo B tem lábios simétricos a 45° com chanfro, o que alinha a superfície de vedação com o centro do alojamento e aumenta a pré-carga do lábio. É o perfil indicado para a vedação de haste em cilindros hidráulicos, com comportamento estável em baixa e em alta pressão. O poliuretano oferece alta resistência à abrasão e à extrusão, o que prolonga a vida útil em relação às gaxetas tipo V e U de borracha nitrílica.

Como conferir a medida: diâmetro interno é o diâmetro da haste, diâmetro externo é o fundo do canal e altura é a largura do canal. Meça com paquímetro antes de pedir; a gaxeta precisa das três medidas iguais às do alojamento."
"pkg-0809-6-11800787-256","111","Gaxeta de poliuretano tipo B, 20 × 26 × 6,5 mm, para vedação de haste em cilindros hidráulicos. Lábios simétricos a 45°. Fabricação PK Vedações, código PKG.0809.","Gaxeta de poliuretano (PU) tipo B com diâmetro interno de 20 mm, diâmetro externo de 26 mm e altura de 6,5 mm. Código PK Vedações PKG.0809. A referência de catálogo equivalente aparece em “Substitui / equivale a”.

O perfil tipo B tem lábios simétricos a 45° com chanfro, o que alinha a superfície de vedação com o centro do alojamento e aumenta a pré-carga do lábio. É o perfil indicado para a vedação de haste em cilindros hidráulicos, com comportamento estável em baixa e em alta pressão. O poliuretano oferece alta resistência à abrasão e à extrusão, o que prolonga a vida útil em relação às gaxetas tipo V e U de borracha nitrílica.

Como conferir a medida: diâmetro interno é o diâmetro da haste, diâmetro externo é o fundo do canal e altura é a largura do canal. Meça com paquímetro antes de pedir; a gaxeta precisa das três medidas iguais às do alojamento."
"pkg-1534-6-19700787-275","111","Gaxeta de poliuretano tipo B, 20 × 30 × 7 mm, para vedação de haste em cilindros hidráulicos. Lábios simétricos a 45°. Fabricação PK Vedações, código PKG.1534.","Gaxeta de poliuretano (PU) tipo B com diâmetro interno de 20 mm, diâmetro externo de 30 mm e altura de 7 mm. Código PK Vedações PKG.1534. A referência de catálogo equivalente aparece em “Substitui / equivale a”.

O perfil tipo B tem lábios simétricos a 45° com chanfro, o que alinha a superfície de vedação com o centro do alojamento e aumenta a pré-carga do lábio. É o perfil indicado para a vedação de haste em cilindros hidráulicos, com comportamento estável em baixa e em alta pressão. O poliuretano oferece alta resistência à abrasão e à extrusão, o que prolonga a vida útil em relação às gaxetas tipo V e U de borracha nitrílica.

Como conferir a medida: diâmetro interno é o diâmetro da haste, diâmetro externo é o fundo do canal e altura é a largura do canal. Meça com paquímetro antes de pedir; a gaxeta precisa das três medidas iguais às do alojamento."
"pkg-1786-50008000-750","111","Gaxeta de poliuretano tipo B, 203,2 × 228,6 × 19,05 mm, para vedação de haste em cilindros hidráulicos. Lábios simétricos a 45°. Fabricação PK Vedações, código PKG.1786.","Gaxeta de poliuretano (PU) tipo B com diâmetro interno de 203,2 mm, diâmetro externo de 228,6 mm e altura de 19,05 mm. Código PK Vedações PKG.1786. A referência de catálogo equivalente aparece em “Substitui / equivale a”.

O perfil tipo B tem lábios simétricos a 45° com chanfro, o que alinha a superfície de vedação com o centro do alojamento e aumenta a pré-carga do lábio. É o perfil indicado para a vedação de haste em cilindros hidráulicos, com comportamento estável em baixa e em alta pressão. O poliuretano oferece alta resistência à abrasão e à extrusão, o que prolonga a vida útil em relação às gaxetas tipo V e U de borracha nitrílica.

Como conferir a medida: diâmetro interno é o diâmetro da haste, diâmetro externo é o fundo do canal e altura é a largura do canal. Meça com paquímetro antes de pedir; a gaxeta precisa das três medidas iguais às do alojamento."
"pkg-1794-50008500-750","111","Gaxeta de poliuretano tipo B, 215,9 × 241,3 × 19,05 mm, para vedação de haste em cilindros hidráulicos. Lábios simétricos a 45°. Fabricação PK Vedações, código PKG.1794.","Gaxeta de poliuretano (PU) tipo B com diâmetro interno de 215,9 mm, diâmetro externo de 241,3 mm e altura de 19,05 mm. Código PK Vedações PKG.1794. A referência de catálogo equivalente aparece em “Substitui / equivale a”.

O perfil tipo B tem lábios simétricos a 45° com chanfro, o que alinha a superfície de vedação com o centro do alojamento e aumenta a pré-carga do lábio. É o perfil indicado para a vedação de haste em cilindros hidráulicos, com comportamento estável em baixa e em alta pressão. O poliuretano oferece alta resistência à abrasão e à extrusão, o que prolonga a vida útil em relação às gaxetas tipo V e U de borracha nitrílica.

Como conferir a medida: diâmetro interno é o diâmetro da haste, diâmetro externo é o fundo do canal e altura é a largura do canal. Meça com paquímetro antes de pedir; a gaxeta precisa das três medidas iguais às do alojamento."
"pkg-0802-12500875-250","111","Gaxeta de poliuretano tipo B, 22,22 × 28,57 × 6,35 mm, para vedação de haste em cilindros hidráulicos. Lábios simétricos a 45°. Fabricação PK Vedações, código PKG.0802.","Gaxeta de poliuretano (PU) tipo B com diâmetro interno de 22,22 mm, diâmetro externo de 28,57 mm e altura de 6,35 mm. Código PK Vedações PKG.0802. A referência de catálogo equivalente aparece em “Substitui / equivale a”.

O perfil tipo B tem lábios simétricos a 45° com chanfro, o que alinha a superfície de vedação com o centro do alojamento e aumenta a pré-carga do lábio. É o perfil indicado para a vedação de haste em cilindros hidráulicos, com comportamento estável em baixa e em alta pressão. O poliuretano oferece alta resistência à abrasão e à extrusão, o que prolonga a vida útil em relação às gaxetas tipo V e U de borracha nitrílica.

Como conferir a medida: diâmetro interno é o diâmetro da haste, diâmetro externo é o fundo do canal e altura é a largura do canal. Meça com paquímetro antes de pedir; a gaxeta precisa das três medidas iguais às do alojamento."
"pkg-0824-18700875-312","111","Gaxeta de poliuretano tipo B, 22,22 × 31,75 × 7,93 mm, para vedação de haste em cilindros hidráulicos. Lábios simétricos a 45°. Fabricação PK Vedações, código PKG.0824.","Gaxeta de poliuretano (PU) tipo B com diâmetro interno de 22,22 mm, diâmetro externo de 31,75 mm e altura de 7,93 mm. Código PK Vedações PKG.0824. A referência de catálogo equivalente aparece em “Substitui / equivale a”.

O perfil tipo B tem lábios simétricos a 45° com chanfro, o que alinha a superfície de vedação com o centro do alojamento e aumenta a pré-carga do lábio. É o perfil indicado para a vedação de haste em cilindros hidráulicos, com comportamento estável em baixa e em alta pressão. O poliuretano oferece alta resistência à abrasão e à extrusão, o que prolonga a vida útil em relação às gaxetas tipo V e U de borracha nitrílica.

Como conferir a medida: diâmetro interno é o diâmetro da haste, diâmetro externo é o fundo do canal e altura é a largura do canal. Meça com paquímetro antes de pedir; a gaxeta precisa das três medidas iguais às do alojamento."
"pkg-0350-6-23600886-276","111","Gaxeta de poliuretano tipo B, 22,5 × 34,5 × 7 mm, para vedação de haste em cilindros hidráulicos. Lábios simétricos a 45°. Fabricação PK Vedações, código PKG.0350.","Gaxeta de poliuretano (PU) tipo B com diâmetro interno de 22,5 mm, diâmetro externo de 34,5 mm e altura de 7 mm. Código PK Vedações PKG.0350. A referência de catálogo equivalente aparece em “Substitui / equivale a”.

O perfil tipo B tem lábios simétricos a 45° com chanfro, o que alinha a superfície de vedação com o centro do alojamento e aumenta a pré-carga do lábio. É o perfil indicado para a vedação de haste em cilindros hidráulicos, com comportamento estável em baixa e em alta pressão. O poliuretano oferece alta resistência à abrasão e à extrusão, o que prolonga a vida útil em relação às gaxetas tipo V e U de borracha nitrílica.

Como conferir a medida: diâmetro interno é o diâmetro da haste, diâmetro externo é o fundo do canal e altura é a largura do canal. Meça com paquímetro antes de pedir; a gaxeta precisa das três medidas iguais às do alojamento."
"pkg-1320-31209125-625","111","Gaxeta de poliuretano tipo B, 231,77 × 247,7 × 15,87 mm, para vedação de haste em cilindros hidráulicos. Lábios simétricos a 45°. Fabricação PK Vedações, código PKG.1320.","Gaxeta de poliuretano (PU) tipo B com diâmetro interno de 231,77 mm, diâmetro externo de 247,7 mm e altura de 15,87 mm. Código PK Vedações PKG.1320. A referência de catálogo equivalente aparece em “Substitui / equivale a”.

O perfil tipo B tem lábios simétricos a 45° com chanfro, o que alinha a superfície de vedação com o centro do alojamento e aumenta a pré-carga do lábio. É o perfil indicado para a vedação de haste em cilindros hidráulicos, com comportamento estável em baixa e em alta pressão. O poliuretano oferece alta resistência à abrasão e à extrusão, o que prolonga a vida útil em relação às gaxetas tipo V e U de borracha nitrílica.

Como conferir a medida: diâmetro interno é o diâmetro da haste, diâmetro externo é o fundo do canal e altura é a largura do canal. Meça com paquímetro antes de pedir; a gaxeta precisa das três medidas iguais às do alojamento."
"pkg-1807-37509250-625","111","Gaxeta de poliuretano tipo B, 234,95 × 254 × 15,87 mm, para vedação de haste em cilindros hidráulicos. Lábios simétricos a 45°. Fabricação PK Vedações, código PKG.1807.","Gaxeta de poliuretano (PU) tipo B com diâmetro interno de 234,95 mm, diâmetro externo de 254 mm e altura de 15,87 mm. Código PK Vedações PKG.1807. A referência de catálogo equivalente aparece em “Substitui / equivale a”.

O perfil tipo B tem lábios simétricos a 45° com chanfro, o que alinha a superfície de vedação com o centro do alojamento e aumenta a pré-carga do lábio. É o perfil indicado para a vedação de haste em cilindros hidráulicos, com comportamento estável em baixa e em alta pressão. O poliuretano oferece alta resistência à abrasão e à extrusão, o que prolonga a vida útil em relação às gaxetas tipo V e U de borracha nitrílica.

Como conferir a medida: diâmetro interno é o diâmetro da haste, diâmetro externo é o fundo do canal e altura é a largura do canal. Meça com paquímetro antes de pedir; a gaxeta precisa das três medidas iguais às do alojamento."
"pkg-0905-6-19700984-250","111","Gaxeta de poliuretano tipo B, 25 × 35 × 6,35 mm, para vedação de haste em cilindros hidráulicos. Lábios simétricos a 45°. Fabricação PK Vedações, código PKG.0905.","Gaxeta de poliuretano (PU) tipo B com diâmetro interno de 25 mm, diâmetro externo de 35 mm e altura de 6,35 mm. Código PK Vedações PKG.0905. A referência de catálogo equivalente aparece em “Substitui / equivale a”.

O perfil tipo B tem lábios simétricos a 45° com chanfro, o que alinha a superfície de vedação com o centro do alojamento e aumenta a pré-carga do lábio. É o perfil indicado para a vedação de haste em cilindros hidráulicos, com comportamento estável em baixa e em alta pressão. O poliuretano oferece alta resistência à abrasão e à extrusão, o que prolonga a vida útil em relação às gaxetas tipo V e U de borracha nitrílica.

Como conferir a medida: diâmetro interno é o diâmetro da haste, diâmetro externo é o fundo do canal e altura é a largura do canal. Meça com paquímetro antes de pedir; a gaxeta precisa das três medidas iguais às do alojamento."
"pkg-0433-12501000-125","111","Gaxeta de poliuretano tipo B, 25,4 × 31,74 × 3,17 mm, para vedação de haste em cilindros hidráulicos. Lábios simétricos a 45°. Fabricação PK Vedações, código PKG.0433.","Gaxeta de poliuretano (PU) tipo B com diâmetro interno de 25,4 mm, diâmetro externo de 31,74 mm e altura de 3,17 mm. Código PK Vedações PKG.0433. A referência de catálogo equivalente aparece em “Substitui / equivale a”.

O perfil tipo B tem lábios simétricos a 45° com chanfro, o que alinha a superfície de vedação com o centro do alojamento e aumenta a pré-carga do lábio. É o perfil indicado para a vedação de haste em cilindros hidráulicos, com comportamento estável em baixa e em alta pressão. O poliuretano oferece alta resistência à abrasão e à extrusão, o que prolonga a vida útil em relação às gaxetas tipo V e U de borracha nitrílica.

Como conferir a medida: diâmetro interno é o diâmetro da haste, diâmetro externo é o fundo do canal e altura é a largura do canal. Meça com paquímetro antes de pedir; a gaxeta precisa das três medidas iguais às do alojamento."
"pkg-0261-12501000-187","111","Gaxeta de poliuretano tipo B, 25,4 × 31,75 × 3,17 mm, para vedação de haste em cilindros hidráulicos. Lábios simétricos a 45°. Fabricação PK Vedações, código PKG.0261.","Gaxeta de poliuretano (PU) tipo B com diâmetro interno de 25,4 mm, diâmetro externo de 31,75 mm e altura de 3,17 mm. Código PK Vedações PKG.0261. A referência de catálogo equivalente aparece em “Substitui / equivale a”.

O perfil tipo B tem lábios simétricos a 45° com chanfro, o que alinha a superfície de vedação com o centro do alojamento e aumenta a pré-carga do lábio. É o perfil indicado para a vedação de haste em cilindros hidráulicos, com comportamento estável em baixa e em alta pressão. O poliuretano oferece alta resistência à abrasão e à extrusão, o que prolonga a vida útil em relação às gaxetas tipo V e U de borracha nitrílica.

Como conferir a medida: diâmetro interno é o diâmetro da haste, diâmetro externo é o fundo do canal e altura é a largura do canal. Meça com paquímetro antes de pedir; a gaxeta precisa das três medidas iguais às do alojamento."
"pkg-0639-12501000-250","111","Gaxeta de poliuretano tipo B, 25,4 × 31,75 × 6,35 mm, para vedação de haste em cilindros hidráulicos. Lábios simétricos a 45°. Fabricação PK Vedações, código PKG.0639.","Gaxeta de poliuretano (PU) tipo B com diâmetro interno de 25,4 mm, diâmetro externo de 31,75 mm e altura de 6,35 mm. Código PK Vedações PKG.0639. A referência de catálogo equivalente aparece em “Substitui / equivale a”.

O perfil tipo B tem lábios simétricos a 45° com chanfro, o que alinha a superfície de vedação com o centro do alojamento e aumenta a pré-carga do lábio. É o perfil indicado para a vedação de haste em cilindros hidráulicos, com comportamento estável em baixa e em alta pressão. O poliuretano oferece alta resistência à abrasão e à extrusão, o que prolonga a vida útil em relação às gaxetas tipo V e U de borracha nitrílica.

Como conferir a medida: diâmetro interno é o diâmetro da haste, diâmetro externo é o fundo do canal e altura é a largura do canal. Meça com paquímetro antes de pedir; a gaxeta precisa das três medidas iguais às do alojamento."
"pkg-0591-18701000-312","111","Gaxeta de poliuretano tipo B, 25,4 × 34,92 × 7,93 mm, para vedação de haste em cilindros hidráulicos. Lábios simétricos a 45°. Fabricação PK Vedações, código PKG.0591.","Gaxeta de poliuretano (PU) tipo B com diâmetro interno de 25,4 mm, diâmetro externo de 34,92 mm e altura de 7,93 mm. Código PK Vedações PKG.0591. A referência de catálogo equivalente aparece em “Substitui / equivale a”.

O perfil tipo B tem lábios simétricos a 45° com chanfro, o que alinha a superfície de vedação com o centro do alojamento e aumenta a pré-carga do lábio. É o perfil indicado para a vedação de haste em cilindros hidráulicos, com comportamento estável em baixa e em alta pressão. O poliuretano oferece alta resistência à abrasão e à extrusão, o que prolonga a vida útil em relação às gaxetas tipo V e U de borracha nitrílica.

Como conferir a medida: diâmetro interno é o diâmetro da haste, diâmetro externo é o fundo do canal e altura é a largura do canal. Meça com paquímetro antes de pedir; a gaxeta precisa das três medidas iguais às do alojamento."
"pkg-0904-25001000-375","111","Gaxeta de poliuretano tipo B, 25,4 × 38,1 × 9,52 mm, para vedação de haste em cilindros hidráulicos. Lábios simétricos a 45°. Fabricação PK Vedações, código PKG.0904.","Gaxeta de poliuretano (PU) tipo B com diâmetro interno de 25,4 mm, diâmetro externo de 38,1 mm e altura de 9,52 mm. Código PK Vedações PKG.0904. A referência de catálogo equivalente aparece em “Substitui / equivale a”.

O perfil tipo B tem lábios simétricos a 45° com chanfro, o que alinha a superfície de vedação com o centro do alojamento e aumenta a pré-carga do lábio. É o perfil indicado para a vedação de haste em cilindros hidráulicos, com comportamento estável em baixa e em alta pressão. O poliuretano oferece alta resistência à abrasão e à extrusão, o que prolonga a vida útil em relação às gaxetas tipo V e U de borracha nitrílica.

Como conferir a medida: diâmetro interno é o diâmetro da haste, diâmetro externo é o fundo do canal e altura é a largura do canal. Meça com paquímetro antes de pedir; a gaxeta precisa das três medidas iguais às do alojamento."
"pkg-1330-6-19701102-236","111","Gaxeta de poliuretano tipo B, 28 × 38 × 6 mm, para vedação de haste em cilindros hidráulicos. Lábios simétricos a 45°. Fabricação PK Vedações, código PKG.1330.","Gaxeta de poliuretano (PU) tipo B com diâmetro interno de 28 mm, diâmetro externo de 38 mm e altura de 6 mm. Código PK Vedações PKG.1330. A referência de catálogo equivalente aparece em “Substitui / equivale a”.

O perfil tipo B tem lábios simétricos a 45° com chanfro, o que alinha a superfície de vedação com o centro do alojamento e aumenta a pré-carga do lábio. É o perfil indicado para a vedação de haste em cilindros hidráulicos, com comportamento estável em baixa e em alta pressão. O poliuretano oferece alta resistência à abrasão e à extrusão, o que prolonga a vida útil em relação às gaxetas tipo V e U de borracha nitrílica.

Como conferir a medida: diâmetro interno é o diâmetro da haste, diâmetro externo é o fundo do canal e altura é a largura do canal. Meça com paquímetro antes de pedir; a gaxeta precisa das três medidas iguais às do alojamento."
"pkg-0696-6-19701102-375","111","Gaxeta de poliuretano tipo B, 28 × 38 × 9,52 mm, para vedação de haste em cilindros hidráulicos. Lábios simétricos a 45°. Fabricação PK Vedações, código PKG.0696.","Gaxeta de poliuretano (PU) tipo B com diâmetro interno de 28 mm, diâmetro externo de 38 mm e altura de 9,52 mm. Código PK Vedações PKG.0696. A referência de catálogo equivalente aparece em “Substitui / equivale a”.

O perfil tipo B tem lábios simétricos a 45° com chanfro, o que alinha a superfície de vedação com o centro do alojamento e aumenta a pré-carga do lábio. É o perfil indicado para a vedação de haste em cilindros hidráulicos, com comportamento estável em baixa e em alta pressão. O poliuretano oferece alta resistência à abrasão e à extrusão, o que prolonga a vida útil em relação às gaxetas tipo V e U de borracha nitrílica.

Como conferir a medida: diâmetro interno é o diâmetro da haste, diâmetro externo é o fundo do canal e altura é a largura do canal. Meça com paquímetro antes de pedir; a gaxeta precisa das três medidas iguais às do alojamento."
"pkg-1536-6-23601102-354","111","Gaxeta de poliuretano tipo B, 28 × 40 × 9 mm, para vedação de haste em cilindros hidráulicos. Lábios simétricos a 45°. Fabricação PK Vedações, código PKG.1536.","Gaxeta de poliuretano (PU) tipo B com diâmetro interno de 28 mm, diâmetro externo de 40 mm e altura de 9 mm. Código PK Vedações PKG.1536. A referência de catálogo equivalente aparece em “Substitui / equivale a”.

O perfil tipo B tem lábios simétricos a 45° com chanfro, o que alinha a superfície de vedação com o centro do alojamento e aumenta a pré-carga do lábio. É o perfil indicado para a vedação de haste em cilindros hidráulicos, com comportamento estável em baixa e em alta pressão. O poliuretano oferece alta resistência à abrasão e à extrusão, o que prolonga a vida útil em relação às gaxetas tipo V e U de borracha nitrílica.

Como conferir a medida: diâmetro interno é o diâmetro da haste, diâmetro externo é o fundo do canal e altura é a largura do canal. Meça com paquímetro antes de pedir; a gaxeta precisa das três medidas iguais às do alojamento."
"pkg-2365-12501125-204","111","Gaxeta de poliuretano tipo B, 28,57 × 34,92 × 5,18 mm, para vedação de haste em cilindros hidráulicos. Lábios simétricos a 45°. Fabricação PK Vedações, código PKG.2365.","Gaxeta de poliuretano (PU) tipo B com diâmetro interno de 28,57 mm, diâmetro externo de 34,92 mm e altura de 5,18 mm. Código PK Vedações PKG.2365. A referência de catálogo equivalente aparece em “Substitui / equivale a”.

O perfil tipo B tem lábios simétricos a 45° com chanfro, o que alinha a superfície de vedação com o centro do alojamento e aumenta a pré-carga do lábio. É o perfil indicado para a vedação de haste em cilindros hidráulicos, com comportamento estável em baixa e em alta pressão. O poliuretano oferece alta resistência à abrasão e à extrusão, o que prolonga a vida útil em relação às gaxetas tipo V e U de borracha nitrílica.

Como conferir a medida: diâmetro interno é o diâmetro da haste, diâmetro externo é o fundo do canal e altura é a largura do canal. Meça com paquímetro antes de pedir; a gaxeta precisa das três medidas iguais às do alojamento."
"pkg-0758-12501125-250","111","Gaxeta de poliuretano tipo B, 28,57 × 34,92 × 6,35 mm, para vedação de haste em cilindros hidráulicos. Lábios simétricos a 45°. Fabricação PK Vedações, código PKG.0758.","Gaxeta de poliuretano (PU) tipo B com diâmetro interno de 28,57 mm, diâmetro externo de 34,92 mm e altura de 6,35 mm. Código PK Vedações PKG.0758. A referência de catálogo equivalente aparece em “Substitui / equivale a”.

O perfil tipo B tem lábios simétricos a 45° com chanfro, o que alinha a superfície de vedação com o centro do alojamento e aumenta a pré-carga do lábio. É o perfil indicado para a vedação de haste em cilindros hidráulicos, com comportamento estável em baixa e em alta pressão. O poliuretano oferece alta resistência à abrasão e à extrusão, o que prolonga a vida útil em relação às gaxetas tipo V e U de borracha nitrílica.

Como conferir a medida: diâmetro interno é o diâmetro da haste, diâmetro externo é o fundo do canal e altura é a largura do canal. Meça com paquímetro antes de pedir; a gaxeta precisa das três medidas iguais às do alojamento."
"pkg-1631-18701125-312","111","Gaxeta de poliuretano tipo B, 28,57 × 38,1 × 7,92 mm, para vedação de haste em cilindros hidráulicos. Lábios simétricos a 45°. Fabricação PK Vedações, código PKG.1631.","Gaxeta de poliuretano (PU) tipo B com diâmetro interno de 28,57 mm, diâmetro externo de 38,1 mm e altura de 7,92 mm. Código PK Vedações PKG.1631. A referência de catálogo equivalente aparece em “Substitui / equivale a”.

O perfil tipo B tem lábios simétricos a 45° com chanfro, o que alinha a superfície de vedação com o centro do alojamento e aumenta a pré-carga do lábio. É o perfil indicado para a vedação de haste em cilindros hidráulicos, com comportamento estável em baixa e em alta pressão. O poliuretano oferece alta resistência à abrasão e à extrusão, o que prolonga a vida útil em relação às gaxetas tipo V e U de borracha nitrílica.

Como conferir a medida: diâmetro interno é o diâmetro da haste, diâmetro externo é o fundo do canal e altura é a largura do canal. Meça com paquímetro antes de pedir; a gaxeta precisa das três medidas iguais às do alojamento."
"pkg-1632-25001125-375","111","Gaxeta de poliuretano tipo B, 28,57 × 41,27 × 9,52 mm, para vedação de haste em cilindros hidráulicos. Lábios simétricos a 45°. Fabricação PK Vedações, código PKG.1632.","Gaxeta de poliuretano (PU) tipo B com diâmetro interno de 28,57 mm, diâmetro externo de 41,27 mm e altura de 9,52 mm. Código PK Vedações PKG.1632. A referência de catálogo equivalente aparece em “Substitui / equivale a”.

O perfil tipo B tem lábios simétricos a 45° com chanfro, o que alinha a superfície de vedação com o centro do alojamento e aumenta a pré-carga do lábio. É o perfil indicado para a vedação de haste em cilindros hidráulicos, com comportamento estável em baixa e em alta pressão. O poliuretano oferece alta resistência à abrasão e à extrusão, o que prolonga a vida útil em relação às gaxetas tipo V e U de borracha nitrílica.

Como conferir a medida: diâmetro interno é o diâmetro da haste, diâmetro externo é o fundo do canal e altura é a largura do canal. Meça com paquímetro antes de pedir; a gaxeta precisa das três medidas iguais às do alojamento."
"pkg-0958-18701187-312","111","Gaxeta de poliuretano tipo B, 30,14 × 39,66 × 7,93 mm, para vedação de haste em cilindros hidráulicos. Lábios simétricos a 45°. Fabricação PK Vedações, código PKG.0958.","Gaxeta de poliuretano (PU) tipo B com diâmetro interno de 30,14 mm, diâmetro externo de 39,66 mm e altura de 7,93 mm. Código PK Vedações PKG.0958. A referência de catálogo equivalente aparece em “Substitui / equivale a”.

O perfil tipo B tem lábios simétricos a 45° com chanfro, o que alinha a superfície de vedação com o centro do alojamento e aumenta a pré-carga do lábio. É o perfil indicado para a vedação de haste em cilindros hidráulicos, com comportamento estável em baixa e em alta pressão. O poliuretano oferece alta resistência à abrasão e à extrusão, o que prolonga a vida útil em relação às gaxetas tipo V e U de borracha nitrílica.

Como conferir a medida: diâmetro interno é o diâmetro da haste, diâmetro externo é o fundo do canal e altura é a largura do canal. Meça com paquímetro antes de pedir; a gaxeta precisa das três medidas iguais às do alojamento."
"pkg-0737-25001187-375","111","Gaxeta de poliuretano tipo B, 30,15 × 42,85 × 9,52 mm, para vedação de haste em cilindros hidráulicos. Lábios simétricos a 45°. Fabricação PK Vedações, código PKG.0737.","Gaxeta de poliuretano (PU) tipo B com diâmetro interno de 30,15 mm, diâmetro externo de 42,85 mm e altura de 9,52 mm. Código PK Vedações PKG.0737. A referência de catálogo equivalente aparece em “Substitui / equivale a”.

O perfil tipo B tem lábios simétricos a 45° com chanfro, o que alinha a superfície de vedação com o centro do alojamento e aumenta a pré-carga do lábio. É o perfil indicado para a vedação de haste em cilindros hidráulicos, com comportamento estável em baixa e em alta pressão. O poliuretano oferece alta resistência à abrasão e à extrusão, o que prolonga a vida útil em relação às gaxetas tipo V e U de borracha nitrílica.

Como conferir a medida: diâmetro interno é o diâmetro da haste, diâmetro externo é o fundo do canal e altura é a largura do canal. Meça com paquímetro antes de pedir; a gaxeta precisa das três medidas iguais às do alojamento."
"pkg-0083-6-15701181-322","111","Gaxeta de poliuretano tipo B, 30 × 38 × 8,2 mm, para vedação de haste em cilindros hidráulicos. Lábios simétricos a 45°. Fabricação PK Vedações, código PKG.0083.","Gaxeta de poliuretano (PU) tipo B com diâmetro interno de 30 mm, diâmetro externo de 38 mm e altura de 8,2 mm. Código PK Vedações PKG.0083. A referência de catálogo equivalente aparece em “Substitui / equivale a”.

O perfil tipo B tem lábios simétricos a 45° com chanfro, o que alinha a superfície de vedação com o centro do alojamento e aumenta a pré-carga do lábio. É o perfil indicado para a vedação de haste em cilindros hidráulicos, com comportamento estável em baixa e em alta pressão. O poliuretano oferece alta resistência à abrasão e à extrusão, o que prolonga a vida útil em relação às gaxetas tipo V e U de borracha nitrílica.

Como conferir a medida: diâmetro interno é o diâmetro da haste, diâmetro externo é o fundo do canal e altura é a largura do canal. Meça com paquímetro antes de pedir; a gaxeta precisa das três medidas iguais às do alojamento."
"pkg-2505-6-15701181-314","111","Gaxeta de poliuretano tipo B, 30 × 38 × 8 mm, para vedação de haste em cilindros hidráulicos. Lábios simétricos a 45°. Fabricação PK Vedações, código PKG.2505.","Gaxeta de poliuretano (PU) tipo B com diâmetro interno de 30 mm, diâmetro externo de 38 mm e altura de 8 mm. Código PK Vedações PKG.2505. A referência de catálogo equivalente aparece em “Substitui / equivale a”.

O perfil tipo B tem lábios simétricos a 45° com chanfro, o que alinha a superfície de vedação com o centro do alojamento e aumenta a pré-carga do lábio. É o perfil indicado para a vedação de haste em cilindros hidráulicos, com comportamento estável em baixa e em alta pressão. O poliuretano oferece alta resistência à abrasão e à extrusão, o que prolonga a vida útil em relação às gaxetas tipo V e U de borracha nitrílica.

Como conferir a medida: diâmetro interno é o diâmetro da haste, diâmetro externo é o fundo do canal e altura é a largura do canal. Meça com paquímetro antes de pedir; a gaxeta precisa das três medidas iguais às do alojamento."
"pkg-2380-6-19701181-250","111","Gaxeta de poliuretano tipo B, 30 × 40 × 6,35 mm, para vedação de haste em cilindros hidráulicos. Lábios simétricos a 45°. Fabricação PK Vedações, código PKG.2380.","Gaxeta de poliuretano (PU) tipo B com diâmetro interno de 30 mm, diâmetro externo de 40 mm e altura de 6,35 mm. Código PK Vedações PKG.2380. A referência de catálogo equivalente aparece em “Substitui / equivale a”.

O perfil tipo B tem lábios simétricos a 45° com chanfro, o que alinha a superfície de vedação com o centro do alojamento e aumenta a pré-carga do lábio. É o perfil indicado para a vedação de haste em cilindros hidráulicos, com comportamento estável em baixa e em alta pressão. O poliuretano oferece alta resistência à abrasão e à extrusão, o que prolonga a vida útil em relação às gaxetas tipo V e U de borracha nitrílica.

Como conferir a medida: diâmetro interno é o diâmetro da haste, diâmetro externo é o fundo do canal e altura é a largura do canal. Meça com paquímetro antes de pedir; a gaxeta precisa das três medidas iguais às do alojamento."
"pkg-0262-6-19701181-275","111","Gaxeta de poliuretano tipo B, 30 × 40 × 7 mm, para vedação de haste em cilindros hidráulicos. Lábios simétricos a 45°. Fabricação PK Vedações, código PKG.0262.","Gaxeta de poliuretano (PU) tipo B com diâmetro interno de 30 mm, diâmetro externo de 40 mm e altura de 7 mm. Código PK Vedações PKG.0262. A referência de catálogo equivalente aparece em “Substitui / equivale a”.

O perfil tipo B tem lábios simétricos a 45° com chanfro, o que alinha a superfície de vedação com o centro do alojamento e aumenta a pré-carga do lábio. É o perfil indicado para a vedação de haste em cilindros hidráulicos, com comportamento estável em baixa e em alta pressão. O poliuretano oferece alta resistência à abrasão e à extrusão, o que prolonga a vida útil em relação às gaxetas tipo V e U de borracha nitrílica.

Como conferir a medida: diâmetro interno é o diâmetro da haste, diâmetro externo é o fundo do canal e altura é a largura do canal. Meça com paquímetro antes de pedir; a gaxeta precisa das três medidas iguais às do alojamento."
"pkg-0763-6-19701181-354","111","Gaxeta de poliuretano tipo B, 30 × 40 × 9 mm, para vedação de haste em cilindros hidráulicos. Lábios simétricos a 45°. Fabricação PK Vedações, código PKG.0763.","Gaxeta de poliuretano (PU) tipo B com diâmetro interno de 30 mm, diâmetro externo de 40 mm e altura de 9 mm. Código PK Vedações PKG.0763. A referência de catálogo equivalente aparece em “Substitui / equivale a”.

O perfil tipo B tem lábios simétricos a 45° com chanfro, o que alinha a superfície de vedação com o centro do alojamento e aumenta a pré-carga do lábio. É o perfil indicado para a vedação de haste em cilindros hidráulicos, com comportamento estável em baixa e em alta pressão. O poliuretano oferece alta resistência à abrasão e à extrusão, o que prolonga a vida útil em relação às gaxetas tipo V e U de borracha nitrílica.

Como conferir a medida: diâmetro interno é o diâmetro da haste, diâmetro externo é o fundo do canal e altura é a largura do canal. Meça com paquímetro antes de pedir; a gaxeta precisa das três medidas iguais às do alojamento."
"pkg-1110-12501250-250","111","Gaxeta de poliuretano tipo B, 31,75 × 38,1 × 6,35 mm, para vedação de haste em cilindros hidráulicos. Lábios simétricos a 45°. Fabricação PK Vedações, código PKG.1110.","Gaxeta de poliuretano (PU) tipo B com diâmetro interno de 31,75 mm, diâmetro externo de 38,1 mm e altura de 6,35 mm. Código PK Vedações PKG.1110. A referência de catálogo equivalente aparece em “Substitui / equivale a”.

O perfil tipo B tem lábios simétricos a 45° com chanfro, o que alinha a superfície de vedação com o centro do alojamento e aumenta a pré-carga do lábio. É o perfil indicado para a vedação de haste em cilindros hidráulicos, com comportamento estável em baixa e em alta pressão. O poliuretano oferece alta resistência à abrasão e à extrusão, o que prolonga a vida útil em relação às gaxetas tipo V e U de borracha nitrílica.

Como conferir a medida: diâmetro interno é o diâmetro da haste, diâmetro externo é o fundo do canal e altura é a largura do canal. Meça com paquímetro antes de pedir; a gaxeta precisa das três medidas iguais às do alojamento."
"pkg-0594-18701250-312","111","Gaxeta de poliuretano tipo B, 31,75 × 41,27 × 7,93 mm, para vedação de haste em cilindros hidráulicos. Lábios simétricos a 45°. Fabricação PK Vedações, código PKG.0594.","Gaxeta de poliuretano (PU) tipo B com diâmetro interno de 31,75 mm, diâmetro externo de 41,27 mm e altura de 7,93 mm. Código PK Vedações PKG.0594. A referência de catálogo equivalente aparece em “Substitui / equivale a”.

O perfil tipo B tem lábios simétricos a 45° com chanfro, o que alinha a superfície de vedação com o centro do alojamento e aumenta a pré-carga do lábio. É o perfil indicado para a vedação de haste em cilindros hidráulicos, com comportamento estável em baixa e em alta pressão. O poliuretano oferece alta resistência à abrasão e à extrusão, o que prolonga a vida útil em relação às gaxetas tipo V e U de borracha nitrílica.

Como conferir a medida: diâmetro interno é o diâmetro da haste, diâmetro externo é o fundo do canal e altura é a largura do canal. Meça com paquímetro antes de pedir; a gaxeta precisa das três medidas iguais às do alojamento."
"pkg-0636-18701250-375","111","Gaxeta de poliuretano tipo B, 31,75 × 41,27 × 9,52 mm, para vedação de haste em cilindros hidráulicos. Lábios simétricos a 45°. Fabricação PK Vedações, código PKG.0636.","Gaxeta de poliuretano (PU) tipo B com diâmetro interno de 31,75 mm, diâmetro externo de 41,27 mm e altura de 9,52 mm. Código PK Vedações PKG.0636. A referência de catálogo equivalente aparece em “Substitui / equivale a”.

O perfil tipo B tem lábios simétricos a 45° com chanfro, o que alinha a superfície de vedação com o centro do alojamento e aumenta a pré-carga do lábio. É o perfil indicado para a vedação de haste em cilindros hidráulicos, com comportamento estável em baixa e em alta pressão. O poliuretano oferece alta resistência à abrasão e à extrusão, o que prolonga a vida útil em relação às gaxetas tipo V e U de borracha nitrílica.

Como conferir a medida: diâmetro interno é o diâmetro da haste, diâmetro externo é o fundo do canal e altura é a largura do canal. Meça com paquímetro antes de pedir; a gaxeta precisa das três medidas iguais às do alojamento."
"pkg-0558-25001250-375","111","Gaxeta de poliuretano tipo B, 31,75 × 44,45 × 9,52 mm, para vedação de haste em cilindros hidráulicos. Lábios simétricos a 45°. Fabricação PK Vedações, código PKG.0558.","Gaxeta de poliuretano (PU) tipo B com diâmetro interno de 31,75 mm, diâmetro externo de 44,45 mm e altura de 9,52 mm. Código PK Vedações PKG.0558. A referência de catálogo equivalente aparece em “Substitui / equivale a”.

O perfil tipo B tem lábios simétricos a 45° com chanfro, o que alinha a superfície de vedação com o centro do alojamento e aumenta a pré-carga do lábio. É o perfil indicado para a vedação de haste em cilindros hidráulicos, com comportamento estável em baixa e em alta pressão. O poliuretano oferece alta resistência à abrasão e à extrusão, o que prolonga a vida útil em relação às gaxetas tipo V e U de borracha nitrílica.

Como conferir a medida: diâmetro interno é o diâmetro da haste, diâmetro externo é o fundo do canal e altura é a largura do canal. Meça com paquímetro antes de pedir; a gaxeta precisa das três medidas iguais às do alojamento."
"pkg-0020-6-15701260-354","111","Gaxeta de poliuretano tipo B, 32 × 40 × 9 mm, para vedação de haste em cilindros hidráulicos. Lábios simétricos a 45°. Fabricação PK Vedações, código PKG.0020.","Gaxeta de poliuretano (PU) tipo B com diâmetro interno de 32 mm, diâmetro externo de 40 mm e altura de 9 mm. Código PK Vedações PKG.0020. A referência de catálogo equivalente aparece em “Substitui / equivale a”.

O perfil tipo B tem lábios simétricos a 45° com chanfro, o que alinha a superfície de vedação com o centro do alojamento e aumenta a pré-carga do lábio. É o perfil indicado para a vedação de haste em cilindros hidráulicos, com comportamento estável em baixa e em alta pressão. O poliuretano oferece alta resistência à abrasão e à extrusão, o que prolonga a vida útil em relação às gaxetas tipo V e U de borracha nitrílica.

Como conferir a medida: diâmetro interno é o diâmetro da haste, diâmetro externo é o fundo do canal e altura é a largura do canal. Meça com paquímetro antes de pedir; a gaxeta precisa das três medidas iguais às do alojamento."
"pkg-0184-25001312-413","111","Gaxeta de poliuretano tipo B, 33,32 × 46,02 × 10,5 mm, para vedação de haste em cilindros hidráulicos. Lábios simétricos a 45°. Fabricação PK Vedações, código PKG.0184.","Gaxeta de poliuretano (PU) tipo B com diâmetro interno de 33,32 mm, diâmetro externo de 46,02 mm e altura de 10,5 mm. Código PK Vedações PKG.0184. A referência de catálogo equivalente aparece em “Substitui / equivale a”.

O perfil tipo B tem lábios simétricos a 45° com chanfro, o que alinha a superfície de vedação com o centro do alojamento e aumenta a pré-carga do lábio. É o perfil indicado para a vedação de haste em cilindros hidráulicos, com comportamento estável em baixa e em alta pressão. O poliuretano oferece alta resistência à abrasão e à extrusão, o que prolonga a vida útil em relação às gaxetas tipo V e U de borracha nitrílica.

Como conferir a medida: diâmetro interno é o diâmetro da haste, diâmetro externo é o fundo do canal e altura é a largura do canal. Meça com paquímetro antes de pedir; a gaxeta precisa das três medidas iguais às do alojamento."
"pkg-1647-12501375-250","111","Gaxeta de poliuretano tipo B, 34,92 × 41,27 × 6,35 mm, para vedação de haste em cilindros hidráulicos. Lábios simétricos a 45°. Fabricação PK Vedações, código PKG.1647.","Gaxeta de poliuretano (PU) tipo B com diâmetro interno de 34,92 mm, diâmetro externo de 41,27 mm e altura de 6,35 mm. Código PK Vedações PKG.1647. A referência de catálogo equivalente aparece em “Substitui / equivale a”.

O perfil tipo B tem lábios simétricos a 45° com chanfro, o que alinha a superfície de vedação com o centro do alojamento e aumenta a pré-carga do lábio. É o perfil indicado para a vedação de haste em cilindros hidráulicos, com comportamento estável em baixa e em alta pressão. O poliuretano oferece alta resistência à abrasão e à extrusão, o que prolonga a vida útil em relação às gaxetas tipo V e U de borracha nitrílica.

Como conferir a medida: diâmetro interno é o diâmetro da haste, diâmetro externo é o fundo do canal e altura é a largura do canal. Meça com paquímetro antes de pedir; a gaxeta precisa das três medidas iguais às do alojamento."
"pkg-0140-18701375-250","111","Gaxeta de poliuretano tipo B, 34,92 × 44,45 × 6,35 mm, para vedação de haste em cilindros hidráulicos. Lábios simétricos a 45°. Fabricação PK Vedações, código PKG.0140.","Gaxeta de poliuretano (PU) tipo B com diâmetro interno de 34,92 mm, diâmetro externo de 44,45 mm e altura de 6,35 mm. Código PK Vedações PKG.0140. A referência de catálogo equivalente aparece em “Substitui / equivale a”.

O perfil tipo B tem lábios simétricos a 45° com chanfro, o que alinha a superfície de vedação com o centro do alojamento e aumenta a pré-carga do lábio. É o perfil indicado para a vedação de haste em cilindros hidráulicos, com comportamento estável em baixa e em alta pressão. O poliuretano oferece alta resistência à abrasão e à extrusão, o que prolonga a vida útil em relação às gaxetas tipo V e U de borracha nitrílica.

Como conferir a medida: diâmetro interno é o diâmetro da haste, diâmetro externo é o fundo do canal e altura é a largura do canal. Meça com paquímetro antes de pedir; a gaxeta precisa das três medidas iguais às do alojamento."
"pkg-0659-18701375-312","111","Gaxeta de poliuretano tipo B, 34,92 × 44,45 × 7,93 mm, para vedação de haste em cilindros hidráulicos. Lábios simétricos a 45°. Fabricação PK Vedações, código PKG.0659.","Gaxeta de poliuretano (PU) tipo B com diâmetro interno de 34,92 mm, diâmetro externo de 44,45 mm e altura de 7,93 mm. Código PK Vedações PKG.0659. A referência de catálogo equivalente aparece em “Substitui / equivale a”.

O perfil tipo B tem lábios simétricos a 45° com chanfro, o que alinha a superfície de vedação com o centro do alojamento e aumenta a pré-carga do lábio. É o perfil indicado para a vedação de haste em cilindros hidráulicos, com comportamento estável em baixa e em alta pressão. O poliuretano oferece alta resistência à abrasão e à extrusão, o que prolonga a vida útil em relação às gaxetas tipo V e U de borracha nitrílica.

Como conferir a medida: diâmetro interno é o diâmetro da haste, diâmetro externo é o fundo do canal e altura é a largura do canal. Meça com paquímetro antes de pedir; a gaxeta precisa das três medidas iguais às do alojamento."
"pkg-1648-25001375-375","111","Gaxeta de poliuretano tipo B, 34,92 × 47,62 × 9,52 mm, para vedação de haste em cilindros hidráulicos. Lábios simétricos a 45°. Fabricação PK Vedações, código PKG.1648.","Gaxeta de poliuretano (PU) tipo B com diâmetro interno de 34,92 mm, diâmetro externo de 47,62 mm e altura de 9,52 mm. Código PK Vedações PKG.1648. A referência de catálogo equivalente aparece em “Substitui / equivale a”.

O perfil tipo B tem lábios simétricos a 45° com chanfro, o que alinha a superfície de vedação com o centro do alojamento e aumenta a pré-carga do lábio. É o perfil indicado para a vedação de haste em cilindros hidráulicos, com comportamento estável em baixa e em alta pressão. O poliuretano oferece alta resistência à abrasão e à extrusão, o que prolonga a vida útil em relação às gaxetas tipo V e U de borracha nitrílica.

Como conferir a medida: diâmetro interno é o diâmetro da haste, diâmetro externo é o fundo do canal e altura é a largura do canal. Meça com paquímetro antes de pedir; a gaxeta precisa das três medidas iguais às do alojamento."
"pkg-2657-6-19701375-394","111","Gaxeta de poliuretano tipo B, 35 × 45 × 10 mm, para vedação de haste em cilindros hidráulicos. Lábios simétricos a 45°. Fabricação PK Vedações, código PKG.2657.","Gaxeta de poliuretano (PU) tipo B com diâmetro interno de 35 mm, diâmetro externo de 45 mm e altura de 10 mm. Código PK Vedações PKG.2657. A referência de catálogo equivalente aparece em “Substitui / equivale a”.

O perfil tipo B tem lábios simétricos a 45° com chanfro, o que alinha a superfície de vedação com o centro do alojamento e aumenta a pré-carga do lábio. É o perfil indicado para a vedação de haste em cilindros hidráulicos, com comportamento estável em baixa e em alta pressão. O poliuretano oferece alta resistência à abrasão e à extrusão, o que prolonga a vida útil em relação às gaxetas tipo V e U de borracha nitrílica.

Como conferir a medida: diâmetro interno é o diâmetro da haste, diâmetro externo é o fundo do canal e altura é a largura do canal. Meça com paquímetro antes de pedir; a gaxeta precisa das três medidas iguais às do alojamento."
"pkg-2164-6-19701378-236","111","Gaxeta de poliuretano tipo B, 35 × 45 × 6 mm, para vedação de haste em cilindros hidráulicos. Lábios simétricos a 45°. Fabricação PK Vedações, código PKG.2164.","Gaxeta de poliuretano (PU) tipo B com diâmetro interno de 35 mm, diâmetro externo de 45 mm e altura de 6 mm. Código PK Vedações PKG.2164. A referência de catálogo equivalente aparece em “Substitui / equivale a”.

O perfil tipo B tem lábios simétricos a 45° com chanfro, o que alinha a superfície de vedação com o centro do alojamento e aumenta a pré-carga do lábio. É o perfil indicado para a vedação de haste em cilindros hidráulicos, com comportamento estável em baixa e em alta pressão. O poliuretano oferece alta resistência à abrasão e à extrusão, o que prolonga a vida útil em relação às gaxetas tipo V e U de borracha nitrílica.

Como conferir a medida: diâmetro interno é o diâmetro da haste, diâmetro externo é o fundo do canal e altura é a largura do canal. Meça com paquímetro antes de pedir; a gaxeta precisa das três medidas iguais às do alojamento."
"pkg-0847-6-29501378-354","111","Gaxeta de poliuretano tipo B, 35 × 50 × 9 mm, para vedação de haste em cilindros hidráulicos. Lábios simétricos a 45°. Fabricação PK Vedações, código PKG.0847.","Gaxeta de poliuretano (PU) tipo B com diâmetro interno de 35 mm, diâmetro externo de 50 mm e altura de 9 mm. Código PK Vedações PKG.0847. A referência de catálogo equivalente aparece em “Substitui / equivale a”.

O perfil tipo B tem lábios simétricos a 45° com chanfro, o que alinha a superfície de vedação com o centro do alojamento e aumenta a pré-carga do lábio. É o perfil indicado para a vedação de haste em cilindros hidráulicos, com comportamento estável em baixa e em alta pressão. O poliuretano oferece alta resistência à abrasão e à extrusão, o que prolonga a vida útil em relação às gaxetas tipo V e U de borracha nitrílica.

Como conferir a medida: diâmetro interno é o diâmetro da haste, diâmetro externo é o fundo do canal e altura é a largura do canal. Meça com paquímetro antes de pedir; a gaxeta precisa das três medidas iguais às do alojamento."
"pkg-2342-12501500-250","111","Gaxeta de poliuretano tipo B, 38,1 × 44,45 × 6,35 mm, para vedação de haste em cilindros hidráulicos. Lábios simétricos a 45°. Fabricação PK Vedações, código PKG.2342.","Gaxeta de poliuretano (PU) tipo B com diâmetro interno de 38,1 mm, diâmetro externo de 44,45 mm e altura de 6,35 mm. Código PK Vedações PKG.2342. A referência de catálogo equivalente aparece em “Substitui / equivale a”.

O perfil tipo B tem lábios simétricos a 45° com chanfro, o que alinha a superfície de vedação com o centro do alojamento e aumenta a pré-carga do lábio. É o perfil indicado para a vedação de haste em cilindros hidráulicos, com comportamento estável em baixa e em alta pressão. O poliuretano oferece alta resistência à abrasão e à extrusão, o que prolonga a vida útil em relação às gaxetas tipo V e U de borracha nitrílica.

Como conferir a medida: diâmetro interno é o diâmetro da haste, diâmetro externo é o fundo do canal e altura é a largura do canal. Meça com paquímetro antes de pedir; a gaxeta precisa das três medidas iguais às do alojamento."
"pkg-0918-6-18701500-266","111","Gaxeta de poliuretano tipo B, 38,1 × 47,62 × 6,75 mm, para vedação de haste em cilindros hidráulicos. Lábios simétricos a 45°. Fabricação PK Vedações, código PKG.0918.","Gaxeta de poliuretano (PU) tipo B com diâmetro interno de 38,1 mm, diâmetro externo de 47,62 mm e altura de 6,75 mm. Código PK Vedações PKG.0918. A referência de catálogo equivalente aparece em “Substitui / equivale a”.

O perfil tipo B tem lábios simétricos a 45° com chanfro, o que alinha a superfície de vedação com o centro do alojamento e aumenta a pré-carga do lábio. É o perfil indicado para a vedação de haste em cilindros hidráulicos, com comportamento estável em baixa e em alta pressão. O poliuretano oferece alta resistência à abrasão e à extrusão, o que prolonga a vida útil em relação às gaxetas tipo V e U de borracha nitrílica.

Como conferir a medida: diâmetro interno é o diâmetro da haste, diâmetro externo é o fundo do canal e altura é a largura do canal. Meça com paquímetro antes de pedir; a gaxeta precisa das três medidas iguais às do alojamento."
"pkg-0507-18701500-312","111","Gaxeta de poliuretano tipo B, 38,1 × 47,62 × 7,93 mm, para vedação de haste em cilindros hidráulicos. Lábios simétricos a 45°. Fabricação PK Vedações, código PKG.0507.","Gaxeta de poliuretano (PU) tipo B com diâmetro interno de 38,1 mm, diâmetro externo de 47,62 mm e altura de 7,93 mm. Código PK Vedações PKG.0507. A referência de catálogo equivalente aparece em “Substitui / equivale a”.

O perfil tipo B tem lábios simétricos a 45° com chanfro, o que alinha a superfície de vedação com o centro do alojamento e aumenta a pré-carga do lábio. É o perfil indicado para a vedação de haste em cilindros hidráulicos, com comportamento estável em baixa e em alta pressão. O poliuretano oferece alta resistência à abrasão e à extrusão, o que prolonga a vida útil em relação às gaxetas tipo V e U de borracha nitrílica.

Como conferir a medida: diâmetro interno é o diâmetro da haste, diâmetro externo é o fundo do canal e altura é a largura do canal. Meça com paquímetro antes de pedir; a gaxeta precisa das três medidas iguais às do alojamento."
"pkg-0508-18701500-375","111","Gaxeta de poliuretano tipo B, 38,1 × 47,62 × 9,52 mm, para vedação de haste em cilindros hidráulicos. Lábios simétricos a 45°. Fabricação PK Vedações, código PKG.0508.","Gaxeta de poliuretano (PU) tipo B com diâmetro interno de 38,1 mm, diâmetro externo de 47,62 mm e altura de 9,52 mm. Código PK Vedações PKG.0508. A referência de catálogo equivalente aparece em “Substitui / equivale a”.

O perfil tipo B tem lábios simétricos a 45° com chanfro, o que alinha a superfície de vedação com o centro do alojamento e aumenta a pré-carga do lábio. É o perfil indicado para a vedação de haste em cilindros hidráulicos, com comportamento estável em baixa e em alta pressão. O poliuretano oferece alta resistência à abrasão e à extrusão, o que prolonga a vida útil em relação às gaxetas tipo V e U de borracha nitrílica.

Como conferir a medida: diâmetro interno é o diâmetro da haste, diâmetro externo é o fundo do canal e altura é a largura do canal. Meça com paquímetro antes de pedir; a gaxeta precisa das três medidas iguais às do alojamento."
"pkg-2508-25001500-312","111","Gaxeta de poliuretano tipo B, 38,1 × 50,8 × 7,93 mm, para vedação de haste em cilindros hidráulicos. Lábios simétricos a 45°. Fabricação PK Vedações, código PKG.2508.","Gaxeta de poliuretano (PU) tipo B com diâmetro interno de 38,1 mm, diâmetro externo de 50,8 mm e altura de 7,93 mm. Código PK Vedações PKG.2508. A referência de catálogo equivalente aparece em “Substitui / equivale a”.

O perfil tipo B tem lábios simétricos a 45° com chanfro, o que alinha a superfície de vedação com o centro do alojamento e aumenta a pré-carga do lábio. É o perfil indicado para a vedação de haste em cilindros hidráulicos, com comportamento estável em baixa e em alta pressão. O poliuretano oferece alta resistência à abrasão e à extrusão, o que prolonga a vida útil em relação às gaxetas tipo V e U de borracha nitrílica.

Como conferir a medida: diâmetro interno é o diâmetro da haste, diâmetro externo é o fundo do canal e altura é a largura do canal. Meça com paquímetro antes de pedir; a gaxeta precisa das três medidas iguais às do alojamento."
"pkg-0530-25001500-375","111","Gaxeta de poliuretano tipo B, 38,1 × 50,8 × 9,52 mm, para vedação de haste em cilindros hidráulicos. Lábios simétricos a 45°. Fabricação PK Vedações, código PKG.0530.","Gaxeta de poliuretano (PU) tipo B com diâmetro interno de 38,1 mm, diâmetro externo de 50,8 mm e altura de 9,52 mm. Código PK Vedações PKG.0530. A referência de catálogo equivalente aparece em “Substitui / equivale a”.

O perfil tipo B tem lábios simétricos a 45° com chanfro, o que alinha a superfície de vedação com o centro do alojamento e aumenta a pré-carga do lábio. É o perfil indicado para a vedação de haste em cilindros hidráulicos, com comportamento estável em baixa e em alta pressão. O poliuretano oferece alta resistência à abrasão e à extrusão, o que prolonga a vida útil em relação às gaxetas tipo V e U de borracha nitrílica.

Como conferir a medida: diâmetro interno é o diâmetro da haste, diâmetro externo é o fundo do canal e altura é a largura do canal. Meça com paquímetro antes de pedir; a gaxeta precisa das três medidas iguais às do alojamento."
"pkg-1133-31201500-500","111","Gaxeta de poliuretano tipo B, 38,1 × 53,97 × 12,7 mm, para vedação de haste em cilindros hidráulicos. Lábios simétricos a 45°. Fabricação PK Vedações, código PKG.1133.","Gaxeta de poliuretano (PU) tipo B com diâmetro interno de 38,1 mm, diâmetro externo de 53,97 mm e altura de 12,7 mm. Código PK Vedações PKG.1133. A referência de catálogo equivalente aparece em “Substitui / equivale a”.

O perfil tipo B tem lábios simétricos a 45° com chanfro, o que alinha a superfície de vedação com o centro do alojamento e aumenta a pré-carga do lábio. É o perfil indicado para a vedação de haste em cilindros hidráulicos, com comportamento estável em baixa e em alta pressão. O poliuretano oferece alta resistência à abrasão e à extrusão, o que prolonga a vida útil em relação às gaxetas tipo V e U de borracha nitrílica.

Como conferir a medida: diâmetro interno é o diâmetro da haste, diâmetro externo é o fundo do canal e altura é a largura do canal. Meça com paquímetro antes de pedir; a gaxeta precisa das três medidas iguais às do alojamento."
"pkg-0035-37501500-375","111","Gaxeta de poliuretano tipo B, 38,1 × 57,15 × 9,52 mm, para vedação de haste em cilindros hidráulicos. Lábios simétricos a 45°. Fabricação PK Vedações, código PKG.0035.","Gaxeta de poliuretano (PU) tipo B com diâmetro interno de 38,1 mm, diâmetro externo de 57,15 mm e altura de 9,52 mm. Código PK Vedações PKG.0035. A referência de catálogo equivalente aparece em “Substitui / equivale a”.

O perfil tipo B tem lábios simétricos a 45° com chanfro, o que alinha a superfície de vedação com o centro do alojamento e aumenta a pré-carga do lábio. É o perfil indicado para a vedação de haste em cilindros hidráulicos, com comportamento estável em baixa e em alta pressão. O poliuretano oferece alta resistência à abrasão e à extrusão, o que prolonga a vida útil em relação às gaxetas tipo V e U de borracha nitrílica.

Como conferir a medida: diâmetro interno é o diâmetro da haste, diâmetro externo é o fundo do canal e altura é a largura do canal. Meça com paquímetro antes de pedir; a gaxeta precisa das três medidas iguais às do alojamento."
"pkg-2915-6-19701574-282","111","Gaxeta de poliuretano tipo B, 40 × 50 × 7,15 mm, para vedação de haste em cilindros hidráulicos. Lábios simétricos a 45°. Fabricação PK Vedações, código PKG.2915.","Gaxeta de poliuretano (PU) tipo B com diâmetro interno de 40 mm, diâmetro externo de 50 mm e altura de 7,15 mm. Código PK Vedações PKG.2915. A referência de catálogo equivalente aparece em “Substitui / equivale a”.

O perfil tipo B tem lábios simétricos a 45° com chanfro, o que alinha a superfície de vedação com o centro do alojamento e aumenta a pré-carga do lábio. É o perfil indicado para a vedação de haste em cilindros hidráulicos, com comportamento estável em baixa e em alta pressão. O poliuretano oferece alta resistência à abrasão e à extrusão, o que prolonga a vida útil em relação às gaxetas tipo V e U de borracha nitrílica.

Como conferir a medida: diâmetro interno é o diâmetro da haste, diâmetro externo é o fundo do canal e altura é a largura do canal. Meça com paquímetro antes de pedir; a gaxeta precisa das três medidas iguais às do alojamento."
"pkg-0649-6-19701574-354","111","Gaxeta de poliuretano tipo B, 40 × 50 × 9 mm, para vedação de haste em cilindros hidráulicos. Lábios simétricos a 45°. Fabricação PK Vedações, código PKG.0649.","Gaxeta de poliuretano (PU) tipo B com diâmetro interno de 40 mm, diâmetro externo de 50 mm e altura de 9 mm. Código PK Vedações PKG.0649. A referência de catálogo equivalente aparece em “Substitui / equivale a”.

O perfil tipo B tem lábios simétricos a 45° com chanfro, o que alinha a superfície de vedação com o centro do alojamento e aumenta a pré-carga do lábio. É o perfil indicado para a vedação de haste em cilindros hidráulicos, com comportamento estável em baixa e em alta pressão. O poliuretano oferece alta resistência à abrasão e à extrusão, o que prolonga a vida útil em relação às gaxetas tipo V e U de borracha nitrílica.

Como conferir a medida: diâmetro interno é o diâmetro da haste, diâmetro externo é o fundo do canal e altura é a largura do canal. Meça com paquímetro antes de pedir; a gaxeta precisa das três medidas iguais às do alojamento."
"pkg-0897-6-29501574-354","111","Gaxeta de poliuretano tipo B, 40 × 55 × 9 mm, para vedação de haste em cilindros hidráulicos. Lábios simétricos a 45°. Fabricação PK Vedações, código PKG.0897.","Gaxeta de poliuretano (PU) tipo B com diâmetro interno de 40 mm, diâmetro externo de 55 mm e altura de 9 mm. Código PK Vedações PKG.0897. A referência de catálogo equivalente aparece em “Substitui / equivale a”.

O perfil tipo B tem lábios simétricos a 45° com chanfro, o que alinha a superfície de vedação com o centro do alojamento e aumenta a pré-carga do lábio. É o perfil indicado para a vedação de haste em cilindros hidráulicos, com comportamento estável em baixa e em alta pressão. O poliuretano oferece alta resistência à abrasão e à extrusão, o que prolonga a vida útil em relação às gaxetas tipo V e U de borracha nitrílica.

Como conferir a medida: diâmetro interno é o diâmetro da haste, diâmetro externo é o fundo do canal e altura é a largura do canal. Meça com paquímetro antes de pedir; a gaxeta precisa das três medidas iguais às do alojamento."
"pkg-1541-6-39401574-625","111","Gaxeta de poliuretano tipo B, 40 × 60 × 15,87 mm, para vedação de haste em cilindros hidráulicos. Lábios simétricos a 45°. Fabricação PK Vedações, código PKG.1541.","Gaxeta de poliuretano (PU) tipo B com diâmetro interno de 40 mm, diâmetro externo de 60 mm e altura de 15,87 mm. Código PK Vedações PKG.1541. A referência de catálogo equivalente aparece em “Substitui / equivale a”.

O perfil tipo B tem lábios simétricos a 45° com chanfro, o que alinha a superfície de vedação com o centro do alojamento e aumenta a pré-carga do lábio. É o perfil indicado para a vedação de haste em cilindros hidráulicos, com comportamento estável em baixa e em alta pressão. O poliuretano oferece alta resistência à abrasão e à extrusão, o que prolonga a vida útil em relação às gaxetas tipo V e U de borracha nitrílica.

Como conferir a medida: diâmetro interno é o diâmetro da haste, diâmetro externo é o fundo do canal e altura é a largura do canal. Meça com paquímetro antes de pedir; a gaxeta precisa das três medidas iguais às do alojamento."
"pkg-0672-18701625-312","111","Gaxeta de poliuretano tipo B, 41,27 × 50,8 × 7,93 mm, para vedação de haste em cilindros hidráulicos. Lábios simétricos a 45°. Fabricação PK Vedações, código PKG.0672.","Gaxeta de poliuretano (PU) tipo B com diâmetro interno de 41,27 mm, diâmetro externo de 50,8 mm e altura de 7,93 mm. Código PK Vedações PKG.0672. A referência de catálogo equivalente aparece em “Substitui / equivale a”.

O perfil tipo B tem lábios simétricos a 45° com chanfro, o que alinha a superfície de vedação com o centro do alojamento e aumenta a pré-carga do lábio. É o perfil indicado para a vedação de haste em cilindros hidráulicos, com comportamento estável em baixa e em alta pressão. O poliuretano oferece alta resistência à abrasão e à extrusão, o que prolonga a vida útil em relação às gaxetas tipo V e U de borracha nitrílica.

Como conferir a medida: diâmetro interno é o diâmetro da haste, diâmetro externo é o fundo do canal e altura é a largura do canal. Meça com paquímetro antes de pedir; a gaxeta precisa das três medidas iguais às do alojamento."
"pkg-0629-18701625-375","111","Gaxeta de poliuretano tipo B, 41,27 × 50,8 × 9,52 mm, para vedação de haste em cilindros hidráulicos. Lábios simétricos a 45°. Fabricação PK Vedações, código PKG.0629.","Gaxeta de poliuretano (PU) tipo B com diâmetro interno de 41,27 mm, diâmetro externo de 50,8 mm e altura de 9,52 mm. Código PK Vedações PKG.0629. A referência de catálogo equivalente aparece em “Substitui / equivale a”.

O perfil tipo B tem lábios simétricos a 45° com chanfro, o que alinha a superfície de vedação com o centro do alojamento e aumenta a pré-carga do lábio. É o perfil indicado para a vedação de haste em cilindros hidráulicos, com comportamento estável em baixa e em alta pressão. O poliuretano oferece alta resistência à abrasão e à extrusão, o que prolonga a vida útil em relação às gaxetas tipo V e U de borracha nitrílica.

Como conferir a medida: diâmetro interno é o diâmetro da haste, diâmetro externo é o fundo do canal e altura é a largura do canal. Meça com paquímetro antes de pedir; a gaxeta precisa das três medidas iguais às do alojamento."
"pkg-2658-6-19701625-394","111","Gaxeta de poliuretano tipo B, 41,27 × 51,27 × 10 mm, para vedação de haste em cilindros hidráulicos. Lábios simétricos a 45°. Fabricação PK Vedações, código PKG.2658.","Gaxeta de poliuretano (PU) tipo B com diâmetro interno de 41,27 mm, diâmetro externo de 51,27 mm e altura de 10 mm. Código PK Vedações PKG.2658. A referência de catálogo equivalente aparece em “Substitui / equivale a”.

O perfil tipo B tem lábios simétricos a 45° com chanfro, o que alinha a superfície de vedação com o centro do alojamento e aumenta a pré-carga do lábio. É o perfil indicado para a vedação de haste em cilindros hidráulicos, com comportamento estável em baixa e em alta pressão. O poliuretano oferece alta resistência à abrasão e à extrusão, o que prolonga a vida útil em relação às gaxetas tipo V e U de borracha nitrílica.

Como conferir a medida: diâmetro interno é o diâmetro da haste, diâmetro externo é o fundo do canal e altura é a largura do canal. Meça com paquímetro antes de pedir; a gaxeta precisa das três medidas iguais às do alojamento."
"pkg-0667-25001625-375","111","Gaxeta de poliuretano tipo B, 41,27 × 53,97 × 9,52 mm, para vedação de haste em cilindros hidráulicos. Lábios simétricos a 45°. Fabricação PK Vedações, código PKG.0667.","Gaxeta de poliuretano (PU) tipo B com diâmetro interno de 41,27 mm, diâmetro externo de 53,97 mm e altura de 9,52 mm. Código PK Vedações PKG.0667. A referência de catálogo equivalente aparece em “Substitui / equivale a”.

O perfil tipo B tem lábios simétricos a 45° com chanfro, o que alinha a superfície de vedação com o centro do alojamento e aumenta a pré-carga do lábio. É o perfil indicado para a vedação de haste em cilindros hidráulicos, com comportamento estável em baixa e em alta pressão. O poliuretano oferece alta resistência à abrasão e à extrusão, o que prolonga a vida útil em relação às gaxetas tipo V e U de borracha nitrílica.

Como conferir a medida: diâmetro interno é o diâmetro da haste, diâmetro externo é o fundo do canal e altura é a largura do canal. Meça com paquímetro antes de pedir; a gaxeta precisa das três medidas iguais às do alojamento."
"pkg-1543-6-19701653-354","111","Gaxeta de poliuretano tipo B, 42 × 52 × 9 mm, para vedação de haste em cilindros hidráulicos. Lábios simétricos a 45°. Fabricação PK Vedações, código PKG.1543.","Gaxeta de poliuretano (PU) tipo B com diâmetro interno de 42 mm, diâmetro externo de 52 mm e altura de 9 mm. Código PK Vedações PKG.1543. A referência de catálogo equivalente aparece em “Substitui / equivale a”.

O perfil tipo B tem lábios simétricos a 45° com chanfro, o que alinha a superfície de vedação com o centro do alojamento e aumenta a pré-carga do lábio. É o perfil indicado para a vedação de haste em cilindros hidráulicos, com comportamento estável em baixa e em alta pressão. O poliuretano oferece alta resistência à abrasão e à extrusão, o que prolonga a vida útil em relação às gaxetas tipo V e U de borracha nitrílica.

Como conferir a medida: diâmetro interno é o diâmetro da haste, diâmetro externo é o fundo do canal e altura é a largura do canal. Meça com paquímetro antes de pedir; a gaxeta precisa das três medidas iguais às do alojamento."
"pkg-0432-12501750-125","111","Gaxeta de poliuretano tipo B, 44,45 × 50,79 × 3,17 mm, para vedação de haste em cilindros hidráulicos. Lábios simétricos a 45°. Fabricação PK Vedações, código PKG.0432.","Gaxeta de poliuretano (PU) tipo B com diâmetro interno de 44,45 mm, diâmetro externo de 50,79 mm e altura de 3,17 mm. Código PK Vedações PKG.0432. A referência de catálogo equivalente aparece em “Substitui / equivale a”.

O perfil tipo B tem lábios simétricos a 45° com chanfro, o que alinha a superfície de vedação com o centro do alojamento e aumenta a pré-carga do lábio. É o perfil indicado para a vedação de haste em cilindros hidráulicos, com comportamento estável em baixa e em alta pressão. O poliuretano oferece alta resistência à abrasão e à extrusão, o que prolonga a vida útil em relação às gaxetas tipo V e U de borracha nitrílica.

Como conferir a medida: diâmetro interno é o diâmetro da haste, diâmetro externo é o fundo do canal e altura é a largura do canal. Meça com paquímetro antes de pedir; a gaxeta precisa das três medidas iguais às do alojamento."
"pkg-0668-18701750-312","111","Gaxeta de poliuretano tipo B, 44,45 × 53,97 × 7,93 mm, para vedação de haste em cilindros hidráulicos. Lábios simétricos a 45°. Fabricação PK Vedações, código PKG.0668.","Gaxeta de poliuretano (PU) tipo B com diâmetro interno de 44,45 mm, diâmetro externo de 53,97 mm e altura de 7,93 mm. Código PK Vedações PKG.0668. A referência de catálogo equivalente aparece em “Substitui / equivale a”.

O perfil tipo B tem lábios simétricos a 45° com chanfro, o que alinha a superfície de vedação com o centro do alojamento e aumenta a pré-carga do lábio. É o perfil indicado para a vedação de haste em cilindros hidráulicos, com comportamento estável em baixa e em alta pressão. O poliuretano oferece alta resistência à abrasão e à extrusão, o que prolonga a vida útil em relação às gaxetas tipo V e U de borracha nitrílica.

Como conferir a medida: diâmetro interno é o diâmetro da haste, diâmetro externo é o fundo do canal e altura é a largura do canal. Meça com paquímetro antes de pedir; a gaxeta precisa das três medidas iguais às do alojamento."
"pkg-0765-18701750-375","111","Gaxeta de poliuretano tipo B, 44,45 × 53,97 × 9,52 mm, para vedação de haste em cilindros hidráulicos. Lábios simétricos a 45°. Fabricação PK Vedações, código PKG.0765.","Gaxeta de poliuretano (PU) tipo B com diâmetro interno de 44,45 mm, diâmetro externo de 53,97 mm e altura de 9,52 mm. Código PK Vedações PKG.0765. A referência de catálogo equivalente aparece em “Substitui / equivale a”.

O perfil tipo B tem lábios simétricos a 45° com chanfro, o que alinha a superfície de vedação com o centro do alojamento e aumenta a pré-carga do lábio. É o perfil indicado para a vedação de haste em cilindros hidráulicos, com comportamento estável em baixa e em alta pressão. O poliuretano oferece alta resistência à abrasão e à extrusão, o que prolonga a vida útil em relação às gaxetas tipo V e U de borracha nitrílica.

Como conferir a medida: diâmetro interno é o diâmetro da haste, diâmetro externo é o fundo do canal e altura é a largura do canal. Meça com paquímetro antes de pedir; a gaxeta precisa das três medidas iguais às do alojamento."
"pkg-0046-25001750-250","111","Gaxeta de poliuretano tipo B, 44,45 × 57,15 × 6,35 mm, para vedação de haste em cilindros hidráulicos. Lábios simétricos a 45°. Fabricação PK Vedações, código PKG.0046.","Gaxeta de poliuretano (PU) tipo B com diâmetro interno de 44,45 mm, diâmetro externo de 57,15 mm e altura de 6,35 mm. Código PK Vedações PKG.0046. A referência de catálogo equivalente aparece em “Substitui / equivale a”.

O perfil tipo B tem lábios simétricos a 45° com chanfro, o que alinha a superfície de vedação com o centro do alojamento e aumenta a pré-carga do lábio. É o perfil indicado para a vedação de haste em cilindros hidráulicos, com comportamento estável em baixa e em alta pressão. O poliuretano oferece alta resistência à abrasão e à extrusão, o que prolonga a vida útil em relação às gaxetas tipo V e U de borracha nitrílica.

Como conferir a medida: diâmetro interno é o diâmetro da haste, diâmetro externo é o fundo do canal e altura é a largura do canal. Meça com paquímetro antes de pedir; a gaxeta precisa das três medidas iguais às do alojamento."
"pkg-0563-25001750-375","111","Gaxeta de poliuretano tipo B, 44,45 × 57,15 × 9,52 mm, para vedação de haste em cilindros hidráulicos. Lábios simétricos a 45°. Fabricação PK Vedações, código PKG.0563.","Gaxeta de poliuretano (PU) tipo B com diâmetro interno de 44,45 mm, diâmetro externo de 57,15 mm e altura de 9,52 mm. Código PK Vedações PKG.0563. A referência de catálogo equivalente aparece em “Substitui / equivale a”.

O perfil tipo B tem lábios simétricos a 45° com chanfro, o que alinha a superfície de vedação com o centro do alojamento e aumenta a pré-carga do lábio. É o perfil indicado para a vedação de haste em cilindros hidráulicos, com comportamento estável em baixa e em alta pressão. O poliuretano oferece alta resistência à abrasão e à extrusão, o que prolonga a vida útil em relação às gaxetas tipo V e U de borracha nitrílica.

Como conferir a medida: diâmetro interno é o diâmetro da haste, diâmetro externo é o fundo do canal e altura é a largura do canal. Meça com paquímetro antes de pedir; a gaxeta precisa das três medidas iguais às do alojamento."
"pkg-0749-31201750-500","111","Gaxeta de poliuretano tipo B, 44,45 × 60,32 × 12,7 mm, para vedação de haste em cilindros hidráulicos. Lábios simétricos a 45°. Fabricação PK Vedações, código PKG.0749.","Gaxeta de poliuretano (PU) tipo B com diâmetro interno de 44,45 mm, diâmetro externo de 60,32 mm e altura de 12,7 mm. Código PK Vedações PKG.0749. A referência de catálogo equivalente aparece em “Substitui / equivale a”.

O perfil tipo B tem lábios simétricos a 45° com chanfro, o que alinha a superfície de vedação com o centro do alojamento e aumenta a pré-carga do lábio. É o perfil indicado para a vedação de haste em cilindros hidráulicos, com comportamento estável em baixa e em alta pressão. O poliuretano oferece alta resistência à abrasão e à extrusão, o que prolonga a vida útil em relação às gaxetas tipo V e U de borracha nitrílica.

Como conferir a medida: diâmetro interno é o diâmetro da haste, diâmetro externo é o fundo do canal e altura é a largura do canal. Meça com paquímetro antes de pedir; a gaxeta precisa das três medidas iguais às do alojamento."
"pkg-0692-37501750-625","111","Gaxeta de poliuretano tipo B, 44,45 × 63,49 × 15,87 mm, para vedação de haste em cilindros hidráulicos. Lábios simétricos a 45°. Fabricação PK Vedações, código PKG.0692.","Gaxeta de poliuretano (PU) tipo B com diâmetro interno de 44,45 mm, diâmetro externo de 63,49 mm e altura de 15,87 mm. Código PK Vedações PKG.0692. A referência de catálogo equivalente aparece em “Substitui / equivale a”.

O perfil tipo B tem lábios simétricos a 45° com chanfro, o que alinha a superfície de vedação com o centro do alojamento e aumenta a pré-carga do lábio. É o perfil indicado para a vedação de haste em cilindros hidráulicos, com comportamento estável em baixa e em alta pressão. O poliuretano oferece alta resistência à abrasão e à extrusão, o que prolonga a vida útil em relação às gaxetas tipo V e U de borracha nitrílica.

Como conferir a medida: diâmetro interno é o diâmetro da haste, diâmetro externo é o fundo do canal e altura é a largura do canal. Meça com paquímetro antes de pedir; a gaxeta precisa das três medidas iguais às do alojamento."
"pkg-0305-6-19701732-275","111","Gaxeta de poliuretano tipo B, 44 × 54 × 7 mm, para vedação de haste em cilindros hidráulicos. Lábios simétricos a 45°. Fabricação PK Vedações, código PKG.0305.","Gaxeta de poliuretano (PU) tipo B com diâmetro interno de 44 mm, diâmetro externo de 54 mm e altura de 7 mm. Código PK Vedações PKG.0305. A referência de catálogo equivalente aparece em “Substitui / equivale a”.

O perfil tipo B tem lábios simétricos a 45° com chanfro, o que alinha a superfície de vedação com o centro do alojamento e aumenta a pré-carga do lábio. É o perfil indicado para a vedação de haste em cilindros hidráulicos, com comportamento estável em baixa e em alta pressão. O poliuretano oferece alta resistência à abrasão e à extrusão, o que prolonga a vida útil em relação às gaxetas tipo V e U de borracha nitrílica.

Como conferir a medida: diâmetro interno é o diâmetro da haste, diâmetro externo é o fundo do canal e altura é a largura do canal. Meça com paquímetro antes de pedir; a gaxeta precisa das três medidas iguais às do alojamento."
"pkg-0808-6-18701752-354","111","Gaxeta de poliuretano tipo B, 44,5 × 54 × 9 mm, para vedação de haste em cilindros hidráulicos. Lábios simétricos a 45°. Fabricação PK Vedações, código PKG.0808.","Gaxeta de poliuretano (PU) tipo B com diâmetro interno de 44,5 mm, diâmetro externo de 54 mm e altura de 9 mm. Código PK Vedações PKG.0808. A referência de catálogo equivalente aparece em “Substitui / equivale a”.

O perfil tipo B tem lábios simétricos a 45° com chanfro, o que alinha a superfície de vedação com o centro do alojamento e aumenta a pré-carga do lábio. É o perfil indicado para a vedação de haste em cilindros hidráulicos, com comportamento estável em baixa e em alta pressão. O poliuretano oferece alta resistência à abrasão e à extrusão, o que prolonga a vida útil em relação às gaxetas tipo V e U de borracha nitrílica.

Como conferir a medida: diâmetro interno é o diâmetro da haste, diâmetro externo é o fundo do canal e altura é a largura do canal. Meça com paquímetro antes de pedir; a gaxeta precisa das três medidas iguais às do alojamento."
"pkg-0650-6-15701771-314","111","Gaxeta de poliuretano tipo B, 45 × 53 × 8 mm, para vedação de haste em cilindros hidráulicos. Lábios simétricos a 45°. Fabricação PK Vedações, código PKG.0650.","Gaxeta de poliuretano (PU) tipo B com diâmetro interno de 45 mm, diâmetro externo de 53 mm e altura de 8 mm. Código PK Vedações PKG.0650. A referência de catálogo equivalente aparece em “Substitui / equivale a”.

O perfil tipo B tem lábios simétricos a 45° com chanfro, o que alinha a superfície de vedação com o centro do alojamento e aumenta a pré-carga do lábio. É o perfil indicado para a vedação de haste em cilindros hidráulicos, com comportamento estável em baixa e em alta pressão. O poliuretano oferece alta resistência à abrasão e à extrusão, o que prolonga a vida útil em relação às gaxetas tipo V e U de borracha nitrílica.

Como conferir a medida: diâmetro interno é o diâmetro da haste, diâmetro externo é o fundo do canal e altura é a largura do canal. Meça com paquímetro antes de pedir; a gaxeta precisa das três medidas iguais às do alojamento."
"pkg-3098-6-19701772-394","111","Gaxeta de poliuretano tipo B, 45 × 55 × 10 mm, para vedação de haste em cilindros hidráulicos. Lábios simétricos a 45°. Fabricação PK Vedações, código PKG.3098.","Gaxeta de poliuretano (PU) tipo B com diâmetro interno de 45 mm, diâmetro externo de 55 mm e altura de 10 mm. Código PK Vedações PKG.3098. A referência de catálogo equivalente aparece em “Substitui / equivale a”.

O perfil tipo B tem lábios simétricos a 45° com chanfro, o que alinha a superfície de vedação com o centro do alojamento e aumenta a pré-carga do lábio. É o perfil indicado para a vedação de haste em cilindros hidráulicos, com comportamento estável em baixa e em alta pressão. O poliuretano oferece alta resistência à abrasão e à extrusão, o que prolonga a vida útil em relação às gaxetas tipo V e U de borracha nitrílica.

Como conferir a medida: diâmetro interno é o diâmetro da haste, diâmetro externo é o fundo do canal e altura é a largura do canal. Meça com paquímetro antes de pedir; a gaxeta precisa das três medidas iguais às do alojamento."
"pkg-0073-6-19701772-354","111","Gaxeta de poliuretano tipo B, 45 × 55 × 9 mm, para vedação de haste em cilindros hidráulicos. Lábios simétricos a 45°. Fabricação PK Vedações, código PKG.0073.","Gaxeta de poliuretano (PU) tipo B com diâmetro interno de 45 mm, diâmetro externo de 55 mm e altura de 9 mm. Código PK Vedações PKG.0073. A referência de catálogo equivalente aparece em “Substitui / equivale a”.

O perfil tipo B tem lábios simétricos a 45° com chanfro, o que alinha a superfície de vedação com o centro do alojamento e aumenta a pré-carga do lábio. É o perfil indicado para a vedação de haste em cilindros hidráulicos, com comportamento estável em baixa e em alta pressão. O poliuretano oferece alta resistência à abrasão e à extrusão, o que prolonga a vida útil em relação às gaxetas tipo V e U de borracha nitrílica.

Como conferir a medida: diâmetro interno é o diâmetro da haste, diâmetro externo é o fundo do canal e altura é a largura do canal. Meça com paquímetro antes de pedir; a gaxeta precisa das três medidas iguais às do alojamento."
"pkg-0620-6-29501772-394","111","Gaxeta de poliuretano tipo B, 45 × 60 × 10 mm, para vedação de haste em cilindros hidráulicos. Lábios simétricos a 45°. Fabricação PK Vedações, código PKG.0620.","Gaxeta de poliuretano (PU) tipo B com diâmetro interno de 45 mm, diâmetro externo de 60 mm e altura de 10 mm. Código PK Vedações PKG.0620. A referência de catálogo equivalente aparece em “Substitui / equivale a”.

O perfil tipo B tem lábios simétricos a 45° com chanfro, o que alinha a superfície de vedação com o centro do alojamento e aumenta a pré-carga do lábio. É o perfil indicado para a vedação de haste em cilindros hidráulicos, com comportamento estável em baixa e em alta pressão. O poliuretano oferece alta resistência à abrasão e à extrusão, o que prolonga a vida útil em relação às gaxetas tipo V e U de borracha nitrílica.

Como conferir a medida: diâmetro interno é o diâmetro da haste, diâmetro externo é o fundo do canal e altura é a largura do canal. Meça com paquímetro antes de pedir; a gaxeta precisa das três medidas iguais às do alojamento."
"pkg-0922-6-29501852-433","111","Gaxeta de poliuretano tipo B, 47 × 62 × 11 mm, para vedação de haste em cilindros hidráulicos. Lábios simétricos a 45°. Fabricação PK Vedações, código PKG.0922.","Gaxeta de poliuretano (PU) tipo B com diâmetro interno de 47 mm, diâmetro externo de 62 mm e altura de 11 mm. Código PK Vedações PKG.0922. A referência de catálogo equivalente aparece em “Substitui / equivale a”.

O perfil tipo B tem lábios simétricos a 45° com chanfro, o que alinha a superfície de vedação com o centro do alojamento e aumenta a pré-carga do lábio. É o perfil indicado para a vedação de haste em cilindros hidráulicos, com comportamento estável em baixa e em alta pressão. O poliuretano oferece alta resistência à abrasão e à extrusão, o que prolonga a vida útil em relação às gaxetas tipo V e U de borracha nitrílica.

Como conferir a medida: diâmetro interno é o diâmetro da haste, diâmetro externo é o fundo do canal e altura é a largura do canal. Meça com paquímetro antes de pedir; a gaxeta precisa das três medidas iguais às do alojamento."
"pkg-0086-18701875-312","111","Gaxeta de poliuretano tipo B, 47,62 × 57,15 × 7,93 mm, para vedação de haste em cilindros hidráulicos. Lábios simétricos a 45°. Fabricação PK Vedações, código PKG.0086.","Gaxeta de poliuretano (PU) tipo B com diâmetro interno de 47,62 mm, diâmetro externo de 57,15 mm e altura de 7,93 mm. Código PK Vedações PKG.0086. A referência de catálogo equivalente aparece em “Substitui / equivale a”.

O perfil tipo B tem lábios simétricos a 45° com chanfro, o que alinha a superfície de vedação com o centro do alojamento e aumenta a pré-carga do lábio. É o perfil indicado para a vedação de haste em cilindros hidráulicos, com comportamento estável em baixa e em alta pressão. O poliuretano oferece alta resistência à abrasão e à extrusão, o que prolonga a vida útil em relação às gaxetas tipo V e U de borracha nitrílica.

Como conferir a medida: diâmetro interno é o diâmetro da haste, diâmetro externo é o fundo do canal e altura é a largura do canal. Meça com paquímetro antes de pedir; a gaxeta precisa das três medidas iguais às do alojamento."
"pkg-1662-18701875-375","111","Gaxeta de poliuretano tipo B, 47,62 × 57,15 × 9,52 mm, para vedação de haste em cilindros hidráulicos. Lábios simétricos a 45°. Fabricação PK Vedações, código PKG.1662.","Gaxeta de poliuretano (PU) tipo B com diâmetro interno de 47,62 mm, diâmetro externo de 57,15 mm e altura de 9,52 mm. Código PK Vedações PKG.1662. A referência de catálogo equivalente aparece em “Substitui / equivale a”.

O perfil tipo B tem lábios simétricos a 45° com chanfro, o que alinha a superfície de vedação com o centro do alojamento e aumenta a pré-carga do lábio. É o perfil indicado para a vedação de haste em cilindros hidráulicos, com comportamento estável em baixa e em alta pressão. O poliuretano oferece alta resistência à abrasão e à extrusão, o que prolonga a vida útil em relação às gaxetas tipo V e U de borracha nitrílica.

Como conferir a medida: diâmetro interno é o diâmetro da haste, diâmetro externo é o fundo do canal e altura é a largura do canal. Meça com paquímetro antes de pedir; a gaxeta precisa das três medidas iguais às do alojamento."
"pkg-0584-25001875-375","111","Gaxeta de poliuretano tipo B, 47,62 × 60,32 × 9,52 mm, para vedação de haste em cilindros hidráulicos. Lábios simétricos a 45°. Fabricação PK Vedações, código PKG.0584.","Gaxeta de poliuretano (PU) tipo B com diâmetro interno de 47,62 mm, diâmetro externo de 60,32 mm e altura de 9,52 mm. Código PK Vedações PKG.0584. A referência de catálogo equivalente aparece em “Substitui / equivale a”.

O perfil tipo B tem lábios simétricos a 45° com chanfro, o que alinha a superfície de vedação com o centro do alojamento e aumenta a pré-carga do lábio. É o perfil indicado para a vedação de haste em cilindros hidráulicos, com comportamento estável em baixa e em alta pressão. O poliuretano oferece alta resistência à abrasão e à extrusão, o que prolonga a vida útil em relação às gaxetas tipo V e U de borracha nitrílica.

Como conferir a medida: diâmetro interno é o diâmetro da haste, diâmetro externo é o fundo do canal e altura é a largura do canal. Meça com paquímetro antes de pedir; a gaxeta precisa das três medidas iguais às do alojamento."
"pkg-1663-31201875-500","111","Gaxeta de poliuretano tipo B, 47,62 × 63,5 × 12,7 mm, para vedação de haste em cilindros hidráulicos. Lábios simétricos a 45°. Fabricação PK Vedações, código PKG.1663.","Gaxeta de poliuretano (PU) tipo B com diâmetro interno de 47,62 mm, diâmetro externo de 63,5 mm e altura de 12,7 mm. Código PK Vedações PKG.1663. A referência de catálogo equivalente aparece em “Substitui / equivale a”.

O perfil tipo B tem lábios simétricos a 45° com chanfro, o que alinha a superfície de vedação com o centro do alojamento e aumenta a pré-carga do lábio. É o perfil indicado para a vedação de haste em cilindros hidráulicos, com comportamento estável em baixa e em alta pressão. O poliuretano oferece alta resistência à abrasão e à extrusão, o que prolonga a vida útil em relação às gaxetas tipo V e U de borracha nitrílica.

Como conferir a medida: diâmetro interno é o diâmetro da haste, diâmetro externo é o fundo do canal e altura é a largura do canal. Meça com paquímetro antes de pedir; a gaxeta precisa das três medidas iguais às do alojamento."
"pkg-1336-6-29501889-356","111","Gaxeta de poliuretano tipo B, 48 × 63 × 9,04 mm, para vedação de haste em cilindros hidráulicos. Lábios simétricos a 45°. Fabricação PK Vedações, código PKG.1336.","Gaxeta de poliuretano (PU) tipo B com diâmetro interno de 48 mm, diâmetro externo de 63 mm e altura de 9,04 mm. Código PK Vedações PKG.1336. A referência de catálogo equivalente aparece em “Substitui / equivale a”.

O perfil tipo B tem lábios simétricos a 45° com chanfro, o que alinha a superfície de vedação com o centro do alojamento e aumenta a pré-carga do lábio. É o perfil indicado para a vedação de haste em cilindros hidráulicos, com comportamento estável em baixa e em alta pressão. O poliuretano oferece alta resistência à abrasão e à extrusão, o que prolonga a vida útil em relação às gaxetas tipo V e U de borracha nitrílica.

Como conferir a medida: diâmetro interno é o diâmetro da haste, diâmetro externo é o fundo do canal e altura é a largura do canal. Meça com paquímetro antes de pedir; a gaxeta precisa das três medidas iguais às do alojamento."
"pkg-2588-6-19701968-453","111","Gaxeta de poliuretano tipo B, 50 × 60 × 11,5 mm, para vedação de haste em cilindros hidráulicos. Lábios simétricos a 45°. Fabricação PK Vedações, código PKG.2588.","Gaxeta de poliuretano (PU) tipo B com diâmetro interno de 50 mm, diâmetro externo de 60 mm e altura de 11,5 mm. Código PK Vedações PKG.2588. A referência de catálogo equivalente aparece em “Substitui / equivale a”.

O perfil tipo B tem lábios simétricos a 45° com chanfro, o que alinha a superfície de vedação com o centro do alojamento e aumenta a pré-carga do lábio. É o perfil indicado para a vedação de haste em cilindros hidráulicos, com comportamento estável em baixa e em alta pressão. O poliuretano oferece alta resistência à abrasão e à extrusão, o que prolonga a vida útil em relação às gaxetas tipo V e U de borracha nitrílica.

Como conferir a medida: diâmetro interno é o diâmetro da haste, diâmetro externo é o fundo do canal e altura é a largura do canal. Meça com paquímetro antes de pedir; a gaxeta precisa das três medidas iguais às do alojamento."
"pkg-2752-6-19701968-295","111","Gaxeta de poliuretano tipo B, 50 × 60 × 7,5 mm, para vedação de haste em cilindros hidráulicos. Lábios simétricos a 45°. Fabricação PK Vedações, código PKG.2752.","Gaxeta de poliuretano (PU) tipo B com diâmetro interno de 50 mm, diâmetro externo de 60 mm e altura de 7,5 mm. Código PK Vedações PKG.2752. A referência de catálogo equivalente aparece em “Substitui / equivale a”.

O perfil tipo B tem lábios simétricos a 45° com chanfro, o que alinha a superfície de vedação com o centro do alojamento e aumenta a pré-carga do lábio. É o perfil indicado para a vedação de haste em cilindros hidráulicos, com comportamento estável em baixa e em alta pressão. O poliuretano oferece alta resistência à abrasão e à extrusão, o que prolonga a vida útil em relação às gaxetas tipo V e U de borracha nitrílica.

Como conferir a medida: diâmetro interno é o diâmetro da haste, diâmetro externo é o fundo do canal e altura é a largura do canal. Meça com paquímetro antes de pedir; a gaxeta precisa das três medidas iguais às do alojamento."
"pkg-0158-6-19701968-275","111","Gaxeta de poliuretano tipo B, 50 × 60 × 7 mm, para vedação de haste em cilindros hidráulicos. Lábios simétricos a 45°. Fabricação PK Vedações, código PKG.0158.","Gaxeta de poliuretano (PU) tipo B com diâmetro interno de 50 mm, diâmetro externo de 60 mm e altura de 7 mm. Código PK Vedações PKG.0158. A referência de catálogo equivalente aparece em “Substitui / equivale a”.

O perfil tipo B tem lábios simétricos a 45° com chanfro, o que alinha a superfície de vedação com o centro do alojamento e aumenta a pré-carga do lábio. É o perfil indicado para a vedação de haste em cilindros hidráulicos, com comportamento estável em baixa e em alta pressão. O poliuretano oferece alta resistência à abrasão e à extrusão, o que prolonga a vida útil em relação às gaxetas tipo V e U de borracha nitrílica.

Como conferir a medida: diâmetro interno é o diâmetro da haste, diâmetro externo é o fundo do canal e altura é a largura do canal. Meça com paquímetro antes de pedir; a gaxeta precisa das três medidas iguais às do alojamento."
"pkg-1244-6-19701968-390","111","Gaxeta de poliuretano tipo B, 50 × 60 × 9,9 mm, para vedação de haste em cilindros hidráulicos. Lábios simétricos a 45°. Fabricação PK Vedações, código PKG.1244.","Gaxeta de poliuretano (PU) tipo B com diâmetro interno de 50 mm, diâmetro externo de 60 mm e altura de 9,9 mm. Código PK Vedações PKG.1244. A referência de catálogo equivalente aparece em “Substitui / equivale a”.

O perfil tipo B tem lábios simétricos a 45° com chanfro, o que alinha a superfície de vedação com o centro do alojamento e aumenta a pré-carga do lábio. É o perfil indicado para a vedação de haste em cilindros hidráulicos, com comportamento estável em baixa e em alta pressão. O poliuretano oferece alta resistência à abrasão e à extrusão, o que prolonga a vida útil em relação às gaxetas tipo V e U de borracha nitrílica.

Como conferir a medida: diâmetro interno é o diâmetro da haste, diâmetro externo é o fundo do canal e altura é a largura do canal. Meça com paquímetro antes de pedir; a gaxeta precisa das três medidas iguais às do alojamento."
"pkg-0723-6-25601968-354","111","Gaxeta de poliuretano tipo B, 50 × 63 × 9 mm, para vedação de haste em cilindros hidráulicos. Lábios simétricos a 45°. Fabricação PK Vedações, código PKG.0723.","Gaxeta de poliuretano (PU) tipo B com diâmetro interno de 50 mm, diâmetro externo de 63 mm e altura de 9 mm. Código PK Vedações PKG.0723. A referência de catálogo equivalente aparece em “Substitui / equivale a”.

O perfil tipo B tem lábios simétricos a 45° com chanfro, o que alinha a superfície de vedação com o centro do alojamento e aumenta a pré-carga do lábio. É o perfil indicado para a vedação de haste em cilindros hidráulicos, com comportamento estável em baixa e em alta pressão. O poliuretano oferece alta resistência à abrasão e à extrusão, o que prolonga a vida útil em relação às gaxetas tipo V e U de borracha nitrílica.

Como conferir a medida: diâmetro interno é o diâmetro da haste, diâmetro externo é o fundo do canal e altura é a largura do canal. Meça com paquímetro antes de pedir; a gaxeta precisa das três medidas iguais às do alojamento."
"pkg-0212-6-29501968-393","111","Gaxeta de poliuretano tipo B, 50 × 65 × 10 mm, para vedação de haste em cilindros hidráulicos. Lábios simétricos a 45°. Fabricação PK Vedações, código PKG.0212.","Gaxeta de poliuretano (PU) tipo B com diâmetro interno de 50 mm, diâmetro externo de 65 mm e altura de 10 mm. Código PK Vedações PKG.0212. A referência de catálogo equivalente aparece em “Substitui / equivale a”.

O perfil tipo B tem lábios simétricos a 45° com chanfro, o que alinha a superfície de vedação com o centro do alojamento e aumenta a pré-carga do lábio. É o perfil indicado para a vedação de haste em cilindros hidráulicos, com comportamento estável em baixa e em alta pressão. O poliuretano oferece alta resistência à abrasão e à extrusão, o que prolonga a vida útil em relação às gaxetas tipo V e U de borracha nitrílica.

Como conferir a medida: diâmetro interno é o diâmetro da haste, diâmetro externo é o fundo do canal e altura é a largura do canal. Meça com paquímetro antes de pedir; a gaxeta precisa das três medidas iguais às do alojamento."
"pkg-0161-6-29501968-433","111","Gaxeta de poliuretano tipo B, 50 × 65 × 11 mm, para vedação de haste em cilindros hidráulicos. Lábios simétricos a 45°. Fabricação PK Vedações, código PKG.0161.","Gaxeta de poliuretano (PU) tipo B com diâmetro interno de 50 mm, diâmetro externo de 65 mm e altura de 11 mm. Código PK Vedações PKG.0161. A referência de catálogo equivalente aparece em “Substitui / equivale a”.

O perfil tipo B tem lábios simétricos a 45° com chanfro, o que alinha a superfície de vedação com o centro do alojamento e aumenta a pré-carga do lábio. É o perfil indicado para a vedação de haste em cilindros hidráulicos, com comportamento estável em baixa e em alta pressão. O poliuretano oferece alta resistência à abrasão e à extrusão, o que prolonga a vida útil em relação às gaxetas tipo V e U de borracha nitrílica.

Como conferir a medida: diâmetro interno é o diâmetro da haste, diâmetro externo é o fundo do canal e altura é a largura do canal. Meça com paquímetro antes de pedir; a gaxeta precisa das três medidas iguais às do alojamento."
"pkg-0231-6-29501968-250","111","Gaxeta de poliuretano tipo B, 50 × 65 × 6,35 mm, para vedação de haste em cilindros hidráulicos. Lábios simétricos a 45°. Fabricação PK Vedações, código PKG.0231.","Gaxeta de poliuretano (PU) tipo B com diâmetro interno de 50 mm, diâmetro externo de 65 mm e altura de 6,35 mm. Código PK Vedações PKG.0231. A referência de catálogo equivalente aparece em “Substitui / equivale a”.

O perfil tipo B tem lábios simétricos a 45° com chanfro, o que alinha a superfície de vedação com o centro do alojamento e aumenta a pré-carga do lábio. É o perfil indicado para a vedação de haste em cilindros hidráulicos, com comportamento estável em baixa e em alta pressão. O poliuretano oferece alta resistência à abrasão e à extrusão, o que prolonga a vida útil em relação às gaxetas tipo V e U de borracha nitrílica.

Como conferir a medida: diâmetro interno é o diâmetro da haste, diâmetro externo é o fundo do canal e altura é a largura do canal. Meça com paquímetro antes de pedir; a gaxeta precisa das três medidas iguais às do alojamento."
"pkg-1229-18702000-375","111","Gaxeta de poliuretano tipo B, 50,8 × 60,32 × 9,52 mm, para vedação de haste em cilindros hidráulicos. Lábios simétricos a 45°. Fabricação PK Vedações, código PKG.1229.","Gaxeta de poliuretano (PU) tipo B com diâmetro interno de 50,8 mm, diâmetro externo de 60,32 mm e altura de 9,52 mm. Código PK Vedações PKG.1229. A referência de catálogo equivalente aparece em “Substitui / equivale a”.

O perfil tipo B tem lábios simétricos a 45° com chanfro, o que alinha a superfície de vedação com o centro do alojamento e aumenta a pré-carga do lábio. É o perfil indicado para a vedação de haste em cilindros hidráulicos, com comportamento estável em baixa e em alta pressão. O poliuretano oferece alta resistência à abrasão e à extrusão, o que prolonga a vida útil em relação às gaxetas tipo V e U de borracha nitrílica.

Como conferir a medida: diâmetro interno é o diâmetro da haste, diâmetro externo é o fundo do canal e altura é a largura do canal. Meça com paquímetro antes de pedir; a gaxeta precisa das três medidas iguais às do alojamento."
"pkg-2941-6-18702000-266","111","Gaxeta de poliuretano tipo B, 50,8 × 60,3 × 6,75 mm, para vedação de haste em cilindros hidráulicos. Lábios simétricos a 45°. Fabricação PK Vedações, código PKG.2941.","Gaxeta de poliuretano (PU) tipo B com diâmetro interno de 50,8 mm, diâmetro externo de 60,3 mm e altura de 6,75 mm. Código PK Vedações PKG.2941. A referência de catálogo equivalente aparece em “Substitui / equivale a”.

O perfil tipo B tem lábios simétricos a 45° com chanfro, o que alinha a superfície de vedação com o centro do alojamento e aumenta a pré-carga do lábio. É o perfil indicado para a vedação de haste em cilindros hidráulicos, com comportamento estável em baixa e em alta pressão. O poliuretano oferece alta resistência à abrasão e à extrusão, o que prolonga a vida útil em relação às gaxetas tipo V e U de borracha nitrílica.

Como conferir a medida: diâmetro interno é o diâmetro da haste, diâmetro externo é o fundo do canal e altura é a largura do canal. Meça com paquímetro antes de pedir; a gaxeta precisa das três medidas iguais às do alojamento."
"pkg-0531-25002000-375","111","Gaxeta de poliuretano tipo B, 50,8 × 63,5 × 9,52 mm, para vedação de haste em cilindros hidráulicos. Lábios simétricos a 45°. Fabricação PK Vedações, código PKG.0531.","Gaxeta de poliuretano (PU) tipo B com diâmetro interno de 50,8 mm, diâmetro externo de 63,5 mm e altura de 9,52 mm. Código PK Vedações PKG.0531. A referência de catálogo equivalente aparece em “Substitui / equivale a”.

O perfil tipo B tem lábios simétricos a 45° com chanfro, o que alinha a superfície de vedação com o centro do alojamento e aumenta a pré-carga do lábio. É o perfil indicado para a vedação de haste em cilindros hidráulicos, com comportamento estável em baixa e em alta pressão. O poliuretano oferece alta resistência à abrasão e à extrusão, o que prolonga a vida útil em relação às gaxetas tipo V e U de borracha nitrílica.

Como conferir a medida: diâmetro interno é o diâmetro da haste, diâmetro externo é o fundo do canal e altura é a largura do canal. Meça com paquímetro antes de pedir; a gaxeta precisa das três medidas iguais às do alojamento."
"pkg-0835-31202000-500","111","Gaxeta de poliuretano tipo B, 50,8 × 66,67 × 12,7 mm, para vedação de haste em cilindros hidráulicos. Lábios simétricos a 45°. Fabricação PK Vedações, código PKG.0835.","Gaxeta de poliuretano (PU) tipo B com diâmetro interno de 50,8 mm, diâmetro externo de 66,67 mm e altura de 12,7 mm. Código PK Vedações PKG.0835. A referência de catálogo equivalente aparece em “Substitui / equivale a”.

O perfil tipo B tem lábios simétricos a 45° com chanfro, o que alinha a superfície de vedação com o centro do alojamento e aumenta a pré-carga do lábio. É o perfil indicado para a vedação de haste em cilindros hidráulicos, com comportamento estável em baixa e em alta pressão. O poliuretano oferece alta resistência à abrasão e à extrusão, o que prolonga a vida útil em relação às gaxetas tipo V e U de borracha nitrílica.

Como conferir a medida: diâmetro interno é o diâmetro da haste, diâmetro externo é o fundo do canal e altura é a largura do canal. Meça com paquímetro antes de pedir; a gaxeta precisa das três medidas iguais às do alojamento."
"pkg-1331-37502000-625","111","Gaxeta de poliuretano tipo B, 50,8 × 69,84 × 15,87 mm, para vedação de haste em cilindros hidráulicos. Lábios simétricos a 45°. Fabricação PK Vedações, código PKG.1331.","Gaxeta de poliuretano (PU) tipo B com diâmetro interno de 50,8 mm, diâmetro externo de 69,84 mm e altura de 15,87 mm. Código PK Vedações PKG.1331. A referência de catálogo equivalente aparece em “Substitui / equivale a”.

O perfil tipo B tem lábios simétricos a 45° com chanfro, o que alinha a superfície de vedação com o centro do alojamento e aumenta a pré-carga do lábio. É o perfil indicado para a vedação de haste em cilindros hidráulicos, com comportamento estável em baixa e em alta pressão. O poliuretano oferece alta resistência à abrasão e à extrusão, o que prolonga a vida útil em relação às gaxetas tipo V e U de borracha nitrílica.

Como conferir a medida: diâmetro interno é o diâmetro da haste, diâmetro externo é o fundo do canal e altura é a largura do canal. Meça com paquímetro antes de pedir; a gaxeta precisa das três medidas iguais às do alojamento."
"pkg-3100-6-19702047-472","111","Gaxeta de poliuretano tipo B, 52 × 62 × 12 mm, para vedação de haste em cilindros hidráulicos. Lábios simétricos a 45°. Fabricação PK Vedações, código PKG.3100.","Gaxeta de poliuretano (PU) tipo B com diâmetro interno de 52 mm, diâmetro externo de 62 mm e altura de 12 mm. Código PK Vedações PKG.3100. A referência de catálogo equivalente aparece em “Substitui / equivale a”.

O perfil tipo B tem lábios simétricos a 45° com chanfro, o que alinha a superfície de vedação com o centro do alojamento e aumenta a pré-carga do lábio. É o perfil indicado para a vedação de haste em cilindros hidráulicos, com comportamento estável em baixa e em alta pressão. O poliuretano oferece alta resistência à abrasão e à extrusão, o que prolonga a vida útil em relação às gaxetas tipo V e U de borracha nitrílica.

Como conferir a medida: diâmetro interno é o diâmetro da haste, diâmetro externo é o fundo do canal e altura é a largura do canal. Meça com paquímetro antes de pedir; a gaxeta precisa das três medidas iguais às do alojamento."
"pkg-2571-6-19702087-236","111","Gaxeta de poliuretano tipo B, 53 × 63 × 6 mm, para vedação de haste em cilindros hidráulicos. Lábios simétricos a 45°. Fabricação PK Vedações, código PKG.2571.","Gaxeta de poliuretano (PU) tipo B com diâmetro interno de 53 mm, diâmetro externo de 63 mm e altura de 6 mm. Código PK Vedações PKG.2571. A referência de catálogo equivalente aparece em “Substitui / equivale a”.

O perfil tipo B tem lábios simétricos a 45° com chanfro, o que alinha a superfície de vedação com o centro do alojamento e aumenta a pré-carga do lábio. É o perfil indicado para a vedação de haste em cilindros hidráulicos, com comportamento estável em baixa e em alta pressão. O poliuretano oferece alta resistência à abrasão e à extrusão, o que prolonga a vida útil em relação às gaxetas tipo V e U de borracha nitrílica.

Como conferir a medida: diâmetro interno é o diâmetro da haste, diâmetro externo é o fundo do canal e altura é a largura do canal. Meça com paquímetro antes de pedir; a gaxeta precisa das três medidas iguais às do alojamento."
"pkg-2335-6-18702125-275","111","Gaxeta de poliuretano tipo B, 53,96 × 63,5 × 6,75 mm, para vedação de haste em cilindros hidráulicos. Lábios simétricos a 45°. Fabricação PK Vedações, código PKG.2335.","Gaxeta de poliuretano (PU) tipo B com diâmetro interno de 53,96 mm, diâmetro externo de 63,5 mm e altura de 6,75 mm. Código PK Vedações PKG.2335. A referência de catálogo equivalente aparece em “Substitui / equivale a”.

O perfil tipo B tem lábios simétricos a 45° com chanfro, o que alinha a superfície de vedação com o centro do alojamento e aumenta a pré-carga do lábio. É o perfil indicado para a vedação de haste em cilindros hidráulicos, com comportamento estável em baixa e em alta pressão. O poliuretano oferece alta resistência à abrasão e à extrusão, o que prolonga a vida útil em relação às gaxetas tipo V e U de borracha nitrílica.

Como conferir a medida: diâmetro interno é o diâmetro da haste, diâmetro externo é o fundo do canal e altura é a largura do canal. Meça com paquímetro antes de pedir; a gaxeta precisa das três medidas iguais às do alojamento."
"pkg-1667-18702125-375","111","Gaxeta de poliuretano tipo B, 53,97 × 63,49 × 9,52 mm, para vedação de haste em cilindros hidráulicos. Lábios simétricos a 45°. Fabricação PK Vedações, código PKG.1667.","Gaxeta de poliuretano (PU) tipo B com diâmetro interno de 53,97 mm, diâmetro externo de 63,49 mm e altura de 9,52 mm. Código PK Vedações PKG.1667. A referência de catálogo equivalente aparece em “Substitui / equivale a”.

O perfil tipo B tem lábios simétricos a 45° com chanfro, o que alinha a superfície de vedação com o centro do alojamento e aumenta a pré-carga do lábio. É o perfil indicado para a vedação de haste em cilindros hidráulicos, com comportamento estável em baixa e em alta pressão. O poliuretano oferece alta resistência à abrasão e à extrusão, o que prolonga a vida útil em relação às gaxetas tipo V e U de borracha nitrílica.

Como conferir a medida: diâmetro interno é o diâmetro da haste, diâmetro externo é o fundo do canal e altura é a largura do canal. Meça com paquímetro antes de pedir; a gaxeta precisa das três medidas iguais às do alojamento."
"pkg-0586-25002125-375","111","Gaxeta de poliuretano tipo B, 53,97 × 66,67 × 9,52 mm, para vedação de haste em cilindros hidráulicos. Lábios simétricos a 45°. Fabricação PK Vedações, código PKG.0586.","Gaxeta de poliuretano (PU) tipo B com diâmetro interno de 53,97 mm, diâmetro externo de 66,67 mm e altura de 9,52 mm. Código PK Vedações PKG.0586. A referência de catálogo equivalente aparece em “Substitui / equivale a”.

O perfil tipo B tem lábios simétricos a 45° com chanfro, o que alinha a superfície de vedação com o centro do alojamento e aumenta a pré-carga do lábio. É o perfil indicado para a vedação de haste em cilindros hidráulicos, com comportamento estável em baixa e em alta pressão. O poliuretano oferece alta resistência à abrasão e à extrusão, o que prolonga a vida útil em relação às gaxetas tipo V e U de borracha nitrílica.

Como conferir a medida: diâmetro interno é o diâmetro da haste, diâmetro externo é o fundo do canal e altura é a largura do canal. Meça com paquímetro antes de pedir; a gaxeta precisa das três medidas iguais às do alojamento."
"pkg-1668-31202125-500","111","Gaxeta de poliuretano tipo B, 53,97 × 69,85 × 12,7 mm, para vedação de haste em cilindros hidráulicos. Lábios simétricos a 45°. Fabricação PK Vedações, código PKG.1668.","Gaxeta de poliuretano (PU) tipo B com diâmetro interno de 53,97 mm, diâmetro externo de 69,85 mm e altura de 12,7 mm. Código PK Vedações PKG.1668. A referência de catálogo equivalente aparece em “Substitui / equivale a”.

O perfil tipo B tem lábios simétricos a 45° com chanfro, o que alinha a superfície de vedação com o centro do alojamento e aumenta a pré-carga do lábio. É o perfil indicado para a vedação de haste em cilindros hidráulicos, com comportamento estável em baixa e em alta pressão. O poliuretano oferece alta resistência à abrasão e à extrusão, o que prolonga a vida útil em relação às gaxetas tipo V e U de borracha nitrílica.

Como conferir a medida: diâmetro interno é o diâmetro da haste, diâmetro externo é o fundo do canal e altura é a largura do canal. Meça com paquímetro antes de pedir; a gaxeta precisa das três medidas iguais às do alojamento."
"pkg-1546-6-26902125-375","111","Gaxeta de poliuretano tipo B, 53,98 × 67,64 × 9,52 mm, para vedação de haste em cilindros hidráulicos. Lábios simétricos a 45°. Fabricação PK Vedações, código PKG.1546.","Gaxeta de poliuretano (PU) tipo B com diâmetro interno de 53,98 mm, diâmetro externo de 67,64 mm e altura de 9,52 mm. Código PK Vedações PKG.1546. A referência de catálogo equivalente aparece em “Substitui / equivale a”.

O perfil tipo B tem lábios simétricos a 45° com chanfro, o que alinha a superfície de vedação com o centro do alojamento e aumenta a pré-carga do lábio. É o perfil indicado para a vedação de haste em cilindros hidráulicos, com comportamento estável em baixa e em alta pressão. O poliuretano oferece alta resistência à abrasão e à extrusão, o que prolonga a vida útil em relação às gaxetas tipo V e U de borracha nitrílica.

Como conferir a medida: diâmetro interno é o diâmetro da haste, diâmetro externo é o fundo do canal e altura é a largura do canal. Meça com paquímetro antes de pedir; a gaxeta precisa das três medidas iguais às do alojamento."
"pkg-0068-6-18702165-266","111","Gaxeta de poliuretano tipo B, 55 × 64,5 × 6,75 mm, para vedação de haste em cilindros hidráulicos. Lábios simétricos a 45°. Fabricação PK Vedações, código PKG.0068.","Gaxeta de poliuretano (PU) tipo B com diâmetro interno de 55 mm, diâmetro externo de 64,5 mm e altura de 6,75 mm. Código PK Vedações PKG.0068. A referência de catálogo equivalente aparece em “Substitui / equivale a”.

O perfil tipo B tem lábios simétricos a 45° com chanfro, o que alinha a superfície de vedação com o centro do alojamento e aumenta a pré-carga do lábio. É o perfil indicado para a vedação de haste em cilindros hidráulicos, com comportamento estável em baixa e em alta pressão. O poliuretano oferece alta resistência à abrasão e à extrusão, o que prolonga a vida útil em relação às gaxetas tipo V e U de borracha nitrílica.

Como conferir a medida: diâmetro interno é o diâmetro da haste, diâmetro externo é o fundo do canal e altura é a largura do canal. Meça com paquímetro antes de pedir; a gaxeta precisa das três medidas iguais às do alojamento."
"pkg-0945-6-19702165-375","111","Gaxeta de poliuretano tipo B, 55 × 65 × 9,52 mm, para vedação de haste em cilindros hidráulicos. Lábios simétricos a 45°. Fabricação PK Vedações, código PKG.0945.","Gaxeta de poliuretano (PU) tipo B com diâmetro interno de 55 mm, diâmetro externo de 65 mm e altura de 9,52 mm. Código PK Vedações PKG.0945. A referência de catálogo equivalente aparece em “Substitui / equivale a”.

O perfil tipo B tem lábios simétricos a 45° com chanfro, o que alinha a superfície de vedação com o centro do alojamento e aumenta a pré-carga do lábio. É o perfil indicado para a vedação de haste em cilindros hidráulicos, com comportamento estável em baixa e em alta pressão. O poliuretano oferece alta resistência à abrasão e à extrusão, o que prolonga a vida útil em relação às gaxetas tipo V e U de borracha nitrílica.

Como conferir a medida: diâmetro interno é o diâmetro da haste, diâmetro externo é o fundo do canal e altura é a largura do canal. Meça com paquímetro antes de pedir; a gaxeta precisa das três medidas iguais às do alojamento."
"pkg-0906-6-29502165-500","111","Gaxeta de poliuretano tipo B, 55 × 70 × 12,7 mm, para vedação de haste em cilindros hidráulicos. Lábios simétricos a 45°. Fabricação PK Vedações, código PKG.0906.","Gaxeta de poliuretano (PU) tipo B com diâmetro interno de 55 mm, diâmetro externo de 70 mm e altura de 12,7 mm. Código PK Vedações PKG.0906. A referência de catálogo equivalente aparece em “Substitui / equivale a”.

O perfil tipo B tem lábios simétricos a 45° com chanfro, o que alinha a superfície de vedação com o centro do alojamento e aumenta a pré-carga do lábio. É o perfil indicado para a vedação de haste em cilindros hidráulicos, com comportamento estável em baixa e em alta pressão. O poliuretano oferece alta resistência à abrasão e à extrusão, o que prolonga a vida útil em relação às gaxetas tipo V e U de borracha nitrílica.

Como conferir a medida: diâmetro interno é o diâmetro da haste, diâmetro externo é o fundo do canal e altura é a largura do canal. Meça com paquímetro antes de pedir; a gaxeta precisa das três medidas iguais às do alojamento."
"pkg-1228-6-39402165-500","111","Gaxeta de poliuretano tipo B, 55 × 75 × 12,7 mm, para vedação de haste em cilindros hidráulicos. Lábios simétricos a 45°. Fabricação PK Vedações, código PKG.1228.","Gaxeta de poliuretano (PU) tipo B com diâmetro interno de 55 mm, diâmetro externo de 75 mm e altura de 12,7 mm. Código PK Vedações PKG.1228. A referência de catálogo equivalente aparece em “Substitui / equivale a”.

O perfil tipo B tem lábios simétricos a 45° com chanfro, o que alinha a superfície de vedação com o centro do alojamento e aumenta a pré-carga do lábio. É o perfil indicado para a vedação de haste em cilindros hidráulicos, com comportamento estável em baixa e em alta pressão. O poliuretano oferece alta resistência à abrasão e à extrusão, o que prolonga a vida útil em relação às gaxetas tipo V e U de borracha nitrílica.

Como conferir a medida: diâmetro interno é o diâmetro da haste, diâmetro externo é o fundo do canal e altura é a largura do canal. Meça com paquímetro antes de pedir; a gaxeta precisa das três medidas iguais às do alojamento."
"pkg-0283-6-19702205-236","111","Gaxeta de poliuretano tipo B, 56 × 66 × 6 mm, para vedação de haste em cilindros hidráulicos. Lábios simétricos a 45°. Fabricação PK Vedações, código PKG.0283.","Gaxeta de poliuretano (PU) tipo B com diâmetro interno de 56 mm, diâmetro externo de 66 mm e altura de 6 mm. Código PK Vedações PKG.0283. A referência de catálogo equivalente aparece em “Substitui / equivale a”.

O perfil tipo B tem lábios simétricos a 45° com chanfro, o que alinha a superfície de vedação com o centro do alojamento e aumenta a pré-carga do lábio. É o perfil indicado para a vedação de haste em cilindros hidráulicos, com comportamento estável em baixa e em alta pressão. O poliuretano oferece alta resistência à abrasão e à extrusão, o que prolonga a vida útil em relação às gaxetas tipo V e U de borracha nitrílica.

Como conferir a medida: diâmetro interno é o diâmetro da haste, diâmetro externo é o fundo do canal e altura é a largura do canal. Meça com paquímetro antes de pedir; a gaxeta precisa das três medidas iguais às do alojamento."
"pkg-3033-6-01200225-236","111","Gaxeta de poliuretano tipo B, 5,7 × 11,8 × 6 mm, para vedação de haste em cilindros hidráulicos. Lábios simétricos a 45°. Fabricação PK Vedações, código PKG.3033.","Gaxeta de poliuretano (PU) tipo B com diâmetro interno de 5,7 mm, diâmetro externo de 11,8 mm e altura de 6 mm. Código PK Vedações PKG.3033. A referência de catálogo equivalente aparece em “Substitui / equivale a”.

O perfil tipo B tem lábios simétricos a 45° com chanfro, o que alinha a superfície de vedação com o centro do alojamento e aumenta a pré-carga do lábio. É o perfil indicado para a vedação de haste em cilindros hidráulicos, com comportamento estável em baixa e em alta pressão. O poliuretano oferece alta resistência à abrasão e à extrusão, o que prolonga a vida útil em relação às gaxetas tipo V e U de borracha nitrílica.

Como conferir a medida: diâmetro interno é o diâmetro da haste, diâmetro externo é o fundo do canal e altura é a largura do canal. Meça com paquímetro antes de pedir; a gaxeta precisa das três medidas iguais às do alojamento."
"pkg-0141-18702250-312","111","Gaxeta de poliuretano tipo B, 57,15 × 66,67 × 7,93 mm, para vedação de haste em cilindros hidráulicos. Lábios simétricos a 45°. Fabricação PK Vedações, código PKG.0141.","Gaxeta de poliuretano (PU) tipo B com diâmetro interno de 57,15 mm, diâmetro externo de 66,67 mm e altura de 7,93 mm. Código PK Vedações PKG.0141. A referência de catálogo equivalente aparece em “Substitui / equivale a”.

O perfil tipo B tem lábios simétricos a 45° com chanfro, o que alinha a superfície de vedação com o centro do alojamento e aumenta a pré-carga do lábio. É o perfil indicado para a vedação de haste em cilindros hidráulicos, com comportamento estável em baixa e em alta pressão. O poliuretano oferece alta resistência à abrasão e à extrusão, o que prolonga a vida útil em relação às gaxetas tipo V e U de borracha nitrílica.

Como conferir a medida: diâmetro interno é o diâmetro da haste, diâmetro externo é o fundo do canal e altura é a largura do canal. Meça com paquímetro antes de pedir; a gaxeta precisa das três medidas iguais às do alojamento."
"pkg-1670-18702250-375","111","Gaxeta de poliuretano tipo B, 57,15 × 66,67 × 9,52 mm, para vedação de haste em cilindros hidráulicos. Lábios simétricos a 45°. Fabricação PK Vedações, código PKG.1670.","Gaxeta de poliuretano (PU) tipo B com diâmetro interno de 57,15 mm, diâmetro externo de 66,67 mm e altura de 9,52 mm. Código PK Vedações PKG.1670. A referência de catálogo equivalente aparece em “Substitui / equivale a”.

O perfil tipo B tem lábios simétricos a 45° com chanfro, o que alinha a superfície de vedação com o centro do alojamento e aumenta a pré-carga do lábio. É o perfil indicado para a vedação de haste em cilindros hidráulicos, com comportamento estável em baixa e em alta pressão. O poliuretano oferece alta resistência à abrasão e à extrusão, o que prolonga a vida útil em relação às gaxetas tipo V e U de borracha nitrílica.

Como conferir a medida: diâmetro interno é o diâmetro da haste, diâmetro externo é o fundo do canal e altura é a largura do canal. Meça com paquímetro antes de pedir; a gaxeta precisa das três medidas iguais às do alojamento."
"pkg-0576-25002250-375","111","Gaxeta de poliuretano tipo B, 57,15 × 69,85 × 9,52 mm, para vedação de haste em cilindros hidráulicos. Lábios simétricos a 45°. Fabricação PK Vedações, código PKG.0576.","Gaxeta de poliuretano (PU) tipo B com diâmetro interno de 57,15 mm, diâmetro externo de 69,85 mm e altura de 9,52 mm. Código PK Vedações PKG.0576. A referência de catálogo equivalente aparece em “Substitui / equivale a”.

O perfil tipo B tem lábios simétricos a 45° com chanfro, o que alinha a superfície de vedação com o centro do alojamento e aumenta a pré-carga do lábio. É o perfil indicado para a vedação de haste em cilindros hidráulicos, com comportamento estável em baixa e em alta pressão. O poliuretano oferece alta resistência à abrasão e à extrusão, o que prolonga a vida útil em relação às gaxetas tipo V e U de borracha nitrílica.

Como conferir a medida: diâmetro interno é o diâmetro da haste, diâmetro externo é o fundo do canal e altura é a largura do canal. Meça com paquímetro antes de pedir; a gaxeta precisa das três medidas iguais às do alojamento."
"pkg-1671-31202250-500","111","Gaxeta de poliuretano tipo B, 57,15 × 73,02 × 12,7 mm, para vedação de haste em cilindros hidráulicos. Lábios simétricos a 45°. Fabricação PK Vedações, código PKG.1671.","Gaxeta de poliuretano (PU) tipo B com diâmetro interno de 57,15 mm, diâmetro externo de 73,02 mm e altura de 12,7 mm. Código PK Vedações PKG.1671. A referência de catálogo equivalente aparece em “Substitui / equivale a”.

O perfil tipo B tem lábios simétricos a 45° com chanfro, o que alinha a superfície de vedação com o centro do alojamento e aumenta a pré-carga do lábio. É o perfil indicado para a vedação de haste em cilindros hidráulicos, com comportamento estável em baixa e em alta pressão. O poliuretano oferece alta resistência à abrasão e à extrusão, o que prolonga a vida útil em relação às gaxetas tipo V e U de borracha nitrílica.

Como conferir a medida: diâmetro interno é o diâmetro da haste, diâmetro externo é o fundo do canal e altura é a largura do canal. Meça com paquímetro antes de pedir; a gaxeta precisa das três medidas iguais às do alojamento."
"pkg-1672-37502250-625","111","Gaxeta de poliuretano tipo B, 57,15 × 76,19 × 15,87 mm, para vedação de haste em cilindros hidráulicos. Lábios simétricos a 45°. Fabricação PK Vedações, código PKG.1672.","Gaxeta de poliuretano (PU) tipo B com diâmetro interno de 57,15 mm, diâmetro externo de 76,19 mm e altura de 15,87 mm. Código PK Vedações PKG.1672. A referência de catálogo equivalente aparece em “Substitui / equivale a”.

O perfil tipo B tem lábios simétricos a 45° com chanfro, o que alinha a superfície de vedação com o centro do alojamento e aumenta a pré-carga do lábio. É o perfil indicado para a vedação de haste em cilindros hidráulicos, com comportamento estável em baixa e em alta pressão. O poliuretano oferece alta resistência à abrasão e à extrusão, o que prolonga a vida útil em relação às gaxetas tipo V e U de borracha nitrílica.

Como conferir a medida: diâmetro interno é o diâmetro da haste, diâmetro externo é o fundo do canal e altura é a largura do canal. Meça com paquímetro antes de pedir; a gaxeta precisa das três medidas iguais às do alojamento."
"pkg-0724-6-25602244-354","111","Gaxeta de poliuretano tipo B, 57 × 70 × 9 mm, para vedação de haste em cilindros hidráulicos. Lábios simétricos a 45°. Fabricação PK Vedações, código PKG.0724.","Gaxeta de poliuretano (PU) tipo B com diâmetro interno de 57 mm, diâmetro externo de 70 mm e altura de 9 mm. Código PK Vedações PKG.0724. A referência de catálogo equivalente aparece em “Substitui / equivale a”.

O perfil tipo B tem lábios simétricos a 45° com chanfro, o que alinha a superfície de vedação com o centro do alojamento e aumenta a pré-carga do lábio. É o perfil indicado para a vedação de haste em cilindros hidráulicos, com comportamento estável em baixa e em alta pressão. O poliuretano oferece alta resistência à abrasão e à extrusão, o que prolonga a vida útil em relação às gaxetas tipo V e U de borracha nitrílica.

Como conferir a medida: diâmetro interno é o diâmetro da haste, diâmetro externo é o fundo do canal e altura é a largura do canal. Meça com paquímetro antes de pedir; a gaxeta precisa das três medidas iguais às do alojamento."
"pkg-0209-6-41402322-550","111","Gaxeta de poliuretano tipo B, 59 × 80 × 14 mm, para vedação de haste em cilindros hidráulicos. Lábios simétricos a 45°. Fabricação PK Vedações, código PKG.0209.","Gaxeta de poliuretano (PU) tipo B com diâmetro interno de 59 mm, diâmetro externo de 80 mm e altura de 14 mm. Código PK Vedações PKG.0209. A referência de catálogo equivalente aparece em “Substitui / equivale a”.

O perfil tipo B tem lábios simétricos a 45° com chanfro, o que alinha a superfície de vedação com o centro do alojamento e aumenta a pré-carga do lábio. É o perfil indicado para a vedação de haste em cilindros hidráulicos, com comportamento estável em baixa e em alta pressão. O poliuretano oferece alta resistência à abrasão e à extrusão, o que prolonga a vida útil em relação às gaxetas tipo V e U de borracha nitrílica.

Como conferir a medida: diâmetro interno é o diâmetro da haste, diâmetro externo é o fundo do canal e altura é a largura do canal. Meça com paquímetro antes de pedir; a gaxeta precisa das três medidas iguais às do alojamento."
"pkg-0779-18702375-512","111","Gaxeta de poliuretano tipo B, 60,32 × 69,84 × 13 mm, para vedação de haste em cilindros hidráulicos. Lábios simétricos a 45°. Fabricação PK Vedações, código PKG.0779.","Gaxeta de poliuretano (PU) tipo B com diâmetro interno de 60,32 mm, diâmetro externo de 69,84 mm e altura de 13 mm. Código PK Vedações PKG.0779. A referência de catálogo equivalente aparece em “Substitui / equivale a”.

O perfil tipo B tem lábios simétricos a 45° com chanfro, o que alinha a superfície de vedação com o centro do alojamento e aumenta a pré-carga do lábio. É o perfil indicado para a vedação de haste em cilindros hidráulicos, com comportamento estável em baixa e em alta pressão. O poliuretano oferece alta resistência à abrasão e à extrusão, o que prolonga a vida útil em relação às gaxetas tipo V e U de borracha nitrílica.

Como conferir a medida: diâmetro interno é o diâmetro da haste, diâmetro externo é o fundo do canal e altura é a largura do canal. Meça com paquímetro antes de pedir; a gaxeta precisa das três medidas iguais às do alojamento."
"pkg-0628-18702375-375","111","Gaxeta de poliuretano tipo B, 60,32 × 69,85 × 9,52 mm, para vedação de haste em cilindros hidráulicos. Lábios simétricos a 45°. Fabricação PK Vedações, código PKG.0628.","Gaxeta de poliuretano (PU) tipo B com diâmetro interno de 60,32 mm, diâmetro externo de 69,85 mm e altura de 9,52 mm. Código PK Vedações PKG.0628. A referência de catálogo equivalente aparece em “Substitui / equivale a”.

O perfil tipo B tem lábios simétricos a 45° com chanfro, o que alinha a superfície de vedação com o centro do alojamento e aumenta a pré-carga do lábio. É o perfil indicado para a vedação de haste em cilindros hidráulicos, com comportamento estável em baixa e em alta pressão. O poliuretano oferece alta resistência à abrasão e à extrusão, o que prolonga a vida útil em relação às gaxetas tipo V e U de borracha nitrílica.

Como conferir a medida: diâmetro interno é o diâmetro da haste, diâmetro externo é o fundo do canal e altura é a largura do canal. Meça com paquímetro antes de pedir; a gaxeta precisa das três medidas iguais às do alojamento."
"pkg-3094-25002375-250","111","Gaxeta de poliuretano tipo B, 60,32 × 73,02 × 6,35 mm, para vedação de haste em cilindros hidráulicos. Lábios simétricos a 45°. Fabricação PK Vedações, código PKG.3094.","Gaxeta de poliuretano (PU) tipo B com diâmetro interno de 60,32 mm, diâmetro externo de 73,02 mm e altura de 6,35 mm. Código PK Vedações PKG.3094. A referência de catálogo equivalente aparece em “Substitui / equivale a”.

O perfil tipo B tem lábios simétricos a 45° com chanfro, o que alinha a superfície de vedação com o centro do alojamento e aumenta a pré-carga do lábio. É o perfil indicado para a vedação de haste em cilindros hidráulicos, com comportamento estável em baixa e em alta pressão. O poliuretano oferece alta resistência à abrasão e à extrusão, o que prolonga a vida útil em relação às gaxetas tipo V e U de borracha nitrílica.

Como conferir a medida: diâmetro interno é o diâmetro da haste, diâmetro externo é o fundo do canal e altura é a largura do canal. Meça com paquímetro antes de pedir; a gaxeta precisa das três medidas iguais às do alojamento."
"pkg-0580-25002375-375","111","Gaxeta de poliuretano tipo B, 60,32 × 73,02 × 9,52 mm, para vedação de haste em cilindros hidráulicos. Lábios simétricos a 45°. Fabricação PK Vedações, código PKG.0580.","Gaxeta de poliuretano (PU) tipo B com diâmetro interno de 60,32 mm, diâmetro externo de 73,02 mm e altura de 9,52 mm. Código PK Vedações PKG.0580. A referência de catálogo equivalente aparece em “Substitui / equivale a”.

O perfil tipo B tem lábios simétricos a 45° com chanfro, o que alinha a superfície de vedação com o centro do alojamento e aumenta a pré-carga do lábio. É o perfil indicado para a vedação de haste em cilindros hidráulicos, com comportamento estável em baixa e em alta pressão. O poliuretano oferece alta resistência à abrasão e à extrusão, o que prolonga a vida útil em relação às gaxetas tipo V e U de borracha nitrílica.

Como conferir a medida: diâmetro interno é o diâmetro da haste, diâmetro externo é o fundo do canal e altura é a largura do canal. Meça com paquímetro antes de pedir; a gaxeta precisa das três medidas iguais às do alojamento."
"pkg-1675-31202375-500","111","Gaxeta de poliuretano tipo B, 60,32 × 76,2 × 12,7 mm, para vedação de haste em cilindros hidráulicos. Lábios simétricos a 45°. Fabricação PK Vedações, código PKG.1675.","Gaxeta de poliuretano (PU) tipo B com diâmetro interno de 60,32 mm, diâmetro externo de 76,2 mm e altura de 12,7 mm. Código PK Vedações PKG.1675. A referência de catálogo equivalente aparece em “Substitui / equivale a”.

O perfil tipo B tem lábios simétricos a 45° com chanfro, o que alinha a superfície de vedação com o centro do alojamento e aumenta a pré-carga do lábio. É o perfil indicado para a vedação de haste em cilindros hidráulicos, com comportamento estável em baixa e em alta pressão. O poliuretano oferece alta resistência à abrasão e à extrusão, o que prolonga a vida útil em relação às gaxetas tipo V e U de borracha nitrílica.

Como conferir a medida: diâmetro interno é o diâmetro da haste, diâmetro externo é o fundo do canal e altura é a largura do canal. Meça com paquímetro antes de pedir; a gaxeta precisa das três medidas iguais às do alojamento."
"pkg-1158-37502375-625","111","Gaxeta de poliuretano tipo B, 60,32 × 79,37 × 15,87 mm, para vedação de haste em cilindros hidráulicos. Lábios simétricos a 45°. Fabricação PK Vedações, código PKG.1158.","Gaxeta de poliuretano (PU) tipo B com diâmetro interno de 60,32 mm, diâmetro externo de 79,37 mm e altura de 15,87 mm. Código PK Vedações PKG.1158. A referência de catálogo equivalente aparece em “Substitui / equivale a”.

O perfil tipo B tem lábios simétricos a 45° com chanfro, o que alinha a superfície de vedação com o centro do alojamento e aumenta a pré-carga do lábio. É o perfil indicado para a vedação de haste em cilindros hidráulicos, com comportamento estável em baixa e em alta pressão. O poliuretano oferece alta resistência à abrasão e à extrusão, o que prolonga a vida útil em relação às gaxetas tipo V e U de borracha nitrílica.

Como conferir a medida: diâmetro interno é o diâmetro da haste, diâmetro externo é o fundo do canal e altura é a largura do canal. Meça com paquímetro antes de pedir; a gaxeta precisa das três medidas iguais às do alojamento."
"pkg-0810-6-15702362-393","111","Gaxeta de poliuretano tipo B, 60 × 68 × 10 mm, para vedação de haste em cilindros hidráulicos. Lábios simétricos a 45°. Fabricação PK Vedações, código PKG.0810.","Gaxeta de poliuretano (PU) tipo B com diâmetro interno de 60 mm, diâmetro externo de 68 mm e altura de 10 mm. Código PK Vedações PKG.0810. A referência de catálogo equivalente aparece em “Substitui / equivale a”.

O perfil tipo B tem lábios simétricos a 45° com chanfro, o que alinha a superfície de vedação com o centro do alojamento e aumenta a pré-carga do lábio. É o perfil indicado para a vedação de haste em cilindros hidráulicos, com comportamento estável em baixa e em alta pressão. O poliuretano oferece alta resistência à abrasão e à extrusão, o que prolonga a vida útil em relação às gaxetas tipo V e U de borracha nitrílica.

Como conferir a medida: diâmetro interno é o diâmetro da haste, diâmetro externo é o fundo do canal e altura é a largura do canal. Meça com paquímetro antes de pedir; a gaxeta precisa das três medidas iguais às do alojamento."
"pkg-2729-6-19702362-276","111","Gaxeta de poliuretano tipo B, 60 × 70 × 7 mm, para vedação de haste em cilindros hidráulicos. Lábios simétricos a 45°. Fabricação PK Vedações, código PKG.2729.","Gaxeta de poliuretano (PU) tipo B com diâmetro interno de 60 mm, diâmetro externo de 70 mm e altura de 7 mm. Código PK Vedações PKG.2729. A referência de catálogo equivalente aparece em “Substitui / equivale a”.

O perfil tipo B tem lábios simétricos a 45° com chanfro, o que alinha a superfície de vedação com o centro do alojamento e aumenta a pré-carga do lábio. É o perfil indicado para a vedação de haste em cilindros hidráulicos, com comportamento estável em baixa e em alta pressão. O poliuretano oferece alta resistência à abrasão e à extrusão, o que prolonga a vida útil em relação às gaxetas tipo V e U de borracha nitrílica.

Como conferir a medida: diâmetro interno é o diâmetro da haste, diâmetro externo é o fundo do canal e altura é a largura do canal. Meça com paquímetro antes de pedir; a gaxeta precisa das três medidas iguais às do alojamento."
"pkg-1315-6-23602362-375","111","Gaxeta de poliuretano tipo B, 60 × 70 × 9,52 mm, para vedação de haste em cilindros hidráulicos. Lábios simétricos a 45°. Fabricação PK Vedações, código PKG.1315.","Gaxeta de poliuretano (PU) tipo B com diâmetro interno de 60 mm, diâmetro externo de 70 mm e altura de 9,52 mm. Código PK Vedações PKG.1315. A referência de catálogo equivalente aparece em “Substitui / equivale a”.

O perfil tipo B tem lábios simétricos a 45° com chanfro, o que alinha a superfície de vedação com o centro do alojamento e aumenta a pré-carga do lábio. É o perfil indicado para a vedação de haste em cilindros hidráulicos, com comportamento estável em baixa e em alta pressão. O poliuretano oferece alta resistência à abrasão e à extrusão, o que prolonga a vida útil em relação às gaxetas tipo V e U de borracha nitrílica.

Como conferir a medida: diâmetro interno é o diâmetro da haste, diâmetro externo é o fundo do canal e altura é a largura do canal. Meça com paquímetro antes de pedir; a gaxeta precisa das três medidas iguais às do alojamento."
"pkg-0699-6-19702362-354","111","Gaxeta de poliuretano tipo B, 60 × 70 × 9 mm, para vedação de haste em cilindros hidráulicos. Lábios simétricos a 45°. Fabricação PK Vedações, código PKG.0699.","Gaxeta de poliuretano (PU) tipo B com diâmetro interno de 60 mm, diâmetro externo de 70 mm e altura de 9 mm. Código PK Vedações PKG.0699. A referência de catálogo equivalente aparece em “Substitui / equivale a”.

O perfil tipo B tem lábios simétricos a 45° com chanfro, o que alinha a superfície de vedação com o centro do alojamento e aumenta a pré-carga do lábio. É o perfil indicado para a vedação de haste em cilindros hidráulicos, com comportamento estável em baixa e em alta pressão. O poliuretano oferece alta resistência à abrasão e à extrusão, o que prolonga a vida útil em relação às gaxetas tipo V e U de borracha nitrílica.

Como conferir a medida: diâmetro interno é o diâmetro da haste, diâmetro externo é o fundo do canal e altura é a largura do canal. Meça com paquímetro antes de pedir; a gaxeta precisa das três medidas iguais às do alojamento."
"pkg-1189-6-39402362-470","111","Gaxeta de poliuretano tipo B, 60 × 80 × 12 mm, para vedação de haste em cilindros hidráulicos. Lábios simétricos a 45°. Fabricação PK Vedações, código PKG.1189.","Gaxeta de poliuretano (PU) tipo B com diâmetro interno de 60 mm, diâmetro externo de 80 mm e altura de 12 mm. Código PK Vedações PKG.1189. A referência de catálogo equivalente aparece em “Substitui / equivale a”.

O perfil tipo B tem lábios simétricos a 45° com chanfro, o que alinha a superfície de vedação com o centro do alojamento e aumenta a pré-carga do lábio. É o perfil indicado para a vedação de haste em cilindros hidráulicos, com comportamento estável em baixa e em alta pressão. O poliuretano oferece alta resistência à abrasão e à extrusão, o que prolonga a vida útil em relação às gaxetas tipo V e U de borracha nitrílica.

Como conferir a medida: diâmetro interno é o diâmetro da haste, diâmetro externo é o fundo do canal e altura é a largura do canal. Meça com paquímetro antes de pedir; a gaxeta precisa das três medidas iguais às do alojamento."
"pkg-1141-6-39402362-625","111","Gaxeta de poliuretano tipo B, 60 × 80 × 15,87 mm, para vedação de haste em cilindros hidráulicos. Lábios simétricos a 45°. Fabricação PK Vedações, código PKG.1141.","Gaxeta de poliuretano (PU) tipo B com diâmetro interno de 60 mm, diâmetro externo de 80 mm e altura de 15,87 mm. Código PK Vedações PKG.1141. A referência de catálogo equivalente aparece em “Substitui / equivale a”.

O perfil tipo B tem lábios simétricos a 45° com chanfro, o que alinha a superfície de vedação com o centro do alojamento e aumenta a pré-carga do lábio. É o perfil indicado para a vedação de haste em cilindros hidráulicos, com comportamento estável em baixa e em alta pressão. O poliuretano oferece alta resistência à abrasão e à extrusão, o que prolonga a vida útil em relação às gaxetas tipo V e U de borracha nitrílica.

Como conferir a medida: diâmetro interno é o diâmetro da haste, diâmetro externo é o fundo do canal e altura é a largura do canal. Meça com paquímetro antes de pedir; a gaxeta precisa das três medidas iguais às do alojamento."
"pkg-0053-6-16732440-375","111","Gaxeta de poliuretano tipo B, 62 × 70,5 × 9,52 mm, para vedação de haste em cilindros hidráulicos. Lábios simétricos a 45°. Fabricação PK Vedações, código PKG.0053.","Gaxeta de poliuretano (PU) tipo B com diâmetro interno de 62 mm, diâmetro externo de 70,5 mm e altura de 9,52 mm. Código PK Vedações PKG.0053. A referência de catálogo equivalente aparece em “Substitui / equivale a”.

O perfil tipo B tem lábios simétricos a 45° com chanfro, o que alinha a superfície de vedação com o centro do alojamento e aumenta a pré-carga do lábio. É o perfil indicado para a vedação de haste em cilindros hidráulicos, com comportamento estável em baixa e em alta pressão. O poliuretano oferece alta resistência à abrasão e à extrusão, o que prolonga a vida útil em relação às gaxetas tipo V e U de borracha nitrílica.

Como conferir a medida: diâmetro interno é o diâmetro da haste, diâmetro externo é o fundo do canal e altura é a largura do canal. Meça com paquímetro antes de pedir; a gaxeta precisa das três medidas iguais às do alojamento."
"pkg-1576-12500250-250","111","Gaxeta de poliuretano tipo B, 6,35 × 12,7 × 6,35 mm, para vedação de haste em cilindros hidráulicos. Lábios simétricos a 45°. Fabricação PK Vedações, código PKG.1576.","Gaxeta de poliuretano (PU) tipo B com diâmetro interno de 6,35 mm, diâmetro externo de 12,7 mm e altura de 6,35 mm. Código PK Vedações PKG.1576. A referência de catálogo equivalente aparece em “Substitui / equivale a”.

O perfil tipo B tem lábios simétricos a 45° com chanfro, o que alinha a superfície de vedação com o centro do alojamento e aumenta a pré-carga do lábio. É o perfil indicado para a vedação de haste em cilindros hidráulicos, com comportamento estável em baixa e em alta pressão. O poliuretano oferece alta resistência à abrasão e à extrusão, o que prolonga a vida útil em relação às gaxetas tipo V e U de borracha nitrílica.

Como conferir a medida: diâmetro interno é o diâmetro da haste, diâmetro externo é o fundo do canal e altura é a largura do canal. Meça com paquímetro antes de pedir; a gaxeta precisa das três medidas iguais às do alojamento."
"pkg-0890-18702500-375","111","Gaxeta de poliuretano tipo B, 63,5 × 73,02 × 9,52 mm, para vedação de haste em cilindros hidráulicos. Lábios simétricos a 45°. Fabricação PK Vedações, código PKG.0890.","Gaxeta de poliuretano (PU) tipo B com diâmetro interno de 63,5 mm, diâmetro externo de 73,02 mm e altura de 9,52 mm. Código PK Vedações PKG.0890. A referência de catálogo equivalente aparece em “Substitui / equivale a”.

O perfil tipo B tem lábios simétricos a 45° com chanfro, o que alinha a superfície de vedação com o centro do alojamento e aumenta a pré-carga do lábio. É o perfil indicado para a vedação de haste em cilindros hidráulicos, com comportamento estável em baixa e em alta pressão. O poliuretano oferece alta resistência à abrasão e à extrusão, o que prolonga a vida útil em relação às gaxetas tipo V e U de borracha nitrílica.

Como conferir a medida: diâmetro interno é o diâmetro da haste, diâmetro externo é o fundo do canal e altura é a largura do canal. Meça com paquímetro antes de pedir; a gaxeta precisa das três medidas iguais às do alojamento."
"pkg-0562-25002500-375","111","Gaxeta de poliuretano tipo B, 63,5 × 76,2 × 9,52 mm, para vedação de haste em cilindros hidráulicos. Lábios simétricos a 45°. Fabricação PK Vedações, código PKG.0562.","Gaxeta de poliuretano (PU) tipo B com diâmetro interno de 63,5 mm, diâmetro externo de 76,2 mm e altura de 9,52 mm. Código PK Vedações PKG.0562. A referência de catálogo equivalente aparece em “Substitui / equivale a”.

O perfil tipo B tem lábios simétricos a 45° com chanfro, o que alinha a superfície de vedação com o centro do alojamento e aumenta a pré-carga do lábio. É o perfil indicado para a vedação de haste em cilindros hidráulicos, com comportamento estável em baixa e em alta pressão. O poliuretano oferece alta resistência à abrasão e à extrusão, o que prolonga a vida útil em relação às gaxetas tipo V e U de borracha nitrílica.

Como conferir a medida: diâmetro interno é o diâmetro da haste, diâmetro externo é o fundo do canal e altura é a largura do canal. Meça com paquímetro antes de pedir; a gaxeta precisa das três medidas iguais às do alojamento."
"pkg-0753-31202500-500","111","Gaxeta de poliuretano tipo B, 63,5 × 79,37 × 12,7 mm, para vedação de haste em cilindros hidráulicos. Lábios simétricos a 45°. Fabricação PK Vedações, código PKG.0753.","Gaxeta de poliuretano (PU) tipo B com diâmetro interno de 63,5 mm, diâmetro externo de 79,37 mm e altura de 12,7 mm. Código PK Vedações PKG.0753. A referência de catálogo equivalente aparece em “Substitui / equivale a”.

O perfil tipo B tem lábios simétricos a 45° com chanfro, o que alinha a superfície de vedação com o centro do alojamento e aumenta a pré-carga do lábio. É o perfil indicado para a vedação de haste em cilindros hidráulicos, com comportamento estável em baixa e em alta pressão. O poliuretano oferece alta resistência à abrasão e à extrusão, o que prolonga a vida útil em relação às gaxetas tipo V e U de borracha nitrílica.

Como conferir a medida: diâmetro interno é o diâmetro da haste, diâmetro externo é o fundo do canal e altura é a largura do canal. Meça com paquímetro antes de pedir; a gaxeta precisa das três medidas iguais às do alojamento."
"pkg-1676-37502500-625","111","Gaxeta de poliuretano tipo B, 63,5 × 82,55 × 15,87 mm, para vedação de haste em cilindros hidráulicos. Lábios simétricos a 45°. Fabricação PK Vedações, código PKG.1676.","Gaxeta de poliuretano (PU) tipo B com diâmetro interno de 63,5 mm, diâmetro externo de 82,55 mm e altura de 15,87 mm. Código PK Vedações PKG.1676. A referência de catálogo equivalente aparece em “Substitui / equivale a”.

O perfil tipo B tem lábios simétricos a 45° com chanfro, o que alinha a superfície de vedação com o centro do alojamento e aumenta a pré-carga do lábio. É o perfil indicado para a vedação de haste em cilindros hidráulicos, com comportamento estável em baixa e em alta pressão. O poliuretano oferece alta resistência à abrasão e à extrusão, o que prolonga a vida útil em relação às gaxetas tipo V e U de borracha nitrílica.

Como conferir a medida: diâmetro interno é o diâmetro da haste, diâmetro externo é o fundo do canal e altura é a largura do canal. Meça com paquímetro antes de pedir; a gaxeta precisa das três medidas iguais às do alojamento."
"pkg-0144-6-23622480-318","111","Gaxeta de poliuretano tipo B, 63 × 75 × 8,1 mm, para vedação de haste em cilindros hidráulicos. Lábios simétricos a 45°. Fabricação PK Vedações, código PKG.0144.","Gaxeta de poliuretano (PU) tipo B com diâmetro interno de 63 mm, diâmetro externo de 75 mm e altura de 8,1 mm. Código PK Vedações PKG.0144. A referência de catálogo equivalente aparece em “Substitui / equivale a”.

O perfil tipo B tem lábios simétricos a 45° com chanfro, o que alinha a superfície de vedação com o centro do alojamento e aumenta a pré-carga do lábio. É o perfil indicado para a vedação de haste em cilindros hidráulicos, com comportamento estável em baixa e em alta pressão. O poliuretano oferece alta resistência à abrasão e à extrusão, o que prolonga a vida útil em relação às gaxetas tipo V e U de borracha nitrílica.

Como conferir a medida: diâmetro interno é o diâmetro da haste, diâmetro externo é o fundo do canal e altura é a largura do canal. Meça com paquímetro antes de pedir; a gaxeta precisa das três medidas iguais às do alojamento."
"pkg-0301-6-29502480-448","111","Gaxeta de poliuretano tipo B, 63 × 78 × 11,4 mm, para vedação de haste em cilindros hidráulicos. Lábios simétricos a 45°. Fabricação PK Vedações, código PKG.0301.","Gaxeta de poliuretano (PU) tipo B com diâmetro interno de 63 mm, diâmetro externo de 78 mm e altura de 11,4 mm. Código PK Vedações PKG.0301. A referência de catálogo equivalente aparece em “Substitui / equivale a”.

O perfil tipo B tem lábios simétricos a 45° com chanfro, o que alinha a superfície de vedação com o centro do alojamento e aumenta a pré-carga do lábio. É o perfil indicado para a vedação de haste em cilindros hidráulicos, com comportamento estável em baixa e em alta pressão. O poliuretano oferece alta resistência à abrasão e à extrusão, o que prolonga a vida útil em relação às gaxetas tipo V e U de borracha nitrílica.

Como conferir a medida: diâmetro interno é o diâmetro da haste, diâmetro externo é o fundo do canal e altura é a largura do canal. Meça com paquímetro antes de pedir; a gaxeta precisa das três medidas iguais às do alojamento."
"pkg-1102-6-19702559-314","111","Gaxeta de poliuretano tipo B, 65 × 75 × 8 mm, para vedação de haste em cilindros hidráulicos. Lábios simétricos a 45°. Fabricação PK Vedações, código PKG.1102.","Gaxeta de poliuretano (PU) tipo B com diâmetro interno de 65 mm, diâmetro externo de 75 mm e altura de 8 mm. Código PK Vedações PKG.1102. A referência de catálogo equivalente aparece em “Substitui / equivale a”.

O perfil tipo B tem lábios simétricos a 45° com chanfro, o que alinha a superfície de vedação com o centro do alojamento e aumenta a pré-carga do lábio. É o perfil indicado para a vedação de haste em cilindros hidráulicos, com comportamento estável em baixa e em alta pressão. O poliuretano oferece alta resistência à abrasão e à extrusão, o que prolonga a vida útil em relação às gaxetas tipo V e U de borracha nitrílica.

Como conferir a medida: diâmetro interno é o diâmetro da haste, diâmetro externo é o fundo do canal e altura é a largura do canal. Meça com paquímetro antes de pedir; a gaxeta precisa das três medidas iguais às do alojamento."
"pkg-1679-18702625-375","111","Gaxeta de poliuretano tipo B, 66,67 × 76,19 × 9,52 mm, para vedação de haste em cilindros hidráulicos. Lábios simétricos a 45°. Fabricação PK Vedações, código PKG.1679.","Gaxeta de poliuretano (PU) tipo B com diâmetro interno de 66,67 mm, diâmetro externo de 76,19 mm e altura de 9,52 mm. Código PK Vedações PKG.1679. A referência de catálogo equivalente aparece em “Substitui / equivale a”.

O perfil tipo B tem lábios simétricos a 45° com chanfro, o que alinha a superfície de vedação com o centro do alojamento e aumenta a pré-carga do lábio. É o perfil indicado para a vedação de haste em cilindros hidráulicos, com comportamento estável em baixa e em alta pressão. O poliuretano oferece alta resistência à abrasão e à extrusão, o que prolonga a vida útil em relação às gaxetas tipo V e U de borracha nitrílica.

Como conferir a medida: diâmetro interno é o diâmetro da haste, diâmetro externo é o fundo do canal e altura é a largura do canal. Meça com paquímetro antes de pedir; a gaxeta precisa das três medidas iguais às do alojamento."
"pkg-0979-25002625-375","111","Gaxeta de poliuretano tipo B, 66,67 × 79,37 × 9,52 mm, para vedação de haste em cilindros hidráulicos. Lábios simétricos a 45°. Fabricação PK Vedações, código PKG.0979.","Gaxeta de poliuretano (PU) tipo B com diâmetro interno de 66,67 mm, diâmetro externo de 79,37 mm e altura de 9,52 mm. Código PK Vedações PKG.0979. A referência de catálogo equivalente aparece em “Substitui / equivale a”.

O perfil tipo B tem lábios simétricos a 45° com chanfro, o que alinha a superfície de vedação com o centro do alojamento e aumenta a pré-carga do lábio. É o perfil indicado para a vedação de haste em cilindros hidráulicos, com comportamento estável em baixa e em alta pressão. O poliuretano oferece alta resistência à abrasão e à extrusão, o que prolonga a vida útil em relação às gaxetas tipo V e U de borracha nitrílica.

Como conferir a medida: diâmetro interno é o diâmetro da haste, diâmetro externo é o fundo do canal e altura é a largura do canal. Meça com paquímetro antes de pedir; a gaxeta precisa das três medidas iguais às do alojamento."
"pkg-1680-31202625-500","111","Gaxeta de poliuretano tipo B, 66,67 × 82,51 × 12,7 mm, para vedação de haste em cilindros hidráulicos. Lábios simétricos a 45°. Fabricação PK Vedações, código PKG.1680.","Gaxeta de poliuretano (PU) tipo B com diâmetro interno de 66,67 mm, diâmetro externo de 82,51 mm e altura de 12,7 mm. Código PK Vedações PKG.1680. A referência de catálogo equivalente aparece em “Substitui / equivale a”.

O perfil tipo B tem lábios simétricos a 45° com chanfro, o que alinha a superfície de vedação com o centro do alojamento e aumenta a pré-carga do lábio. É o perfil indicado para a vedação de haste em cilindros hidráulicos, com comportamento estável em baixa e em alta pressão. O poliuretano oferece alta resistência à abrasão e à extrusão, o que prolonga a vida útil em relação às gaxetas tipo V e U de borracha nitrílica.

Como conferir a medida: diâmetro interno é o diâmetro da haste, diâmetro externo é o fundo do canal e altura é a largura do canal. Meça com paquímetro antes de pedir; a gaxeta precisa das três medidas iguais às do alojamento."
"pkg-0975-37502625-625","111","Gaxeta de poliuretano tipo B, 66,67 × 85,71 × 15,87 mm, para vedação de haste em cilindros hidráulicos. Lábios simétricos a 45°. Fabricação PK Vedações, código PKG.0975.","Gaxeta de poliuretano (PU) tipo B com diâmetro interno de 66,67 mm, diâmetro externo de 85,71 mm e altura de 15,87 mm. Código PK Vedações PKG.0975. A referência de catálogo equivalente aparece em “Substitui / equivale a”.

O perfil tipo B tem lábios simétricos a 45° com chanfro, o que alinha a superfície de vedação com o centro do alojamento e aumenta a pré-carga do lábio. É o perfil indicado para a vedação de haste em cilindros hidráulicos, com comportamento estável em baixa e em alta pressão. O poliuretano oferece alta resistência à abrasão e à extrusão, o que prolonga a vida útil em relação às gaxetas tipo V e U de borracha nitrílica.

Como conferir a medida: diâmetro interno é o diâmetro da haste, diâmetro externo é o fundo do canal e altura é a largura do canal. Meça com paquímetro antes de pedir; a gaxeta precisa das três medidas iguais às do alojamento."
"pkg-0113-6-23602677-393","111","Gaxeta de poliuretano tipo B, 68 × 80 × 10 mm, para vedação de haste em cilindros hidráulicos. Lábios simétricos a 45°. Fabricação PK Vedações, código PKG.0113.","Gaxeta de poliuretano (PU) tipo B com diâmetro interno de 68 mm, diâmetro externo de 80 mm e altura de 10 mm. Código PK Vedações PKG.0113. A referência de catálogo equivalente aparece em “Substitui / equivale a”.

O perfil tipo B tem lábios simétricos a 45° com chanfro, o que alinha a superfície de vedação com o centro do alojamento e aumenta a pré-carga do lábio. É o perfil indicado para a vedação de haste em cilindros hidráulicos, com comportamento estável em baixa e em alta pressão. O poliuretano oferece alta resistência à abrasão e à extrusão, o que prolonga a vida útil em relação às gaxetas tipo V e U de borracha nitrílica.

Como conferir a medida: diâmetro interno é o diâmetro da haste, diâmetro externo é o fundo do canal e altura é a largura do canal. Meça com paquímetro antes de pedir; a gaxeta precisa das três medidas iguais às do alojamento."
"pkg-0727-6-27602716-413","111","Gaxeta de poliuretano tipo B, 69 × 83 × 10,5 mm, para vedação de haste em cilindros hidráulicos. Lábios simétricos a 45°. Fabricação PK Vedações, código PKG.0727.","Gaxeta de poliuretano (PU) tipo B com diâmetro interno de 69 mm, diâmetro externo de 83 mm e altura de 10,5 mm. Código PK Vedações PKG.0727. A referência de catálogo equivalente aparece em “Substitui / equivale a”.

O perfil tipo B tem lábios simétricos a 45° com chanfro, o que alinha a superfície de vedação com o centro do alojamento e aumenta a pré-carga do lábio. É o perfil indicado para a vedação de haste em cilindros hidráulicos, com comportamento estável em baixa e em alta pressão. O poliuretano oferece alta resistência à abrasão e à extrusão, o que prolonga a vida útil em relação às gaxetas tipo V e U de borracha nitrílica.

Como conferir a medida: diâmetro interno é o diâmetro da haste, diâmetro externo é o fundo do canal e altura é a largura do canal. Meça com paquímetro antes de pedir; a gaxeta precisa das três medidas iguais às do alojamento."
"pkg-0766-18702750-375","111","Gaxeta de poliuretano tipo B, 69,85 × 79,37 × 9,52 mm, para vedação de haste em cilindros hidráulicos. Lábios simétricos a 45°. Fabricação PK Vedações, código PKG.0766.","Gaxeta de poliuretano (PU) tipo B com diâmetro interno de 69,85 mm, diâmetro externo de 79,37 mm e altura de 9,52 mm. Código PK Vedações PKG.0766. A referência de catálogo equivalente aparece em “Substitui / equivale a”.

O perfil tipo B tem lábios simétricos a 45° com chanfro, o que alinha a superfície de vedação com o centro do alojamento e aumenta a pré-carga do lábio. É o perfil indicado para a vedação de haste em cilindros hidráulicos, com comportamento estável em baixa e em alta pressão. O poliuretano oferece alta resistência à abrasão e à extrusão, o que prolonga a vida útil em relação às gaxetas tipo V e U de borracha nitrílica.

Como conferir a medida: diâmetro interno é o diâmetro da haste, diâmetro externo é o fundo do canal e altura é a largura do canal. Meça com paquímetro antes de pedir; a gaxeta precisa das três medidas iguais às do alojamento."
"pkg-0523-25002750-375","111","Gaxeta de poliuretano tipo B, 69,85 × 82,55 × 9,52 mm, para vedação de haste em cilindros hidráulicos. Lábios simétricos a 45°. Fabricação PK Vedações, código PKG.0523.","Gaxeta de poliuretano (PU) tipo B com diâmetro interno de 69,85 mm, diâmetro externo de 82,55 mm e altura de 9,52 mm. Código PK Vedações PKG.0523. A referência de catálogo equivalente aparece em “Substitui / equivale a”.

O perfil tipo B tem lábios simétricos a 45° com chanfro, o que alinha a superfície de vedação com o centro do alojamento e aumenta a pré-carga do lábio. É o perfil indicado para a vedação de haste em cilindros hidráulicos, com comportamento estável em baixa e em alta pressão. O poliuretano oferece alta resistência à abrasão e à extrusão, o que prolonga a vida útil em relação às gaxetas tipo V e U de borracha nitrílica.

Como conferir a medida: diâmetro interno é o diâmetro da haste, diâmetro externo é o fundo do canal e altura é a largura do canal. Meça com paquímetro antes de pedir; a gaxeta precisa das três medidas iguais às do alojamento."
"pkg-1681-31202750-500","111","Gaxeta de poliuretano tipo B, 69,85 × 85,69 × 12,7 mm, para vedação de haste em cilindros hidráulicos. Lábios simétricos a 45°. Fabricação PK Vedações, código PKG.1681.","Gaxeta de poliuretano (PU) tipo B com diâmetro interno de 69,85 mm, diâmetro externo de 85,69 mm e altura de 12,7 mm. Código PK Vedações PKG.1681. A referência de catálogo equivalente aparece em “Substitui / equivale a”.

O perfil tipo B tem lábios simétricos a 45° com chanfro, o que alinha a superfície de vedação com o centro do alojamento e aumenta a pré-carga do lábio. É o perfil indicado para a vedação de haste em cilindros hidráulicos, com comportamento estável em baixa e em alta pressão. O poliuretano oferece alta resistência à abrasão e à extrusão, o que prolonga a vida útil em relação às gaxetas tipo V e U de borracha nitrílica.

Como conferir a medida: diâmetro interno é o diâmetro da haste, diâmetro externo é o fundo do canal e altura é a largura do canal. Meça com paquímetro antes de pedir; a gaxeta precisa das três medidas iguais às do alojamento."
"pkg-0953-37502750-625","111","Gaxeta de poliuretano tipo B, 69,85 × 88,9 × 15,87 mm, para vedação de haste em cilindros hidráulicos. Lábios simétricos a 45°. Fabricação PK Vedações, código PKG.0953.","Gaxeta de poliuretano (PU) tipo B com diâmetro interno de 69,85 mm, diâmetro externo de 88,9 mm e altura de 15,87 mm. Código PK Vedações PKG.0953. A referência de catálogo equivalente aparece em “Substitui / equivale a”.

O perfil tipo B tem lábios simétricos a 45° com chanfro, o que alinha a superfície de vedação com o centro do alojamento e aumenta a pré-carga do lábio. É o perfil indicado para a vedação de haste em cilindros hidráulicos, com comportamento estável em baixa e em alta pressão. O poliuretano oferece alta resistência à abrasão e à extrusão, o que prolonga a vida útil em relação às gaxetas tipo V e U de borracha nitrílica.

Como conferir a medida: diâmetro interno é o diâmetro da haste, diâmetro externo é o fundo do canal e altura é a largura do canal. Meça com paquímetro antes de pedir; a gaxeta precisa das três medidas iguais às do alojamento."
"pkg-0159-6-29132756-394","111","Gaxeta de poliuretano tipo B, 70 × 84,8 × 10 mm, para vedação de haste em cilindros hidráulicos. Lábios simétricos a 45°. Fabricação PK Vedações, código PKG.0159.","Gaxeta de poliuretano (PU) tipo B com diâmetro interno de 70 mm, diâmetro externo de 84,8 mm e altura de 10 mm. Código PK Vedações PKG.0159. A referência de catálogo equivalente aparece em “Substitui / equivale a”.

O perfil tipo B tem lábios simétricos a 45° com chanfro, o que alinha a superfície de vedação com o centro do alojamento e aumenta a pré-carga do lábio. É o perfil indicado para a vedação de haste em cilindros hidráulicos, com comportamento estável em baixa e em alta pressão. O poliuretano oferece alta resistência à abrasão e à extrusão, o que prolonga a vida útil em relação às gaxetas tipo V e U de borracha nitrílica.

Como conferir a medida: diâmetro interno é o diâmetro da haste, diâmetro externo é o fundo do canal e altura é a largura do canal. Meça com paquímetro antes de pedir; a gaxeta precisa das três medidas iguais às do alojamento."
"pkg-0997-6-39402756-452","111","Gaxeta de poliuretano tipo B, 70 × 90 × 11,5 mm, para vedação de haste em cilindros hidráulicos. Lábios simétricos a 45°. Fabricação PK Vedações, código PKG.0997.","Gaxeta de poliuretano (PU) tipo B com diâmetro interno de 70 mm, diâmetro externo de 90 mm e altura de 11,5 mm. Código PK Vedações PKG.0997. A referência de catálogo equivalente aparece em “Substitui / equivale a”.

O perfil tipo B tem lábios simétricos a 45° com chanfro, o que alinha a superfície de vedação com o centro do alojamento e aumenta a pré-carga do lábio. É o perfil indicado para a vedação de haste em cilindros hidráulicos, com comportamento estável em baixa e em alta pressão. O poliuretano oferece alta resistência à abrasão e à extrusão, o que prolonga a vida útil em relação às gaxetas tipo V e U de borracha nitrílica.

Como conferir a medida: diâmetro interno é o diâmetro da haste, diâmetro externo é o fundo do canal e altura é a largura do canal. Meça com paquímetro antes de pedir; a gaxeta precisa das três medidas iguais às do alojamento."
"pkg-0037-6-27552834-472","111","Gaxeta de poliuretano tipo B, 72 × 86 × 12 mm, para vedação de haste em cilindros hidráulicos. Lábios simétricos a 45°. Fabricação PK Vedações, código PKG.0037.","Gaxeta de poliuretano (PU) tipo B com diâmetro interno de 72 mm, diâmetro externo de 86 mm e altura de 12 mm. Código PK Vedações PKG.0037. A referência de catálogo equivalente aparece em “Substitui / equivale a”.

O perfil tipo B tem lábios simétricos a 45° com chanfro, o que alinha a superfície de vedação com o centro do alojamento e aumenta a pré-carga do lábio. É o perfil indicado para a vedação de haste em cilindros hidráulicos, com comportamento estável em baixa e em alta pressão. O poliuretano oferece alta resistência à abrasão e à extrusão, o que prolonga a vida útil em relação às gaxetas tipo V e U de borracha nitrílica.

Como conferir a medida: diâmetro interno é o diâmetro da haste, diâmetro externo é o fundo do canal e altura é a largura do canal. Meça com paquímetro antes de pedir; a gaxeta precisa das três medidas iguais às do alojamento."
"pkg-0795-18702875-375","111","Gaxeta de poliuretano tipo B, 73,02 × 82,55 × 9,52 mm, para vedação de haste em cilindros hidráulicos. Lábios simétricos a 45°. Fabricação PK Vedações, código PKG.0795.","Gaxeta de poliuretano (PU) tipo B com diâmetro interno de 73,02 mm, diâmetro externo de 82,55 mm e altura de 9,52 mm. Código PK Vedações PKG.0795. A referência de catálogo equivalente aparece em “Substitui / equivale a”.

O perfil tipo B tem lábios simétricos a 45° com chanfro, o que alinha a superfície de vedação com o centro do alojamento e aumenta a pré-carga do lábio. É o perfil indicado para a vedação de haste em cilindros hidráulicos, com comportamento estável em baixa e em alta pressão. O poliuretano oferece alta resistência à abrasão e à extrusão, o que prolonga a vida útil em relação às gaxetas tipo V e U de borracha nitrílica.

Como conferir a medida: diâmetro interno é o diâmetro da haste, diâmetro externo é o fundo do canal e altura é a largura do canal. Meça com paquímetro antes de pedir; a gaxeta precisa das três medidas iguais às do alojamento."
"pkg-0980-25002875-375","111","Gaxeta de poliuretano tipo B, 73,02 × 85,72 × 9,52 mm, para vedação de haste em cilindros hidráulicos. Lábios simétricos a 45°. Fabricação PK Vedações, código PKG.0980.","Gaxeta de poliuretano (PU) tipo B com diâmetro interno de 73,02 mm, diâmetro externo de 85,72 mm e altura de 9,52 mm. Código PK Vedações PKG.0980. A referência de catálogo equivalente aparece em “Substitui / equivale a”.

O perfil tipo B tem lábios simétricos a 45° com chanfro, o que alinha a superfície de vedação com o centro do alojamento e aumenta a pré-carga do lábio. É o perfil indicado para a vedação de haste em cilindros hidráulicos, com comportamento estável em baixa e em alta pressão. O poliuretano oferece alta resistência à abrasão e à extrusão, o que prolonga a vida útil em relação às gaxetas tipo V e U de borracha nitrílica.

Como conferir a medida: diâmetro interno é o diâmetro da haste, diâmetro externo é o fundo do canal e altura é a largura do canal. Meça com paquímetro antes de pedir; a gaxeta precisa das três medidas iguais às do alojamento."
"pkg-1684-31202875-500","111","Gaxeta de poliuretano tipo B, 73,02 × 88,9 × 12,7 mm, para vedação de haste em cilindros hidráulicos. Lábios simétricos a 45°. Fabricação PK Vedações, código PKG.1684.","Gaxeta de poliuretano (PU) tipo B com diâmetro interno de 73,02 mm, diâmetro externo de 88,9 mm e altura de 12,7 mm. Código PK Vedações PKG.1684. A referência de catálogo equivalente aparece em “Substitui / equivale a”.

O perfil tipo B tem lábios simétricos a 45° com chanfro, o que alinha a superfície de vedação com o centro do alojamento e aumenta a pré-carga do lábio. É o perfil indicado para a vedação de haste em cilindros hidráulicos, com comportamento estável em baixa e em alta pressão. O poliuretano oferece alta resistência à abrasão e à extrusão, o que prolonga a vida útil em relação às gaxetas tipo V e U de borracha nitrílica.

Como conferir a medida: diâmetro interno é o diâmetro da haste, diâmetro externo é o fundo do canal e altura é a largura do canal. Meça com paquímetro antes de pedir; a gaxeta precisa das três medidas iguais às do alojamento."
"pkg-1685-37502875-625","111","Gaxeta de poliuretano tipo B, 73,02 × 95,25 × 15,87 mm, para vedação de haste em cilindros hidráulicos. Lábios simétricos a 45°. Fabricação PK Vedações, código PKG.1685.","Gaxeta de poliuretano (PU) tipo B com diâmetro interno de 73,02 mm, diâmetro externo de 95,25 mm e altura de 15,87 mm. Código PK Vedações PKG.1685. A referência de catálogo equivalente aparece em “Substitui / equivale a”.

O perfil tipo B tem lábios simétricos a 45° com chanfro, o que alinha a superfície de vedação com o centro do alojamento e aumenta a pré-carga do lábio. É o perfil indicado para a vedação de haste em cilindros hidráulicos, com comportamento estável em baixa e em alta pressão. O poliuretano oferece alta resistência à abrasão e à extrusão, o que prolonga a vida útil em relação às gaxetas tipo V e U de borracha nitrílica.

Como conferir a medida: diâmetro interno é o diâmetro da haste, diâmetro externo é o fundo do canal e altura é a largura do canal. Meça com paquímetro antes de pedir; a gaxeta precisa das três medidas iguais às do alojamento."
"pkg-1550-6-19702953-472","111","Gaxeta de poliuretano tipo B, 75 × 85 × 12 mm, para vedação de haste em cilindros hidráulicos. Lábios simétricos a 45°. Fabricação PK Vedações, código PKG.1550.","Gaxeta de poliuretano (PU) tipo B com diâmetro interno de 75 mm, diâmetro externo de 85 mm e altura de 12 mm. Código PK Vedações PKG.1550. A referência de catálogo equivalente aparece em “Substitui / equivale a”.

O perfil tipo B tem lábios simétricos a 45° com chanfro, o que alinha a superfície de vedação com o centro do alojamento e aumenta a pré-carga do lábio. É o perfil indicado para a vedação de haste em cilindros hidráulicos, com comportamento estável em baixa e em alta pressão. O poliuretano oferece alta resistência à abrasão e à extrusão, o que prolonga a vida útil em relação às gaxetas tipo V e U de borracha nitrílica.

Como conferir a medida: diâmetro interno é o diâmetro da haste, diâmetro externo é o fundo do canal e altura é a largura do canal. Meça com paquímetro antes de pedir; a gaxeta precisa das três medidas iguais às do alojamento."
"pkg-0167-6-23602953-512","111","Gaxeta de poliuretano tipo B, 75 × 87 × 13 mm, para vedação de haste em cilindros hidráulicos. Lábios simétricos a 45°. Fabricação PK Vedações, código PKG.0167.","Gaxeta de poliuretano (PU) tipo B com diâmetro interno de 75 mm, diâmetro externo de 87 mm e altura de 13 mm. Código PK Vedações PKG.0167. A referência de catálogo equivalente aparece em “Substitui / equivale a”.

O perfil tipo B tem lábios simétricos a 45° com chanfro, o que alinha a superfície de vedação com o centro do alojamento e aumenta a pré-carga do lábio. É o perfil indicado para a vedação de haste em cilindros hidráulicos, com comportamento estável em baixa e em alta pressão. O poliuretano oferece alta resistência à abrasão e à extrusão, o que prolonga a vida útil em relação às gaxetas tipo V e U de borracha nitrílica.

Como conferir a medida: diâmetro interno é o diâmetro da haste, diâmetro externo é o fundo do canal e altura é a largura do canal. Meça com paquímetro antes de pedir; a gaxeta precisa das três medidas iguais às do alojamento."
"pkg-1551-6-31502953-429","111","Gaxeta de poliuretano tipo B, 75 × 91 × 10,9 mm, para vedação de haste em cilindros hidráulicos. Lábios simétricos a 45°. Fabricação PK Vedações, código PKG.1551.","Gaxeta de poliuretano (PU) tipo B com diâmetro interno de 75 mm, diâmetro externo de 91 mm e altura de 10,9 mm. Código PK Vedações PKG.1551. A referência de catálogo equivalente aparece em “Substitui / equivale a”.

O perfil tipo B tem lábios simétricos a 45° com chanfro, o que alinha a superfície de vedação com o centro do alojamento e aumenta a pré-carga do lábio. É o perfil indicado para a vedação de haste em cilindros hidráulicos, com comportamento estável em baixa e em alta pressão. O poliuretano oferece alta resistência à abrasão e à extrusão, o que prolonga a vida útil em relação às gaxetas tipo V e U de borracha nitrílica.

Como conferir a medida: diâmetro interno é o diâmetro da haste, diâmetro externo é o fundo do canal e altura é a largura do canal. Meça com paquímetro antes de pedir; a gaxeta precisa das três medidas iguais às do alojamento."
"pkg-2424-50003000-625","111","Gaxeta de poliuretano tipo B, 76,2 × 101,6 × 15,87 mm, para vedação de haste em cilindros hidráulicos. Lábios simétricos a 45°. Fabricação PK Vedações, código PKG.2424.","Gaxeta de poliuretano (PU) tipo B com diâmetro interno de 76,2 mm, diâmetro externo de 101,6 mm e altura de 15,87 mm. Código PK Vedações PKG.2424. A referência de catálogo equivalente aparece em “Substitui / equivale a”.

O perfil tipo B tem lábios simétricos a 45° com chanfro, o que alinha a superfície de vedação com o centro do alojamento e aumenta a pré-carga do lábio. É o perfil indicado para a vedação de haste em cilindros hidráulicos, com comportamento estável em baixa e em alta pressão. O poliuretano oferece alta resistência à abrasão e à extrusão, o que prolonga a vida útil em relação às gaxetas tipo V e U de borracha nitrílica.

Como conferir a medida: diâmetro interno é o diâmetro da haste, diâmetro externo é o fundo do canal e altura é a largura do canal. Meça com paquímetro antes de pedir; a gaxeta precisa das três medidas iguais às do alojamento."
"pkg-0078-18703000-250","111","Gaxeta de poliuretano tipo B, 76,2 × 85,72 × 6,35 mm, para vedação de haste em cilindros hidráulicos. Lábios simétricos a 45°. Fabricação PK Vedações, código PKG.0078.","Gaxeta de poliuretano (PU) tipo B com diâmetro interno de 76,2 mm, diâmetro externo de 85,72 mm e altura de 6,35 mm. Código PK Vedações PKG.0078. A referência de catálogo equivalente aparece em “Substitui / equivale a”.

O perfil tipo B tem lábios simétricos a 45° com chanfro, o que alinha a superfície de vedação com o centro do alojamento e aumenta a pré-carga do lábio. É o perfil indicado para a vedação de haste em cilindros hidráulicos, com comportamento estável em baixa e em alta pressão. O poliuretano oferece alta resistência à abrasão e à extrusão, o que prolonga a vida útil em relação às gaxetas tipo V e U de borracha nitrílica.

Como conferir a medida: diâmetro interno é o diâmetro da haste, diâmetro externo é o fundo do canal e altura é a largura do canal. Meça com paquímetro antes de pedir; a gaxeta precisa das três medidas iguais às do alojamento."
"pkg-1686-18703000-375","111","Gaxeta de poliuretano tipo B, 76,2 × 85,72 × 9,52 mm, para vedação de haste em cilindros hidráulicos. Lábios simétricos a 45°. Fabricação PK Vedações, código PKG.1686.","Gaxeta de poliuretano (PU) tipo B com diâmetro interno de 76,2 mm, diâmetro externo de 85,72 mm e altura de 9,52 mm. Código PK Vedações PKG.1686. A referência de catálogo equivalente aparece em “Substitui / equivale a”.

O perfil tipo B tem lábios simétricos a 45° com chanfro, o que alinha a superfície de vedação com o centro do alojamento e aumenta a pré-carga do lábio. É o perfil indicado para a vedação de haste em cilindros hidráulicos, com comportamento estável em baixa e em alta pressão. O poliuretano oferece alta resistência à abrasão e à extrusão, o que prolonga a vida útil em relação às gaxetas tipo V e U de borracha nitrílica.

Como conferir a medida: diâmetro interno é o diâmetro da haste, diâmetro externo é o fundo do canal e altura é a largura do canal. Meça com paquímetro antes de pedir; a gaxeta precisa das três medidas iguais às do alojamento."
"pkg-0553-25003000-375","111","Gaxeta de poliuretano tipo B, 76,2 × 88,9 × 9,52 mm, para vedação de haste em cilindros hidráulicos. Lábios simétricos a 45°. Fabricação PK Vedações, código PKG.0553.","Gaxeta de poliuretano (PU) tipo B com diâmetro interno de 76,2 mm, diâmetro externo de 88,9 mm e altura de 9,52 mm. Código PK Vedações PKG.0553. A referência de catálogo equivalente aparece em “Substitui / equivale a”.

O perfil tipo B tem lábios simétricos a 45° com chanfro, o que alinha a superfície de vedação com o centro do alojamento e aumenta a pré-carga do lábio. É o perfil indicado para a vedação de haste em cilindros hidráulicos, com comportamento estável em baixa e em alta pressão. O poliuretano oferece alta resistência à abrasão e à extrusão, o que prolonga a vida útil em relação às gaxetas tipo V e U de borracha nitrílica.

Como conferir a medida: diâmetro interno é o diâmetro da haste, diâmetro externo é o fundo do canal e altura é a largura do canal. Meça com paquímetro antes de pedir; a gaxeta precisa das três medidas iguais às do alojamento."
"pkg-0873-6-25003000-375","111","Gaxeta de poliuretano tipo B, 76,2 × 88,9 × 9,5 mm, para vedação de haste em cilindros hidráulicos. Lábios simétricos a 45°. Fabricação PK Vedações, código PKG.0873.","Gaxeta de poliuretano (PU) tipo B com diâmetro interno de 76,2 mm, diâmetro externo de 88,9 mm e altura de 9,5 mm. Código PK Vedações PKG.0873. A referência de catálogo equivalente aparece em “Substitui / equivale a”.

O perfil tipo B tem lábios simétricos a 45° com chanfro, o que alinha a superfície de vedação com o centro do alojamento e aumenta a pré-carga do lábio. É o perfil indicado para a vedação de haste em cilindros hidráulicos, com comportamento estável em baixa e em alta pressão. O poliuretano oferece alta resistência à abrasão e à extrusão, o que prolonga a vida útil em relação às gaxetas tipo V e U de borracha nitrílica.

Como conferir a medida: diâmetro interno é o diâmetro da haste, diâmetro externo é o fundo do canal e altura é a largura do canal. Meça com paquímetro antes de pedir; a gaxeta precisa das três medidas iguais às do alojamento."
"pkg-0677-31203000-500","111","Gaxeta de poliuretano tipo B, 76,2 × 92,07 × 12,7 mm, para vedação de haste em cilindros hidráulicos. Lábios simétricos a 45°. Fabricação PK Vedações, código PKG.0677.","Gaxeta de poliuretano (PU) tipo B com diâmetro interno de 76,2 mm, diâmetro externo de 92,07 mm e altura de 12,7 mm. Código PK Vedações PKG.0677. A referência de catálogo equivalente aparece em “Substitui / equivale a”.

O perfil tipo B tem lábios simétricos a 45° com chanfro, o que alinha a superfície de vedação com o centro do alojamento e aumenta a pré-carga do lábio. É o perfil indicado para a vedação de haste em cilindros hidráulicos, com comportamento estável em baixa e em alta pressão. O poliuretano oferece alta resistência à abrasão e à extrusão, o que prolonga a vida útil em relação às gaxetas tipo V e U de borracha nitrílica.

Como conferir a medida: diâmetro interno é o diâmetro da haste, diâmetro externo é o fundo do canal e altura é a largura do canal. Meça com paquímetro antes de pedir; a gaxeta precisa das três medidas iguais às do alojamento."
"pkg-0863-37503000-625","111","Gaxeta de poliuretano tipo B, 76,2 × 95,25 × 15,87 mm, para vedação de haste em cilindros hidráulicos. Lábios simétricos a 45°. Fabricação PK Vedações, código PKG.0863.","Gaxeta de poliuretano (PU) tipo B com diâmetro interno de 76,2 mm, diâmetro externo de 95,25 mm e altura de 15,87 mm. Código PK Vedações PKG.0863. A referência de catálogo equivalente aparece em “Substitui / equivale a”.

O perfil tipo B tem lábios simétricos a 45° com chanfro, o que alinha a superfície de vedação com o centro do alojamento e aumenta a pré-carga do lábio. É o perfil indicado para a vedação de haste em cilindros hidráulicos, com comportamento estável em baixa e em alta pressão. O poliuretano oferece alta resistência à abrasão e à extrusão, o que prolonga a vida útil em relação às gaxetas tipo V e U de borracha nitrílica.

Como conferir a medida: diâmetro interno é o diâmetro da haste, diâmetro externo é o fundo do canal e altura é a largura do canal. Meça com paquímetro antes de pedir; a gaxeta precisa das três medidas iguais às do alojamento."
"pkg-1234-18703125-375","111","Gaxeta de poliuretano tipo B, 79,37 × 88,9 × 9,52 mm, para vedação de haste em cilindros hidráulicos. Lábios simétricos a 45°. Fabricação PK Vedações, código PKG.1234.","Gaxeta de poliuretano (PU) tipo B com diâmetro interno de 79,37 mm, diâmetro externo de 88,9 mm e altura de 9,52 mm. Código PK Vedações PKG.1234. A referência de catálogo equivalente aparece em “Substitui / equivale a”.

O perfil tipo B tem lábios simétricos a 45° com chanfro, o que alinha a superfície de vedação com o centro do alojamento e aumenta a pré-carga do lábio. É o perfil indicado para a vedação de haste em cilindros hidráulicos, com comportamento estável em baixa e em alta pressão. O poliuretano oferece alta resistência à abrasão e à extrusão, o que prolonga a vida útil em relação às gaxetas tipo V e U de borracha nitrílica.

Como conferir a medida: diâmetro interno é o diâmetro da haste, diâmetro externo é o fundo do canal e altura é a largura do canal. Meça com paquímetro antes de pedir; a gaxeta precisa das três medidas iguais às do alojamento."
"pkg-0596-25003125-375","111","Gaxeta de poliuretano tipo B, 79,37 × 92,07 × 9,52 mm, para vedação de haste em cilindros hidráulicos. Lábios simétricos a 45°. Fabricação PK Vedações, código PKG.0596.","Gaxeta de poliuretano (PU) tipo B com diâmetro interno de 79,37 mm, diâmetro externo de 92,07 mm e altura de 9,52 mm. Código PK Vedações PKG.0596. A referência de catálogo equivalente aparece em “Substitui / equivale a”.

O perfil tipo B tem lábios simétricos a 45° com chanfro, o que alinha a superfície de vedação com o centro do alojamento e aumenta a pré-carga do lábio. É o perfil indicado para a vedação de haste em cilindros hidráulicos, com comportamento estável em baixa e em alta pressão. O poliuretano oferece alta resistência à abrasão e à extrusão, o que prolonga a vida útil em relação às gaxetas tipo V e U de borracha nitrílica.

Como conferir a medida: diâmetro interno é o diâmetro da haste, diâmetro externo é o fundo do canal e altura é a largura do canal. Meça com paquímetro antes de pedir; a gaxeta precisa das três medidas iguais às do alojamento."
"pkg-1195-6-39403150-625","111","Gaxeta de poliuretano tipo B, 80 × 100 × 15,87 mm, para vedação de haste em cilindros hidráulicos. Lábios simétricos a 45°. Fabricação PK Vedações, código PKG.1195.","Gaxeta de poliuretano (PU) tipo B com diâmetro interno de 80 mm, diâmetro externo de 100 mm e altura de 15,87 mm. Código PK Vedações PKG.1195. A referência de catálogo equivalente aparece em “Substitui / equivale a”.

O perfil tipo B tem lábios simétricos a 45° com chanfro, o que alinha a superfície de vedação com o centro do alojamento e aumenta a pré-carga do lábio. É o perfil indicado para a vedação de haste em cilindros hidráulicos, com comportamento estável em baixa e em alta pressão. O poliuretano oferece alta resistência à abrasão e à extrusão, o que prolonga a vida útil em relação às gaxetas tipo V e U de borracha nitrílica.

Como conferir a medida: diâmetro interno é o diâmetro da haste, diâmetro externo é o fundo do canal e altura é a largura do canal. Meça com paquímetro antes de pedir; a gaxeta precisa das três medidas iguais às do alojamento."
"pkg-0137-6-39403150-591","111","Gaxeta de poliuretano tipo B, 80 × 100 × 15 mm, para vedação de haste em cilindros hidráulicos. Lábios simétricos a 45°. Fabricação PK Vedações, código PKG.0137.","Gaxeta de poliuretano (PU) tipo B com diâmetro interno de 80 mm, diâmetro externo de 100 mm e altura de 15 mm. Código PK Vedações PKG.0137. A referência de catálogo equivalente aparece em “Substitui / equivale a”.

O perfil tipo B tem lábios simétricos a 45° com chanfro, o que alinha a superfície de vedação com o centro do alojamento e aumenta a pré-carga do lábio. É o perfil indicado para a vedação de haste em cilindros hidráulicos, com comportamento estável em baixa e em alta pressão. O poliuretano oferece alta resistência à abrasão e à extrusão, o que prolonga a vida útil em relação às gaxetas tipo V e U de borracha nitrílica.

Como conferir a medida: diâmetro interno é o diâmetro da haste, diâmetro externo é o fundo do canal e altura é a largura do canal. Meça com paquímetro antes de pedir; a gaxeta precisa das três medidas iguais às do alojamento."
"pkg-0750-6-19703150-314","111","Gaxeta de poliuretano tipo B, 80 × 90 × 8 mm, para vedação de haste em cilindros hidráulicos. Lábios simétricos a 45°. Fabricação PK Vedações, código PKG.0750.","Gaxeta de poliuretano (PU) tipo B com diâmetro interno de 80 mm, diâmetro externo de 90 mm e altura de 8 mm. Código PK Vedações PKG.0750. A referência de catálogo equivalente aparece em “Substitui / equivale a”.

O perfil tipo B tem lábios simétricos a 45° com chanfro, o que alinha a superfície de vedação com o centro do alojamento e aumenta a pré-carga do lábio. É o perfil indicado para a vedação de haste em cilindros hidráulicos, com comportamento estável em baixa e em alta pressão. O poliuretano oferece alta resistência à abrasão e à extrusão, o que prolonga a vida útil em relação às gaxetas tipo V e U de borracha nitrílica.

Como conferir a medida: diâmetro interno é o diâmetro da haste, diâmetro externo é o fundo do canal e altura é a largura do canal. Meça com paquímetro antes de pedir; a gaxeta precisa das três medidas iguais às do alojamento."
"pkg-1553-6-29503150-354","111","Gaxeta de poliuretano tipo B, 80 × 95 × 9 mm, para vedação de haste em cilindros hidráulicos. Lábios simétricos a 45°. Fabricação PK Vedações, código PKG.1553.","Gaxeta de poliuretano (PU) tipo B com diâmetro interno de 80 mm, diâmetro externo de 95 mm e altura de 9 mm. Código PK Vedações PKG.1553. A referência de catálogo equivalente aparece em “Substitui / equivale a”.

O perfil tipo B tem lábios simétricos a 45° com chanfro, o que alinha a superfície de vedação com o centro do alojamento e aumenta a pré-carga do lábio. É o perfil indicado para a vedação de haste em cilindros hidráulicos, com comportamento estável em baixa e em alta pressão. O poliuretano oferece alta resistência à abrasão e à extrusão, o que prolonga a vida útil em relação às gaxetas tipo V e U de borracha nitrílica.

Como conferir a medida: diâmetro interno é o diâmetro da haste, diâmetro externo é o fundo do canal e altura é a largura do canal. Meça com paquímetro antes de pedir; a gaxeta precisa das três medidas iguais às do alojamento."
"pkg-2619-6-27603200-500","111","Gaxeta de poliuretano tipo B, 81 × 95 × 12,7 mm, para vedação de haste em cilindros hidráulicos. Lábios simétricos a 45°. Fabricação PK Vedações, código PKG.2619.","Gaxeta de poliuretano (PU) tipo B com diâmetro interno de 81 mm, diâmetro externo de 95 mm e altura de 12,7 mm. Código PK Vedações PKG.2619. A referência de catálogo equivalente aparece em “Substitui / equivale a”.

O perfil tipo B tem lábios simétricos a 45° com chanfro, o que alinha a superfície de vedação com o centro do alojamento e aumenta a pré-carga do lábio. É o perfil indicado para a vedação de haste em cilindros hidráulicos, com comportamento estável em baixa e em alta pressão. O poliuretano oferece alta resistência à abrasão e à extrusão, o que prolonga a vida útil em relação às gaxetas tipo V e U de borracha nitrílica.

Como conferir a medida: diâmetro interno é o diâmetro da haste, diâmetro externo é o fundo do canal e altura é a largura do canal. Meça com paquímetro antes de pedir; a gaxeta precisa das três medidas iguais às do alojamento."
"pkg-0909-37503250-625","111","Gaxeta de poliuretano tipo B, 82,55 × 101,6 × 15,87 mm, para vedação de haste em cilindros hidráulicos. Lábios simétricos a 45°. Fabricação PK Vedações, código PKG.0909.","Gaxeta de poliuretano (PU) tipo B com diâmetro interno de 82,55 mm, diâmetro externo de 101,6 mm e altura de 15,87 mm. Código PK Vedações PKG.0909. A referência de catálogo equivalente aparece em “Substitui / equivale a”.

O perfil tipo B tem lábios simétricos a 45° com chanfro, o que alinha a superfície de vedação com o centro do alojamento e aumenta a pré-carga do lábio. É o perfil indicado para a vedação de haste em cilindros hidráulicos, com comportamento estável em baixa e em alta pressão. O poliuretano oferece alta resistência à abrasão e à extrusão, o que prolonga a vida útil em relação às gaxetas tipo V e U de borracha nitrílica.

Como conferir a medida: diâmetro interno é o diâmetro da haste, diâmetro externo é o fundo do canal e altura é a largura do canal. Meça com paquímetro antes de pedir; a gaxeta precisa das três medidas iguais às do alojamento."
"pkg-0543-25003250-500","111","Gaxeta de poliuretano tipo B, 82,55 × 95,25 × 12,7 mm, para vedação de haste em cilindros hidráulicos. Lábios simétricos a 45°. Fabricação PK Vedações, código PKG.0543.","Gaxeta de poliuretano (PU) tipo B com diâmetro interno de 82,55 mm, diâmetro externo de 95,25 mm e altura de 12,7 mm. Código PK Vedações PKG.0543. A referência de catálogo equivalente aparece em “Substitui / equivale a”.

O perfil tipo B tem lábios simétricos a 45° com chanfro, o que alinha a superfície de vedação com o centro do alojamento e aumenta a pré-carga do lábio. É o perfil indicado para a vedação de haste em cilindros hidráulicos, com comportamento estável em baixa e em alta pressão. O poliuretano oferece alta resistência à abrasão e à extrusão, o que prolonga a vida útil em relação às gaxetas tipo V e U de borracha nitrílica.

Como conferir a medida: diâmetro interno é o diâmetro da haste, diâmetro externo é o fundo do canal e altura é a largura do canal. Meça com paquímetro antes de pedir; a gaxeta precisa das três medidas iguais às do alojamento."
"pkg-0601-25003250-375","111","Gaxeta de poliuretano tipo B, 82,55 × 95,25 × 9,52 mm, para vedação de haste em cilindros hidráulicos. Lábios simétricos a 45°. Fabricação PK Vedações, código PKG.0601.","Gaxeta de poliuretano (PU) tipo B com diâmetro interno de 82,55 mm, diâmetro externo de 95,25 mm e altura de 9,52 mm. Código PK Vedações PKG.0601. A referência de catálogo equivalente aparece em “Substitui / equivale a”.

O perfil tipo B tem lábios simétricos a 45° com chanfro, o que alinha a superfície de vedação com o centro do alojamento e aumenta a pré-carga do lábio. É o perfil indicado para a vedação de haste em cilindros hidráulicos, com comportamento estável em baixa e em alta pressão. O poliuretano oferece alta resistência à abrasão e à extrusão, o que prolonga a vida útil em relação às gaxetas tipo V e U de borracha nitrílica.

Como conferir a medida: diâmetro interno é o diâmetro da haste, diâmetro externo é o fundo do canal e altura é a largura do canal. Meça com paquímetro antes de pedir; a gaxeta precisa das três medidas iguais às do alojamento."
"pkg-2428-31203250-500","111","Gaxeta de poliuretano tipo B, 82,55 × 98,42 × 12,7 mm, para vedação de haste em cilindros hidráulicos. Lábios simétricos a 45°. Fabricação PK Vedações, código PKG.2428.","Gaxeta de poliuretano (PU) tipo B com diâmetro interno de 82,55 mm, diâmetro externo de 98,42 mm e altura de 12,7 mm. Código PK Vedações PKG.2428. A referência de catálogo equivalente aparece em “Substitui / equivale a”.

O perfil tipo B tem lábios simétricos a 45° com chanfro, o que alinha a superfície de vedação com o centro do alojamento e aumenta a pré-carga do lábio. É o perfil indicado para a vedação de haste em cilindros hidráulicos, com comportamento estável em baixa e em alta pressão. O poliuretano oferece alta resistência à abrasão e à extrusão, o que prolonga a vida útil em relação às gaxetas tipo V e U de borracha nitrílica.

Como conferir a medida: diâmetro interno é o diâmetro da haste, diâmetro externo é o fundo do canal e altura é a largura do canal. Meça com paquímetro antes de pedir; a gaxeta precisa das três medidas iguais às do alojamento."
"pkg-0162-6-29503346-393","111","Gaxeta de poliuretano tipo B, 85 × 100 × 10 mm, para vedação de haste em cilindros hidráulicos. Lábios simétricos a 45°. Fabricação PK Vedações, código PKG.0162.","Gaxeta de poliuretano (PU) tipo B com diâmetro interno de 85 mm, diâmetro externo de 100 mm e altura de 10 mm. Código PK Vedações PKG.0162. A referência de catálogo equivalente aparece em “Substitui / equivale a”.

O perfil tipo B tem lábios simétricos a 45° com chanfro, o que alinha a superfície de vedação com o centro do alojamento e aumenta a pré-carga do lábio. É o perfil indicado para a vedação de haste em cilindros hidráulicos, com comportamento estável em baixa e em alta pressão. O poliuretano oferece alta resistência à abrasão e à extrusão, o que prolonga a vida útil em relação às gaxetas tipo V e U de borracha nitrílica.

Como conferir a medida: diâmetro interno é o diâmetro da haste, diâmetro externo é o fundo do canal e altura é a largura do canal. Meça com paquímetro antes de pedir; a gaxeta precisa das três medidas iguais às do alojamento."
"pkg-0536-6-29503346-354","111","Gaxeta de poliuretano tipo B, 85 × 100 × 9 mm, para vedação de haste em cilindros hidráulicos. Lábios simétricos a 45°. Fabricação PK Vedações, código PKG.0536.","Gaxeta de poliuretano (PU) tipo B com diâmetro interno de 85 mm, diâmetro externo de 100 mm e altura de 9 mm. Código PK Vedações PKG.0536. A referência de catálogo equivalente aparece em “Substitui / equivale a”.

O perfil tipo B tem lábios simétricos a 45° com chanfro, o que alinha a superfície de vedação com o centro do alojamento e aumenta a pré-carga do lábio. É o perfil indicado para a vedação de haste em cilindros hidráulicos, com comportamento estável em baixa e em alta pressão. O poliuretano oferece alta resistência à abrasão e à extrusão, o que prolonga a vida útil em relação às gaxetas tipo V e U de borracha nitrílica.

Como conferir a medida: diâmetro interno é o diâmetro da haste, diâmetro externo é o fundo do canal e altura é a largura do canal. Meça com paquímetro antes de pedir; a gaxeta precisa das três medidas iguais às do alojamento."
"pkg-0225-6-15743358-472","111","Gaxeta de poliuretano tipo B, 85,3 × 93,3 × 12 mm, para vedação de haste em cilindros hidráulicos. Lábios simétricos a 45°. Fabricação PK Vedações, código PKG.0225.","Gaxeta de poliuretano (PU) tipo B com diâmetro interno de 85,3 mm, diâmetro externo de 93,3 mm e altura de 12 mm. Código PK Vedações PKG.0225. A referência de catálogo equivalente aparece em “Substitui / equivale a”.

O perfil tipo B tem lábios simétricos a 45° com chanfro, o que alinha a superfície de vedação com o centro do alojamento e aumenta a pré-carga do lábio. É o perfil indicado para a vedação de haste em cilindros hidráulicos, com comportamento estável em baixa e em alta pressão. O poliuretano oferece alta resistência à abrasão e à extrusão, o que prolonga a vida útil em relação às gaxetas tipo V e U de borracha nitrílica.

Como conferir a medida: diâmetro interno é o diâmetro da haste, diâmetro externo é o fundo do canal e altura é a largura do canal. Meça com paquímetro antes de pedir; a gaxeta precisa das três medidas iguais às do alojamento."
"pkg-1695-31203375-500","111","Gaxeta de poliuretano tipo B, 85,72 × 101,6 × 12,7 mm, para vedação de haste em cilindros hidráulicos. Lábios simétricos a 45°. Fabricação PK Vedações, código PKG.1695.","Gaxeta de poliuretano (PU) tipo B com diâmetro interno de 85,72 mm, diâmetro externo de 101,6 mm e altura de 12,7 mm. Código PK Vedações PKG.1695. A referência de catálogo equivalente aparece em “Substitui / equivale a”.

O perfil tipo B tem lábios simétricos a 45° com chanfro, o que alinha a superfície de vedação com o centro do alojamento e aumenta a pré-carga do lábio. É o perfil indicado para a vedação de haste em cilindros hidráulicos, com comportamento estável em baixa e em alta pressão. O poliuretano oferece alta resistência à abrasão e à extrusão, o que prolonga a vida útil em relação às gaxetas tipo V e U de borracha nitrílica.

Como conferir a medida: diâmetro interno é o diâmetro da haste, diâmetro externo é o fundo do canal e altura é a largura do canal. Meça com paquímetro antes de pedir; a gaxeta precisa das três medidas iguais às do alojamento."
"pkg-0343-18703375-375","111","Gaxeta de poliuretano tipo B, 85,72 × 95,24 × 9,52 mm, para vedação de haste em cilindros hidráulicos. Lábios simétricos a 45°. Fabricação PK Vedações, código PKG.0343.","Gaxeta de poliuretano (PU) tipo B com diâmetro interno de 85,72 mm, diâmetro externo de 95,24 mm e altura de 9,52 mm. Código PK Vedações PKG.0343. A referência de catálogo equivalente aparece em “Substitui / equivale a”.

O perfil tipo B tem lábios simétricos a 45° com chanfro, o que alinha a superfície de vedação com o centro do alojamento e aumenta a pré-carga do lábio. É o perfil indicado para a vedação de haste em cilindros hidráulicos, com comportamento estável em baixa e em alta pressão. O poliuretano oferece alta resistência à abrasão e à extrusão, o que prolonga a vida útil em relação às gaxetas tipo V e U de borracha nitrílica.

Como conferir a medida: diâmetro interno é o diâmetro da haste, diâmetro externo é o fundo do canal e altura é a largura do canal. Meça com paquímetro antes de pedir; a gaxeta precisa das três medidas iguais às do alojamento."
"pkg-1113-25003375-375","111","Gaxeta de poliuretano tipo B, 85,72 × 98,42 × 9,52 mm, para vedação de haste em cilindros hidráulicos. Lábios simétricos a 45°. Fabricação PK Vedações, código PKG.1113.","Gaxeta de poliuretano (PU) tipo B com diâmetro interno de 85,72 mm, diâmetro externo de 98,42 mm e altura de 9,52 mm. Código PK Vedações PKG.1113. A referência de catálogo equivalente aparece em “Substitui / equivale a”.

O perfil tipo B tem lábios simétricos a 45° com chanfro, o que alinha a superfície de vedação com o centro do alojamento e aumenta a pré-carga do lábio. É o perfil indicado para a vedação de haste em cilindros hidráulicos, com comportamento estável em baixa e em alta pressão. O poliuretano oferece alta resistência à abrasão e à extrusão, o que prolonga a vida útil em relação às gaxetas tipo V e U de borracha nitrílica.

Como conferir a medida: diâmetro interno é o diâmetro da haste, diâmetro externo é o fundo do canal e altura é a largura do canal. Meça com paquímetro antes de pedir; a gaxeta precisa das três medidas iguais às do alojamento."
"pkg-0726-6-27503464-413","111","Gaxeta de poliuretano tipo B, 88 × 102 × 10,5 mm, para vedação de haste em cilindros hidráulicos. Lábios simétricos a 45°. Fabricação PK Vedações, código PKG.0726.","Gaxeta de poliuretano (PU) tipo B com diâmetro interno de 88 mm, diâmetro externo de 102 mm e altura de 10,5 mm. Código PK Vedações PKG.0726. A referência de catálogo equivalente aparece em “Substitui / equivale a”.

O perfil tipo B tem lábios simétricos a 45° com chanfro, o que alinha a superfície de vedação com o centro do alojamento e aumenta a pré-carga do lábio. É o perfil indicado para a vedação de haste em cilindros hidráulicos, com comportamento estável em baixa e em alta pressão. O poliuretano oferece alta resistência à abrasão e à extrusão, o que prolonga a vida útil em relação às gaxetas tipo V e U de borracha nitrílica.

Como conferir a medida: diâmetro interno é o diâmetro da haste, diâmetro externo é o fundo do canal e altura é a largura do canal. Meça com paquímetro antes de pedir; a gaxeta precisa das três medidas iguais às do alojamento."
"pkg-0619-25003500-375","111","Gaxeta de poliuretano tipo B, 88,9 × 101,6 × 9,52 mm, para vedação de haste em cilindros hidráulicos. Lábios simétricos a 45°. Fabricação PK Vedações, código PKG.0619.","Gaxeta de poliuretano (PU) tipo B com diâmetro interno de 88,9 mm, diâmetro externo de 101,6 mm e altura de 9,52 mm. Código PK Vedações PKG.0619. A referência de catálogo equivalente aparece em “Substitui / equivale a”.

O perfil tipo B tem lábios simétricos a 45° com chanfro, o que alinha a superfície de vedação com o centro do alojamento e aumenta a pré-carga do lábio. É o perfil indicado para a vedação de haste em cilindros hidráulicos, com comportamento estável em baixa e em alta pressão. O poliuretano oferece alta resistência à abrasão e à extrusão, o que prolonga a vida útil em relação às gaxetas tipo V e U de borracha nitrílica.

Como conferir a medida: diâmetro interno é o diâmetro da haste, diâmetro externo é o fundo do canal e altura é a largura do canal. Meça com paquímetro antes de pedir; a gaxeta precisa das três medidas iguais às do alojamento."
"pkg-1698-31203500-500","111","Gaxeta de poliuretano tipo B, 88,9 × 104,76 × 12,7 mm, para vedação de haste em cilindros hidráulicos. Lábios simétricos a 45°. Fabricação PK Vedações, código PKG.1698.","Gaxeta de poliuretano (PU) tipo B com diâmetro interno de 88,9 mm, diâmetro externo de 104,76 mm e altura de 12,7 mm. Código PK Vedações PKG.1698. A referência de catálogo equivalente aparece em “Substitui / equivale a”.

O perfil tipo B tem lábios simétricos a 45° com chanfro, o que alinha a superfície de vedação com o centro do alojamento e aumenta a pré-carga do lábio. É o perfil indicado para a vedação de haste em cilindros hidráulicos, com comportamento estável em baixa e em alta pressão. O poliuretano oferece alta resistência à abrasão e à extrusão, o que prolonga a vida útil em relação às gaxetas tipo V e U de borracha nitrílica.

Como conferir a medida: diâmetro interno é o diâmetro da haste, diâmetro externo é o fundo do canal e altura é a largura do canal. Meça com paquímetro antes de pedir; a gaxeta precisa das três medidas iguais às do alojamento."
"pkg-0893-37503500-625","111","Gaxeta de poliuretano tipo B, 88,9 × 107,95 × 15,87 mm, para vedação de haste em cilindros hidráulicos. Lábios simétricos a 45°. Fabricação PK Vedações, código PKG.0893.","Gaxeta de poliuretano (PU) tipo B com diâmetro interno de 88,9 mm, diâmetro externo de 107,95 mm e altura de 15,87 mm. Código PK Vedações PKG.0893. A referência de catálogo equivalente aparece em “Substitui / equivale a”.

O perfil tipo B tem lábios simétricos a 45° com chanfro, o que alinha a superfície de vedação com o centro do alojamento e aumenta a pré-carga do lábio. É o perfil indicado para a vedação de haste em cilindros hidráulicos, com comportamento estável em baixa e em alta pressão. O poliuretano oferece alta resistência à abrasão e à extrusão, o que prolonga a vida útil em relação às gaxetas tipo V e U de borracha nitrílica.

Como conferir a medida: diâmetro interno é o diâmetro da haste, diâmetro externo é o fundo do canal e altura é a largura do canal. Meça com paquímetro antes de pedir; a gaxeta precisa das três medidas iguais às do alojamento."
"pkg-1697-18703500-375","111","Gaxeta de poliuretano tipo B, 88,9 × 98,42 × 9,52 mm, para vedação de haste em cilindros hidráulicos. Lábios simétricos a 45°. Fabricação PK Vedações, código PKG.1697.","Gaxeta de poliuretano (PU) tipo B com diâmetro interno de 88,9 mm, diâmetro externo de 98,42 mm e altura de 9,52 mm. Código PK Vedações PKG.1697. A referência de catálogo equivalente aparece em “Substitui / equivale a”.

O perfil tipo B tem lábios simétricos a 45° com chanfro, o que alinha a superfície de vedação com o centro do alojamento e aumenta a pré-carga do lábio. É o perfil indicado para a vedação de haste em cilindros hidráulicos, com comportamento estável em baixa e em alta pressão. O poliuretano oferece alta resistência à abrasão e à extrusão, o que prolonga a vida útil em relação às gaxetas tipo V e U de borracha nitrílica.

Como conferir a medida: diâmetro interno é o diâmetro da haste, diâmetro externo é o fundo do canal e altura é a largura do canal. Meça com paquímetro antes de pedir; a gaxeta precisa das três medidas iguais às do alojamento."
"pkg-1554-6-25603543-393","111","Gaxeta de poliuretano tipo B, 90 × 103 × 10 mm, para vedação de haste em cilindros hidráulicos. Lábios simétricos a 45°. Fabricação PK Vedações, código PKG.1554.","Gaxeta de poliuretano (PU) tipo B com diâmetro interno de 90 mm, diâmetro externo de 103 mm e altura de 10 mm. Código PK Vedações PKG.1554. A referência de catálogo equivalente aparece em “Substitui / equivale a”.

O perfil tipo B tem lábios simétricos a 45° com chanfro, o que alinha a superfície de vedação com o centro do alojamento e aumenta a pré-carga do lábio. É o perfil indicado para a vedação de haste em cilindros hidráulicos, com comportamento estável em baixa e em alta pressão. O poliuretano oferece alta resistência à abrasão e à extrusão, o que prolonga a vida útil em relação às gaxetas tipo V e U de borracha nitrílica.

Como conferir a medida: diâmetro interno é o diâmetro da haste, diâmetro externo é o fundo do canal e altura é a largura do canal. Meça com paquímetro antes de pedir; a gaxeta precisa das três medidas iguais às do alojamento."
"pkg-0861-6-39403543-625","111","Gaxeta de poliuretano tipo B, 90 × 110 × 15,87 mm, para vedação de haste em cilindros hidráulicos. Lábios simétricos a 45°. Fabricação PK Vedações, código PKG.0861.","Gaxeta de poliuretano (PU) tipo B com diâmetro interno de 90 mm, diâmetro externo de 110 mm e altura de 15,87 mm. Código PK Vedações PKG.0861. A referência de catálogo equivalente aparece em “Substitui / equivale a”.

O perfil tipo B tem lábios simétricos a 45° com chanfro, o que alinha a superfície de vedação com o centro do alojamento e aumenta a pré-carga do lábio. É o perfil indicado para a vedação de haste em cilindros hidráulicos, com comportamento estável em baixa e em alta pressão. O poliuretano oferece alta resistência à abrasão e à extrusão, o que prolonga a vida útil em relação às gaxetas tipo V e U de borracha nitrílica.

Como conferir a medida: diâmetro interno é o diâmetro da haste, diâmetro externo é o fundo do canal e altura é a largura do canal. Meça com paquímetro antes de pedir; a gaxeta precisa das três medidas iguais às do alojamento."
"pkg-1701-18703625-375","111","Gaxeta de poliuretano tipo B, 92,07 × 101,59 × 9,52 mm, para vedação de haste em cilindros hidráulicos. Lábios simétricos a 45°. Fabricação PK Vedações, código PKG.1701.","Gaxeta de poliuretano (PU) tipo B com diâmetro interno de 92,07 mm, diâmetro externo de 101,59 mm e altura de 9,52 mm. Código PK Vedações PKG.1701. A referência de catálogo equivalente aparece em “Substitui / equivale a”.

O perfil tipo B tem lábios simétricos a 45° com chanfro, o que alinha a superfície de vedação com o centro do alojamento e aumenta a pré-carga do lábio. É o perfil indicado para a vedação de haste em cilindros hidráulicos, com comportamento estável em baixa e em alta pressão. O poliuretano oferece alta resistência à abrasão e à extrusão, o que prolonga a vida útil em relação às gaxetas tipo V e U de borracha nitrílica.

Como conferir a medida: diâmetro interno é o diâmetro da haste, diâmetro externo é o fundo do canal e altura é a largura do canal. Meça com paquímetro antes de pedir; a gaxeta precisa das três medidas iguais às do alojamento."
"pkg-0738-25003625-375","111","Gaxeta de poliuretano tipo B, 92,07 × 104,77 × 9,52 mm, para vedação de haste em cilindros hidráulicos. Lábios simétricos a 45°. Fabricação PK Vedações, código PKG.0738.","Gaxeta de poliuretano (PU) tipo B com diâmetro interno de 92,07 mm, diâmetro externo de 104,77 mm e altura de 9,52 mm. Código PK Vedações PKG.0738. A referência de catálogo equivalente aparece em “Substitui / equivale a”.

O perfil tipo B tem lábios simétricos a 45° com chanfro, o que alinha a superfície de vedação com o centro do alojamento e aumenta a pré-carga do lábio. É o perfil indicado para a vedação de haste em cilindros hidráulicos, com comportamento estável em baixa e em alta pressão. O poliuretano oferece alta resistência à abrasão e à extrusão, o que prolonga a vida útil em relação às gaxetas tipo V e U de borracha nitrílica.

Como conferir a medida: diâmetro interno é o diâmetro da haste, diâmetro externo é o fundo do canal e altura é a largura do canal. Meça com paquímetro antes de pedir; a gaxeta precisa das três medidas iguais às do alojamento."
"pkg-1000-31203625-500","111","Gaxeta de poliuretano tipo B, 92,07 × 107,93 × 12,7 mm, para vedação de haste em cilindros hidráulicos. Lábios simétricos a 45°. Fabricação PK Vedações, código PKG.1000.","Gaxeta de poliuretano (PU) tipo B com diâmetro interno de 92,07 mm, diâmetro externo de 107,93 mm e altura de 12,7 mm. Código PK Vedações PKG.1000. A referência de catálogo equivalente aparece em “Substitui / equivale a”.

O perfil tipo B tem lábios simétricos a 45° com chanfro, o que alinha a superfície de vedação com o centro do alojamento e aumenta a pré-carga do lábio. É o perfil indicado para a vedação de haste em cilindros hidráulicos, com comportamento estável em baixa e em alta pressão. O poliuretano oferece alta resistência à abrasão e à extrusão, o que prolonga a vida útil em relação às gaxetas tipo V e U de borracha nitrílica.

Como conferir a medida: diâmetro interno é o diâmetro da haste, diâmetro externo é o fundo do canal e altura é a largura do canal. Meça com paquímetro antes de pedir; a gaxeta precisa das três medidas iguais às do alojamento."
"pkg-0689-37503625-625","111","Gaxeta de poliuretano tipo B, 92,07 × 111,11 × 15,87 mm, para vedação de haste em cilindros hidráulicos. Lábios simétricos a 45°. Fabricação PK Vedações, código PKG.0689.","Gaxeta de poliuretano (PU) tipo B com diâmetro interno de 92,07 mm, diâmetro externo de 111,11 mm e altura de 15,87 mm. Código PK Vedações PKG.0689. A referência de catálogo equivalente aparece em “Substitui / equivale a”.

O perfil tipo B tem lábios simétricos a 45° com chanfro, o que alinha a superfície de vedação com o centro do alojamento e aumenta a pré-carga do lábio. É o perfil indicado para a vedação de haste em cilindros hidráulicos, com comportamento estável em baixa e em alta pressão. O poliuretano oferece alta resistência à abrasão e à extrusão, o que prolonga a vida útil em relação às gaxetas tipo V e U de borracha nitrílica.

Como conferir a medida: diâmetro interno é o diâmetro da haste, diâmetro externo é o fundo do canal e altura é a largura do canal. Meça com paquímetro antes de pedir; a gaxeta precisa das três medidas iguais às do alojamento."
"pkg-2321-6-25003690-500","111","Gaxeta de poliuretano tipo B, 93,72 × 106,42 × 12,7 mm, para vedação de haste em cilindros hidráulicos. Lábios simétricos a 45°. Fabricação PK Vedações, código PKG.2321.","Gaxeta de poliuretano (PU) tipo B com diâmetro interno de 93,72 mm, diâmetro externo de 106,42 mm e altura de 12,7 mm. Código PK Vedações PKG.2321. A referência de catálogo equivalente aparece em “Substitui / equivale a”.

O perfil tipo B tem lábios simétricos a 45° com chanfro, o que alinha a superfície de vedação com o centro do alojamento e aumenta a pré-carga do lábio. É o perfil indicado para a vedação de haste em cilindros hidráulicos, com comportamento estável em baixa e em alta pressão. O poliuretano oferece alta resistência à abrasão e à extrusão, o que prolonga a vida útil em relação às gaxetas tipo V e U de borracha nitrílica.

Como conferir a medida: diâmetro interno é o diâmetro da haste, diâmetro externo é o fundo do canal e altura é a largura do canal. Meça com paquímetro antes de pedir; a gaxeta precisa das três medidas iguais às do alojamento."
"pkg-1556-6-39403740-472","111","Gaxeta de poliuretano tipo B, 95 × 115 × 12 mm, para vedação de haste em cilindros hidráulicos. Lábios simétricos a 45°. Fabricação PK Vedações, código PKG.1556.","Gaxeta de poliuretano (PU) tipo B com diâmetro interno de 95 mm, diâmetro externo de 115 mm e altura de 12 mm. Código PK Vedações PKG.1556. A referência de catálogo equivalente aparece em “Substitui / equivale a”.

O perfil tipo B tem lábios simétricos a 45° com chanfro, o que alinha a superfície de vedação com o centro do alojamento e aumenta a pré-carga do lábio. É o perfil indicado para a vedação de haste em cilindros hidráulicos, com comportamento estável em baixa e em alta pressão. O poliuretano oferece alta resistência à abrasão e à extrusão, o que prolonga a vida útil em relação às gaxetas tipo V e U de borracha nitrílica.

Como conferir a medida: diâmetro interno é o diâmetro da haste, diâmetro externo é o fundo do canal e altura é a largura do canal. Meça com paquímetro antes de pedir; a gaxeta precisa das três medidas iguais às do alojamento."
"pkg-1582-12500375-250","111","Gaxeta de poliuretano tipo B, 9,52 × 15,87 × 6,35 mm, para vedação de haste em cilindros hidráulicos. Lábios simétricos a 45°. Fabricação PK Vedações, código PKG.1582.","Gaxeta de poliuretano (PU) tipo B com diâmetro interno de 9,52 mm, diâmetro externo de 15,87 mm e altura de 6,35 mm. Código PK Vedações PKG.1582. A referência de catálogo equivalente aparece em “Substitui / equivale a”.

O perfil tipo B tem lábios simétricos a 45° com chanfro, o que alinha a superfície de vedação com o centro do alojamento e aumenta a pré-carga do lábio. É o perfil indicado para a vedação de haste em cilindros hidráulicos, com comportamento estável em baixa e em alta pressão. O poliuretano oferece alta resistência à abrasão e à extrusão, o que prolonga a vida útil em relação às gaxetas tipo V e U de borracha nitrílica.

Como conferir a medida: diâmetro interno é o diâmetro da haste, diâmetro externo é o fundo do canal e altura é a largura do canal. Meça com paquímetro antes de pedir; a gaxeta precisa das três medidas iguais às do alojamento."
"pkg-1302-18700375-312","111","Gaxeta de poliuretano tipo B, 9,52 × 19,05 × 7,93 mm, para vedação de haste em cilindros hidráulicos. Lábios simétricos a 45°. Fabricação PK Vedações, código PKG.1302.","Gaxeta de poliuretano (PU) tipo B com diâmetro interno de 9,52 mm, diâmetro externo de 19,05 mm e altura de 7,93 mm. Código PK Vedações PKG.1302. A referência de catálogo equivalente aparece em “Substitui / equivale a”.

O perfil tipo B tem lábios simétricos a 45° com chanfro, o que alinha a superfície de vedação com o centro do alojamento e aumenta a pré-carga do lábio. É o perfil indicado para a vedação de haste em cilindros hidráulicos, com comportamento estável em baixa e em alta pressão. O poliuretano oferece alta resistência à abrasão e à extrusão, o que prolonga a vida útil em relação às gaxetas tipo V e U de borracha nitrílica.

Como conferir a medida: diâmetro interno é o diâmetro da haste, diâmetro externo é o fundo do canal e altura é a largura do canal. Meça com paquímetro antes de pedir; a gaxeta precisa das três medidas iguais às do alojamento."
"pkg-0793-18703750-375","111","Gaxeta de poliuretano tipo B, 95,25 × 104,77 × 9,52 mm, para vedação de haste em cilindros hidráulicos. Lábios simétricos a 45°. Fabricação PK Vedações, código PKG.0793.","Gaxeta de poliuretano (PU) tipo B com diâmetro interno de 95,25 mm, diâmetro externo de 104,77 mm e altura de 9,52 mm. Código PK Vedações PKG.0793. A referência de catálogo equivalente aparece em “Substitui / equivale a”.

O perfil tipo B tem lábios simétricos a 45° com chanfro, o que alinha a superfície de vedação com o centro do alojamento e aumenta a pré-carga do lábio. É o perfil indicado para a vedação de haste em cilindros hidráulicos, com comportamento estável em baixa e em alta pressão. O poliuretano oferece alta resistência à abrasão e à extrusão, o que prolonga a vida útil em relação às gaxetas tipo V e U de borracha nitrílica.

Como conferir a medida: diâmetro interno é o diâmetro da haste, diâmetro externo é o fundo do canal e altura é a largura do canal. Meça com paquímetro antes de pedir; a gaxeta precisa das três medidas iguais às do alojamento."
"pkg-0544-25003750-500","111","Gaxeta de poliuretano tipo B, 95,25 × 107,95 × 12,7 mm, para vedação de haste em cilindros hidráulicos. Lábios simétricos a 45°. Fabricação PK Vedações, código PKG.0544.","Gaxeta de poliuretano (PU) tipo B com diâmetro interno de 95,25 mm, diâmetro externo de 107,95 mm e altura de 12,7 mm. Código PK Vedações PKG.0544. A referência de catálogo equivalente aparece em “Substitui / equivale a”.

O perfil tipo B tem lábios simétricos a 45° com chanfro, o que alinha a superfície de vedação com o centro do alojamento e aumenta a pré-carga do lábio. É o perfil indicado para a vedação de haste em cilindros hidráulicos, com comportamento estável em baixa e em alta pressão. O poliuretano oferece alta resistência à abrasão e à extrusão, o que prolonga a vida útil em relação às gaxetas tipo V e U de borracha nitrílica.

Como conferir a medida: diâmetro interno é o diâmetro da haste, diâmetro externo é o fundo do canal e altura é a largura do canal. Meça com paquímetro antes de pedir; a gaxeta precisa das três medidas iguais às do alojamento."
"pkg-1332-25003750-375","111","Gaxeta de poliuretano tipo B, 95,25 × 107,95 × 9,52 mm, para vedação de haste em cilindros hidráulicos. Lábios simétricos a 45°. Fabricação PK Vedações, código PKG.1332.","Gaxeta de poliuretano (PU) tipo B com diâmetro interno de 95,25 mm, diâmetro externo de 107,95 mm e altura de 9,52 mm. Código PK Vedações PKG.1332. A referência de catálogo equivalente aparece em “Substitui / equivale a”.

O perfil tipo B tem lábios simétricos a 45° com chanfro, o que alinha a superfície de vedação com o centro do alojamento e aumenta a pré-carga do lábio. É o perfil indicado para a vedação de haste em cilindros hidráulicos, com comportamento estável em baixa e em alta pressão. O poliuretano oferece alta resistência à abrasão e à extrusão, o que prolonga a vida útil em relação às gaxetas tipo V e U de borracha nitrílica.

Como conferir a medida: diâmetro interno é o diâmetro da haste, diâmetro externo é o fundo do canal e altura é a largura do canal. Meça com paquímetro antes de pedir; a gaxeta precisa das três medidas iguais às do alojamento."
"pkg-1014-31203750-500","111","Gaxeta de poliuretano tipo B, 95,25 × 111,12 × 12,7 mm, para vedação de haste em cilindros hidráulicos. Lábios simétricos a 45°. Fabricação PK Vedações, código PKG.1014.","Gaxeta de poliuretano (PU) tipo B com diâmetro interno de 95,25 mm, diâmetro externo de 111,12 mm e altura de 12,7 mm. Código PK Vedações PKG.1014. A referência de catálogo equivalente aparece em “Substitui / equivale a”.

O perfil tipo B tem lábios simétricos a 45° com chanfro, o que alinha a superfície de vedação com o centro do alojamento e aumenta a pré-carga do lábio. É o perfil indicado para a vedação de haste em cilindros hidráulicos, com comportamento estável em baixa e em alta pressão. O poliuretano oferece alta resistência à abrasão e à extrusão, o que prolonga a vida útil em relação às gaxetas tipo V e U de borracha nitrílica.

Como conferir a medida: diâmetro interno é o diâmetro da haste, diâmetro externo é o fundo do canal e altura é a largura do canal. Meça com paquímetro antes de pedir; a gaxeta precisa das três medidas iguais às do alojamento."
"pkg-0864-37503750-625","111","Gaxeta de poliuretano tipo B, 95,25 × 114,28 × 15,87 mm, para vedação de haste em cilindros hidráulicos. Lábios simétricos a 45°. Fabricação PK Vedações, código PKG.0864.","Gaxeta de poliuretano (PU) tipo B com diâmetro interno de 95,25 mm, diâmetro externo de 114,28 mm e altura de 15,87 mm. Código PK Vedações PKG.0864. A referência de catálogo equivalente aparece em “Substitui / equivale a”.

O perfil tipo B tem lábios simétricos a 45° com chanfro, o que alinha a superfície de vedação com o centro do alojamento e aumenta a pré-carga do lábio. É o perfil indicado para a vedação de haste em cilindros hidráulicos, com comportamento estável em baixa e em alta pressão. O poliuretano oferece alta resistência à abrasão e à extrusão, o que prolonga a vida útil em relação às gaxetas tipo V e U de borracha nitrílica.

Como conferir a medida: diâmetro interno é o diâmetro da haste, diâmetro externo é o fundo do canal e altura é a largura do canal. Meça com paquímetro antes de pedir; a gaxeta precisa das três medidas iguais às do alojamento."
"pkg-0821-6-27503858-413","111","Gaxeta de poliuretano tipo B, 98 × 112 × 10,5 mm, para vedação de haste em cilindros hidráulicos. Lábios simétricos a 45°. Fabricação PK Vedações, código PKG.0821.","Gaxeta de poliuretano (PU) tipo B com diâmetro interno de 98 mm, diâmetro externo de 112 mm e altura de 10,5 mm. Código PK Vedações PKG.0821. A referência de catálogo equivalente aparece em “Substitui / equivale a”.

O perfil tipo B tem lábios simétricos a 45° com chanfro, o que alinha a superfície de vedação com o centro do alojamento e aumenta a pré-carga do lábio. É o perfil indicado para a vedação de haste em cilindros hidráulicos, com comportamento estável em baixa e em alta pressão. O poliuretano oferece alta resistência à abrasão e à extrusão, o que prolonga a vida útil em relação às gaxetas tipo V e U de borracha nitrílica.

Como conferir a medida: diâmetro interno é o diâmetro da haste, diâmetro externo é o fundo do canal e altura é a largura do canal. Meça com paquímetro antes de pedir; a gaxeta precisa das três medidas iguais às do alojamento."
"pkg-1250-25003875-375","111","Gaxeta de poliuretano tipo B, 98,42 × 111,12 × 9,52 mm, para vedação de haste em cilindros hidráulicos. Lábios simétricos a 45°. Fabricação PK Vedações, código PKG.1250.","Gaxeta de poliuretano (PU) tipo B com diâmetro interno de 98,42 mm, diâmetro externo de 111,12 mm e altura de 9,52 mm. Código PK Vedações PKG.1250. A referência de catálogo equivalente aparece em “Substitui / equivale a”.

O perfil tipo B tem lábios simétricos a 45° com chanfro, o que alinha a superfície de vedação com o centro do alojamento e aumenta a pré-carga do lábio. É o perfil indicado para a vedação de haste em cilindros hidráulicos, com comportamento estável em baixa e em alta pressão. O poliuretano oferece alta resistência à abrasão e à extrusão, o que prolonga a vida útil em relação às gaxetas tipo V e U de borracha nitrílica.

Como conferir a medida: diâmetro interno é o diâmetro da haste, diâmetro externo é o fundo do canal e altura é a largura do canal. Meça com paquímetro antes de pedir; a gaxeta precisa das três medidas iguais às do alojamento."
"pkg-1703-31203875-500","111","Gaxeta de poliuretano tipo B, 98,42 × 114,28 × 12,7 mm, para vedação de haste em cilindros hidráulicos. Lábios simétricos a 45°. Fabricação PK Vedações, código PKG.1703.","Gaxeta de poliuretano (PU) tipo B com diâmetro interno de 98,42 mm, diâmetro externo de 114,28 mm e altura de 12,7 mm. Código PK Vedações PKG.1703. A referência de catálogo equivalente aparece em “Substitui / equivale a”.

O perfil tipo B tem lábios simétricos a 45° com chanfro, o que alinha a superfície de vedação com o centro do alojamento e aumenta a pré-carga do lábio. É o perfil indicado para a vedação de haste em cilindros hidráulicos, com comportamento estável em baixa e em alta pressão. O poliuretano oferece alta resistência à abrasão e à extrusão, o que prolonga a vida útil em relação às gaxetas tipo V e U de borracha nitrílica.

Como conferir a medida: diâmetro interno é o diâmetro da haste, diâmetro externo é o fundo do canal e altura é a largura do canal. Meça com paquímetro antes de pedir; a gaxeta precisa das três medidas iguais às do alojamento."
"pkg-0136-37503875-625","111","Gaxeta de poliuretano tipo B, 98,42 × 117,46 × 15,87 mm, para vedação de haste em cilindros hidráulicos. Lábios simétricos a 45°. Fabricação PK Vedações, código PKG.0136.","Gaxeta de poliuretano (PU) tipo B com diâmetro interno de 98,42 mm, diâmetro externo de 117,46 mm e altura de 15,87 mm. Código PK Vedações PKG.0136. A referência de catálogo equivalente aparece em “Substitui / equivale a”.

O perfil tipo B tem lábios simétricos a 45° com chanfro, o que alinha a superfície de vedação com o centro do alojamento e aumenta a pré-carga do lábio. É o perfil indicado para a vedação de haste em cilindros hidráulicos, com comportamento estável em baixa e em alta pressão. O poliuretano oferece alta resistência à abrasão e à extrusão, o que prolonga a vida útil em relação às gaxetas tipo V e U de borracha nitrílica.

Como conferir a medida: diâmetro interno é o diâmetro da haste, diâmetro externo é o fundo do canal e altura é a largura do canal. Meça com paquímetro antes de pedir; a gaxeta precisa das três medidas iguais às do alojamento."
"pkg-2851-bs-6-15703937-439","111","Gaxeta de poliuretano tipo BS, 100 × 108 × 11,15 mm, de duplo contato com a haste, para vedação de haste sob pressão em cilindros hidráulicos. Fabricação PK Vedações, código PKG.2851.","Gaxeta de poliuretano (PU) tipo BS com diâmetro interno de 100 mm, diâmetro externo de 108 mm e altura de 11,15 mm. Código PK Vedações PKG.2851. A referência de catálogo equivalente aparece em “Substitui / equivale a”.

O perfil tipo BS tem duplo contato com a haste: dois pontos de vedação no mesmo anel, inteiramente em poliuretano. É aplicado principalmente na vedação de haste em condições de pressão, onde o segundo lábio controla o filme de óleo que sai com a haste e reforça a estanqueidade. O poliuretano dá alta resistência à abrasão e à extrusão.

Como conferir a medida: diâmetro interno é o diâmetro da haste, diâmetro externo é o fundo do canal e altura é a largura do canal. Meça com paquímetro antes de pedir; a gaxeta precisa das três medidas iguais às do alojamento."
"pkg-3148-bs-6-39403937-472","111","Gaxeta de poliuretano tipo BS, 100 × 120 × 12 mm, de duplo contato com a haste, para vedação de haste sob pressão em cilindros hidráulicos. Fabricação PK Vedações, código PKG.3148.","Gaxeta de poliuretano (PU) tipo BS com diâmetro interno de 100 mm, diâmetro externo de 120 mm e altura de 12 mm. Código PK Vedações PKG.3148. A referência de catálogo equivalente aparece em “Substitui / equivale a”.

O perfil tipo BS tem duplo contato com a haste: dois pontos de vedação no mesmo anel, inteiramente em poliuretano. É aplicado principalmente na vedação de haste em condições de pressão, onde o segundo lábio controla o filme de óleo que sai com a haste e reforça a estanqueidade. O poliuretano dá alta resistência à abrasão e à extrusão.

Como conferir a medida: diâmetro interno é o diâmetro da haste, diâmetro externo é o fundo do canal e altura é a largura do canal. Meça com paquímetro antes de pedir; a gaxeta precisa das três medidas iguais às do alojamento."
"pkg-0286-bs-6-18304212-314","111","Gaxeta de poliuretano tipo BS, 107 × 116,3 × 8 mm, de duplo contato com a haste, para vedação de haste sob pressão em cilindros hidráulicos. Fabricação PK Vedações, código PKG.0286.","Gaxeta de poliuretano (PU) tipo BS com diâmetro interno de 107 mm, diâmetro externo de 116,3 mm e altura de 8 mm. Código PK Vedações PKG.0286. A referência de catálogo equivalente aparece em “Substitui / equivale a”.

O perfil tipo BS tem duplo contato com a haste: dois pontos de vedação no mesmo anel, inteiramente em poliuretano. É aplicado principalmente na vedação de haste em condições de pressão, onde o segundo lábio controla o filme de óleo que sai com a haste e reforça a estanqueidade. O poliuretano dá alta resistência à abrasão e à extrusão.

Como conferir a medida: diâmetro interno é o diâmetro da haste, diâmetro externo é o fundo do canal e altura é a largura do canal. Meça com paquímetro antes de pedir; a gaxeta precisa das três medidas iguais às do alojamento."
"pkg-0235-bs-6-21254330-393","111","Gaxeta de poliuretano tipo BS, 110 × 120,9 × 10 mm, de duplo contato com a haste, para vedação de haste sob pressão em cilindros hidráulicos. Fabricação PK Vedações, código PKG.0235.","Gaxeta de poliuretano (PU) tipo BS com diâmetro interno de 110 mm, diâmetro externo de 120,9 mm e altura de 10 mm. Código PK Vedações PKG.0235. A referência de catálogo equivalente aparece em “Substitui / equivale a”.

O perfil tipo BS tem duplo contato com a haste: dois pontos de vedação no mesmo anel, inteiramente em poliuretano. É aplicado principalmente na vedação de haste em condições de pressão, onde o segundo lábio controla o filme de óleo que sai com a haste e reforça a estanqueidade. O poliuretano dá alta resistência à abrasão e à extrusão.

Como conferir a medida: diâmetro interno é o diâmetro da haste, diâmetro externo é o fundo do canal e altura é a largura do canal. Meça com paquímetro antes de pedir; a gaxeta precisa das três medidas iguais às do alojamento."
"pkg-3356-bs-6-15704370-452","111","Gaxeta de poliuretano tipo BS, 111 × 119 × 11,5 mm, de duplo contato com a haste, para vedação de haste sob pressão em cilindros hidráulicos. Fabricação PK Vedações, código PKG.3356.","Gaxeta de poliuretano (PU) tipo BS com diâmetro interno de 111 mm, diâmetro externo de 119 mm e altura de 11,5 mm. Código PK Vedações PKG.3356. A referência de catálogo equivalente aparece em “Substitui / equivale a”.

O perfil tipo BS tem duplo contato com a haste: dois pontos de vedação no mesmo anel, inteiramente em poliuretano. É aplicado principalmente na vedação de haste em condições de pressão, onde o segundo lábio controla o filme de óleo que sai com a haste e reforça a estanqueidade. O poliuretano dá alta resistência à abrasão e à extrusão.

Como conferir a medida: diâmetro interno é o diâmetro da haste, diâmetro externo é o fundo do canal e altura é a largura do canal. Meça com paquímetro antes de pedir; a gaxeta precisa das três medidas iguais às do alojamento."
"pkg-0379-bs-18704500-375","111","Gaxeta de poliuretano tipo BS, 114,3 × 123,82 × 9,52 mm, de duplo contato com a haste, para vedação de haste sob pressão em cilindros hidráulicos. Fabricação PK Vedações, código PKG.0379.","Gaxeta de poliuretano (PU) tipo BS com diâmetro interno de 114,3 mm, diâmetro externo de 123,82 mm e altura de 9,52 mm. Código PK Vedações PKG.0379. A referência de catálogo equivalente aparece em “Substitui / equivale a”.

O perfil tipo BS tem duplo contato com a haste: dois pontos de vedação no mesmo anel, inteiramente em poliuretano. É aplicado principalmente na vedação de haste em condições de pressão, onde o segundo lábio controla o filme de óleo que sai com a haste e reforça a estanqueidade. O poliuretano dá alta resistência à abrasão e à extrusão.

Como conferir a medida: diâmetro interno é o diâmetro da haste, diâmetro externo é o fundo do canal e altura é a largura do canal. Meça com paquímetro antes de pedir; a gaxeta precisa das três medidas iguais às do alojamento."
"pkg-0388-bs-6-21254692-393","111","Gaxeta de poliuretano tipo BS, 119,2 × 130 × 10 mm, de duplo contato com a haste, para vedação de haste sob pressão em cilindros hidráulicos. Fabricação PK Vedações, código PKG.0388.","Gaxeta de poliuretano (PU) tipo BS com diâmetro interno de 119,2 mm, diâmetro externo de 130 mm e altura de 10 mm. Código PK Vedações PKG.0388. A referência de catálogo equivalente aparece em “Substitui / equivale a”.

O perfil tipo BS tem duplo contato com a haste: dois pontos de vedação no mesmo anel, inteiramente em poliuretano. É aplicado principalmente na vedação de haste em condições de pressão, onde o segundo lábio controla o filme de óleo que sai com a haste e reforça a estanqueidade. O poliuretano dá alta resistência à abrasão e à extrusão.

Como conferir a medida: diâmetro interno é o diâmetro da haste, diâmetro externo é o fundo do canal e altura é a largura do canal. Meça com paquímetro antes de pedir; a gaxeta precisa das três medidas iguais às do alojamento."
"pkg-3209-bs-6-15704724-470","111","Gaxeta de poliuretano tipo BS, 120 × 128 × 11,7 mm, de duplo contato com a haste, para vedação de haste sob pressão em cilindros hidráulicos. Fabricação PK Vedações, código PKG.3209.","Gaxeta de poliuretano (PU) tipo BS com diâmetro interno de 120 mm, diâmetro externo de 128 mm e altura de 11,7 mm. Código PK Vedações PKG.3209. A referência de catálogo equivalente aparece em “Substitui / equivale a”.

O perfil tipo BS tem duplo contato com a haste: dois pontos de vedação no mesmo anel, inteiramente em poliuretano. É aplicado principalmente na vedação de haste em condições de pressão, onde o segundo lábio controla o filme de óleo que sai com a haste e reforça a estanqueidade. O poliuretano dá alta resistência à abrasão e à extrusão.

Como conferir a medida: diâmetro interno é o diâmetro da haste, diâmetro externo é o fundo do canal e altura é a largura do canal. Meça com paquímetro antes de pedir; a gaxeta precisa das três medidas iguais às do alojamento."
"pkg-2649-bs-6-19704724-563","111","Gaxeta de poliuretano tipo BS, 120 × 130 × 14,3 mm, de duplo contato com a haste, para vedação de haste sob pressão em cilindros hidráulicos. Fabricação PK Vedações, código PKG.2649.","Gaxeta de poliuretano (PU) tipo BS com diâmetro interno de 120 mm, diâmetro externo de 130 mm e altura de 14,3 mm. Código PK Vedações PKG.2649. A referência de catálogo equivalente aparece em “Substitui / equivale a”.

O perfil tipo BS tem duplo contato com a haste: dois pontos de vedação no mesmo anel, inteiramente em poliuretano. É aplicado principalmente na vedação de haste em condições de pressão, onde o segundo lábio controla o filme de óleo que sai com a haste e reforça a estanqueidade. O poliuretano dá alta resistência à abrasão e à extrusão.

Como conferir a medida: diâmetro interno é o diâmetro da haste, diâmetro externo é o fundo do canal e altura é a largura do canal. Meça com paquímetro antes de pedir; a gaxeta precisa das três medidas iguais às do alojamento."
"pkg-3132-bs-6-29504724-591","111","Gaxeta de poliuretano tipo BS, 120 × 135 × 15 mm, de duplo contato com a haste, para vedação de haste sob pressão em cilindros hidráulicos. Fabricação PK Vedações, código PKG.3132.","Gaxeta de poliuretano (PU) tipo BS com diâmetro interno de 120 mm, diâmetro externo de 135 mm e altura de 15 mm. Código PK Vedações PKG.3132. A referência de catálogo equivalente aparece em “Substitui / equivale a”.

O perfil tipo BS tem duplo contato com a haste: dois pontos de vedação no mesmo anel, inteiramente em poliuretano. É aplicado principalmente na vedação de haste em condições de pressão, onde o segundo lábio controla o filme de óleo que sai com a haste e reforça a estanqueidade. O poliuretano dá alta resistência à abrasão e à extrusão.

Como conferir a medida: diâmetro interno é o diâmetro da haste, diâmetro externo é o fundo do canal e altura é a largura do canal. Meça com paquímetro antes de pedir; a gaxeta precisa das três medidas iguais às do alojamento."
"pkg-3309-bs-6-29504921-354","111","Gaxeta de poliuretano tipo BS, 125 × 140 × 9 mm, de duplo contato com a haste, para vedação de haste sob pressão em cilindros hidráulicos. Fabricação PK Vedações, código PKG.3309.","Gaxeta de poliuretano (PU) tipo BS com diâmetro interno de 125 mm, diâmetro externo de 140 mm e altura de 9 mm. Código PK Vedações PKG.3309. A referência de catálogo equivalente aparece em “Substitui / equivale a”.

O perfil tipo BS tem duplo contato com a haste: dois pontos de vedação no mesmo anel, inteiramente em poliuretano. É aplicado principalmente na vedação de haste em condições de pressão, onde o segundo lábio controla o filme de óleo que sai com a haste e reforça a estanqueidade. O poliuretano dá alta resistência à abrasão e à extrusão.

Como conferir a medida: diâmetro interno é o diâmetro da haste, diâmetro externo é o fundo do canal e altura é a largura do canal. Meça com paquímetro antes de pedir; a gaxeta precisa das três medidas iguais às do alojamento."
"pkg-0287-bs-6-18304960-314","111","Gaxeta de poliuretano tipo BS, 126 × 135,3 × 8 mm, de duplo contato com a haste, para vedação de haste sob pressão em cilindros hidráulicos. Fabricação PK Vedações, código PKG.0287.","Gaxeta de poliuretano (PU) tipo BS com diâmetro interno de 126 mm, diâmetro externo de 135,3 mm e altura de 8 mm. Código PK Vedações PKG.0287. A referência de catálogo equivalente aparece em “Substitui / equivale a”.

O perfil tipo BS tem duplo contato com a haste: dois pontos de vedação no mesmo anel, inteiramente em poliuretano. É aplicado principalmente na vedação de haste em condições de pressão, onde o segundo lábio controla o filme de óleo que sai com a haste e reforça a estanqueidade. O poliuretano dá alta resistência à abrasão e à extrusão.

Como conferir a medida: diâmetro interno é o diâmetro da haste, diâmetro externo é o fundo do canal e altura é a largura do canal. Meça com paquímetro antes de pedir; a gaxeta precisa das três medidas iguais às do alojamento."
"pkg-3306-bs-6-19704980-264","111","Gaxeta de poliuretano tipo BS, 126,5 × 136,5 × 6,7 mm, de duplo contato com a haste, para vedação de haste sob pressão em cilindros hidráulicos. Fabricação PK Vedações, código PKG.3306.","Gaxeta de poliuretano (PU) tipo BS com diâmetro interno de 126,5 mm, diâmetro externo de 136,5 mm e altura de 6,7 mm. Código PK Vedações PKG.3306. A referência de catálogo equivalente aparece em “Substitui / equivale a”.

O perfil tipo BS tem duplo contato com a haste: dois pontos de vedação no mesmo anel, inteiramente em poliuretano. É aplicado principalmente na vedação de haste em condições de pressão, onde o segundo lábio controla o filme de óleo que sai com a haste e reforça a estanqueidade. O poliuretano dá alta resistência à abrasão e à extrusão.

Como conferir a medida: diâmetro interno é o diâmetro da haste, diâmetro externo é o fundo do canal e altura é a largura do canal. Meça com paquímetro antes de pedir; a gaxeta precisa das três medidas iguais às do alojamento."
"pkg-3226-bs-6-12500500-177","111","Gaxeta de poliuretano tipo BS, 12,7 × 19,05 × 4,5 mm, de duplo contato com a haste, para vedação de haste sob pressão em cilindros hidráulicos. Fabricação PK Vedações, código PKG.3226.","Gaxeta de poliuretano (PU) tipo BS com diâmetro interno de 12,7 mm, diâmetro externo de 19,05 mm e altura de 4,5 mm. Código PK Vedações PKG.3226. A referência de catálogo equivalente aparece em “Substitui / equivale a”.

O perfil tipo BS tem duplo contato com a haste: dois pontos de vedação no mesmo anel, inteiramente em poliuretano. É aplicado principalmente na vedação de haste em condições de pressão, onde o segundo lábio controla o filme de óleo que sai com a haste e reforça a estanqueidade. O poliuretano dá alta resistência à abrasão e à extrusão.

Como conferir a medida: diâmetro interno é o diâmetro da haste, diâmetro externo é o fundo do canal e altura é a largura do canal. Meça com paquímetro antes de pedir; a gaxeta precisa das três medidas iguais às do alojamento."
"pkg-0236-bs-6-22445078-393","111","Gaxeta de poliuretano tipo BS, 129 × 140,4 × 10 mm, de duplo contato com a haste, para vedação de haste sob pressão em cilindros hidráulicos. Fabricação PK Vedações, código PKG.0236.","Gaxeta de poliuretano (PU) tipo BS com diâmetro interno de 129 mm, diâmetro externo de 140,4 mm e altura de 10 mm. Código PK Vedações PKG.0236. A referência de catálogo equivalente aparece em “Substitui / equivale a”.

O perfil tipo BS tem duplo contato com a haste: dois pontos de vedação no mesmo anel, inteiramente em poliuretano. É aplicado principalmente na vedação de haste em condições de pressão, onde o segundo lábio controla o filme de óleo que sai com a haste e reforça a estanqueidade. O poliuretano dá alta resistência à abrasão e à extrusão.

Como conferir a medida: diâmetro interno é o diâmetro da haste, diâmetro externo é o fundo do canal e altura é a largura do canal. Meça com paquímetro antes de pedir; a gaxeta precisa das três medidas iguais às do alojamento."
"pkg-3357-bs-6-15705118-452","111","Gaxeta de poliuretano tipo BS, 130 × 138 × 11,5 mm, de duplo contato com a haste, para vedação de haste sob pressão em cilindros hidráulicos. Fabricação PK Vedações, código PKG.3357.","Gaxeta de poliuretano (PU) tipo BS com diâmetro interno de 130 mm, diâmetro externo de 138 mm e altura de 11,5 mm. Código PK Vedações PKG.3357. A referência de catálogo equivalente aparece em “Substitui / equivale a”.

O perfil tipo BS tem duplo contato com a haste: dois pontos de vedação no mesmo anel, inteiramente em poliuretano. É aplicado principalmente na vedação de haste em condições de pressão, onde o segundo lábio controla o filme de óleo que sai com a haste e reforça a estanqueidade. O poliuretano dá alta resistência à abrasão e à extrusão.

Como conferir a medida: diâmetro interno é o diâmetro da haste, diâmetro externo é o fundo do canal e altura é a largura do canal. Meça com paquímetro antes de pedir; a gaxeta precisa das três medidas iguais às do alojamento."
"pkg-2680-bs-6-31205250-630","111","Gaxeta de poliuretano tipo BS, 133,35 × 149,22 × 16 mm, de duplo contato com a haste, para vedação de haste sob pressão em cilindros hidráulicos. Fabricação PK Vedações, código PKG.2680.","Gaxeta de poliuretano (PU) tipo BS com diâmetro interno de 133,35 mm, diâmetro externo de 149,22 mm e altura de 16 mm. Código PK Vedações PKG.2680. A referência de catálogo equivalente aparece em “Substitui / equivale a”.

O perfil tipo BS tem duplo contato com a haste: dois pontos de vedação no mesmo anel, inteiramente em poliuretano. É aplicado principalmente na vedação de haste em condições de pressão, onde o segundo lábio controla o filme de óleo que sai com a haste e reforça a estanqueidade. O poliuretano dá alta resistência à abrasão e à extrusão.

Como conferir a medida: diâmetro interno é o diâmetro da haste, diâmetro externo é o fundo do canal e altura é a largura do canal. Meça com paquímetro antes de pedir; a gaxeta precisa das três medidas iguais às do alojamento."
"pkg-3307-bs-6-19705354-264","111","Gaxeta de poliuretano tipo BS, 136 × 146 × 6,7 mm, de duplo contato com a haste, para vedação de haste sob pressão em cilindros hidráulicos. Fabricação PK Vedações, código PKG.3307.","Gaxeta de poliuretano (PU) tipo BS com diâmetro interno de 136 mm, diâmetro externo de 146 mm e altura de 6,7 mm. Código PK Vedações PKG.3307. A referência de catálogo equivalente aparece em “Substitui / equivale a”.

O perfil tipo BS tem duplo contato com a haste: dois pontos de vedação no mesmo anel, inteiramente em poliuretano. É aplicado principalmente na vedação de haste em condições de pressão, onde o segundo lábio controla o filme de óleo que sai com a haste e reforça a estanqueidade. O poliuretano dá alta resistência à abrasão e à extrusão.

Como conferir a medida: diâmetro interno é o diâmetro da haste, diâmetro externo é o fundo do canal e altura é a largura do canal. Meça com paquímetro antes de pedir; a gaxeta precisa das três medidas iguais às do alojamento."
"pkg-0389-bs-6-24255440-393","111","Gaxeta de poliuretano tipo BS, 138,2 × 149 × 10 mm, de duplo contato com a haste, para vedação de haste sob pressão em cilindros hidráulicos. Fabricação PK Vedações, código PKG.0389.","Gaxeta de poliuretano (PU) tipo BS com diâmetro interno de 138,2 mm, diâmetro externo de 149 mm e altura de 10 mm. Código PK Vedações PKG.0389. A referência de catálogo equivalente aparece em “Substitui / equivale a”.

O perfil tipo BS tem duplo contato com a haste: dois pontos de vedação no mesmo anel, inteiramente em poliuretano. É aplicado principalmente na vedação de haste em condições de pressão, onde o segundo lábio controla o filme de óleo que sai com a haste e reforça a estanqueidade. O poliuretano dá alta resistência à abrasão e à extrusão.

Como conferir a medida: diâmetro interno é o diâmetro da haste, diâmetro externo é o fundo do canal e altura é a largura do canal. Meça com paquímetro antes de pedir; a gaxeta precisa das três medidas iguais às do alojamento."
"pkg-0427-bs-18705500-375","111","Gaxeta de poliuretano tipo BS, 139,7 × 149,22 × 9,52 mm, de duplo contato com a haste, para vedação de haste sob pressão em cilindros hidráulicos. Fabricação PK Vedações, código PKG.0427.","Gaxeta de poliuretano (PU) tipo BS com diâmetro interno de 139,7 mm, diâmetro externo de 149,22 mm e altura de 9,52 mm. Código PK Vedações PKG.0427. A referência de catálogo equivalente aparece em “Substitui / equivale a”.

O perfil tipo BS tem duplo contato com a haste: dois pontos de vedação no mesmo anel, inteiramente em poliuretano. É aplicado principalmente na vedação de haste em condições de pressão, onde o segundo lábio controla o filme de óleo que sai com a haste e reforça a estanqueidade. O poliuretano dá alta resistência à abrasão e à extrusão.

Como conferir a medida: diâmetro interno é o diâmetro da haste, diâmetro externo é o fundo do canal e altura é a largura do canal. Meça com paquímetro antes de pedir; a gaxeta precisa das três medidas iguais às do alojamento."
"pkg-2651-bs-6-19705551-563","111","Gaxeta de poliuretano tipo BS, 141 × 151 × 14,3 mm, de duplo contato com a haste, para vedação de haste sob pressão em cilindros hidráulicos. Fabricação PK Vedações, código PKG.2651.","Gaxeta de poliuretano (PU) tipo BS com diâmetro interno de 141 mm, diâmetro externo de 151 mm e altura de 14,3 mm. Código PK Vedações PKG.2651. A referência de catálogo equivalente aparece em “Substitui / equivale a”.

O perfil tipo BS tem duplo contato com a haste: dois pontos de vedação no mesmo anel, inteiramente em poliuretano. É aplicado principalmente na vedação de haste em condições de pressão, onde o segundo lábio controla o filme de óleo que sai com a haste e reforça a estanqueidade. O poliuretano dá alta resistência à abrasão e à extrusão.

Como conferir a medida: diâmetro interno é o diâmetro da haste, diâmetro externo é o fundo do canal e altura é a largura do canal. Meça com paquímetro antes de pedir; a gaxeta precisa das três medidas iguais às do alojamento."
"pkg-0288-bs-6-18305708-314","111","Gaxeta de poliuretano tipo BS, 145 × 154,3 × 8 mm, de duplo contato com a haste, para vedação de haste sob pressão em cilindros hidráulicos. Fabricação PK Vedações, código PKG.0288.","Gaxeta de poliuretano (PU) tipo BS com diâmetro interno de 145 mm, diâmetro externo de 154,3 mm e altura de 8 mm. Código PK Vedações PKG.0288. A referência de catálogo equivalente aparece em “Substitui / equivale a”.

O perfil tipo BS tem duplo contato com a haste: dois pontos de vedação no mesmo anel, inteiramente em poliuretano. É aplicado principalmente na vedação de haste em condições de pressão, onde o segundo lábio controla o filme de óleo que sai com a haste e reforça a estanqueidade. O poliuretano dá alta resistência à abrasão e à extrusão.

Como conferir a medida: diâmetro interno é o diâmetro da haste, diâmetro externo é o fundo do canal e altura é a largura do canal. Meça com paquímetro antes de pedir; a gaxeta precisa das três medidas iguais às do alojamento."
"pkg-3358-bs-6-19705867-511","111","Gaxeta de poliuretano tipo BS, 149 × 159 × 13 mm, de duplo contato com a haste, para vedação de haste sob pressão em cilindros hidráulicos. Fabricação PK Vedações, código PKG.3358.","Gaxeta de poliuretano (PU) tipo BS com diâmetro interno de 149 mm, diâmetro externo de 159 mm e altura de 13 mm. Código PK Vedações PKG.3358. A referência de catálogo equivalente aparece em “Substitui / equivale a”.

O perfil tipo BS tem duplo contato com a haste: dois pontos de vedação no mesmo anel, inteiramente em poliuretano. É aplicado principalmente na vedação de haste em condições de pressão, onde o segundo lábio controla o filme de óleo que sai com a haste e reforça a estanqueidade. O poliuretano dá alta resistência à abrasão e à extrusão.

Como conferir a medida: diâmetro interno é o diâmetro da haste, diâmetro externo é o fundo do canal e altura é a largura do canal. Meça com paquímetro antes de pedir; a gaxeta precisa das três medidas iguais às do alojamento."
"pkg-0237-bs-6-22445866-393","111","Gaxeta de poliuretano tipo BS, 149 × 160,3 × 10 mm, de duplo contato com a haste, para vedação de haste sob pressão em cilindros hidráulicos. Fabricação PK Vedações, código PKG.0237.","Gaxeta de poliuretano (PU) tipo BS com diâmetro interno de 149 mm, diâmetro externo de 160,3 mm e altura de 10 mm. Código PK Vedações PKG.0237. A referência de catálogo equivalente aparece em “Substitui / equivale a”.

O perfil tipo BS tem duplo contato com a haste: dois pontos de vedação no mesmo anel, inteiramente em poliuretano. É aplicado principalmente na vedação de haste em condições de pressão, onde o segundo lábio controla o filme de óleo que sai com a haste e reforça a estanqueidade. O poliuretano dá alta resistência à abrasão e à extrusão.

Como conferir a medida: diâmetro interno é o diâmetro da haste, diâmetro externo é o fundo do canal e altura é a largura do canal. Meça com paquímetro antes de pedir; a gaxeta precisa das três medidas iguais às do alojamento."
"pkg-0321-bs-6-15700590-236","111","Gaxeta de poliuretano tipo BS, 15 × 23 × 6 mm, de duplo contato com a haste, para vedação de haste sob pressão em cilindros hidráulicos. Fabricação PK Vedações, código PKG.0321.","Gaxeta de poliuretano (PU) tipo BS com diâmetro interno de 15 mm, diâmetro externo de 23 mm e altura de 6 mm. Código PK Vedações PKG.0321. A referência de catálogo equivalente aparece em “Substitui / equivale a”.

O perfil tipo BS tem duplo contato com a haste: dois pontos de vedação no mesmo anel, inteiramente em poliuretano. É aplicado principalmente na vedação de haste em condições de pressão, onde o segundo lábio controla o filme de óleo que sai com a haste e reforça a estanqueidade. O poliuretano dá alta resistência à abrasão e à extrusão.

Como conferir a medida: diâmetro interno é o diâmetro da haste, diâmetro externo é o fundo do canal e altura é a largura do canal. Meça com paquímetro antes de pedir; a gaxeta precisa das três medidas iguais às do alojamento."
"pkg-0172-bs-50006000-625","111","Gaxeta de poliuretano tipo BS, 152,4 × 173,5 × 15,87 mm, de duplo contato com a haste, para vedação de haste sob pressão em cilindros hidráulicos. Fabricação PK Vedações, código PKG.0172.","Gaxeta de poliuretano (PU) tipo BS com diâmetro interno de 152,4 mm, diâmetro externo de 173,5 mm e altura de 15,87 mm. Código PK Vedações PKG.0172. A referência de catálogo equivalente aparece em “Substitui / equivale a”.

O perfil tipo BS tem duplo contato com a haste: dois pontos de vedação no mesmo anel, inteiramente em poliuretano. É aplicado principalmente na vedação de haste em condições de pressão, onde o segundo lábio controla o filme de óleo que sai com a haste e reforça a estanqueidade. O poliuretano dá alta resistência à abrasão e à extrusão.

Como conferir a medida: diâmetro interno é o diâmetro da haste, diâmetro externo é o fundo do canal e altura é a largura do canal. Meça com paquímetro antes de pedir; a gaxeta precisa das três medidas iguais às do alojamento."
"pkg-0376-bs-12500625-250","111","Gaxeta de poliuretano tipo BS, 15,87 × 22,22 × 6,35 mm, de duplo contato com a haste, para vedação de haste sob pressão em cilindros hidráulicos. Fabricação PK Vedações, código PKG.0376.","Gaxeta de poliuretano (PU) tipo BS com diâmetro interno de 15,87 mm, diâmetro externo de 22,22 mm e altura de 6,35 mm. Código PK Vedações PKG.0376. A referência de catálogo equivalente aparece em “Substitui / equivale a”.

O perfil tipo BS tem duplo contato com a haste: dois pontos de vedação no mesmo anel, inteiramente em poliuretano. É aplicado principalmente na vedação de haste em condições de pressão, onde o segundo lábio controla o filme de óleo que sai com a haste e reforça a estanqueidade. O poliuretano dá alta resistência à abrasão e à extrusão.

Como conferir a medida: diâmetro interno é o diâmetro da haste, diâmetro externo é o fundo do canal e altura é a largura do canal. Meça com paquímetro antes de pedir; a gaxeta precisa das três medidas iguais às do alojamento."
"pkg-3310-bs-6-25006250-500","111","Gaxeta de poliuretano tipo BS, 158,75 × 171,45 × 12,7 mm, de duplo contato com a haste, para vedação de haste sob pressão em cilindros hidráulicos. Fabricação PK Vedações, código PKG.3310.","Gaxeta de poliuretano (PU) tipo BS com diâmetro interno de 158,75 mm, diâmetro externo de 171,45 mm e altura de 12,7 mm. Código PK Vedações PKG.3310. A referência de catálogo equivalente aparece em “Substitui / equivale a”.

O perfil tipo BS tem duplo contato com a haste: dois pontos de vedação no mesmo anel, inteiramente em poliuretano. É aplicado principalmente na vedação de haste em condições de pressão, onde o segundo lábio controla o filme de óleo que sai com a haste e reforça a estanqueidade. O poliuretano dá alta resistência à abrasão e à extrusão.

Como conferir a medida: diâmetro interno é o diâmetro da haste, diâmetro externo é o fundo do canal e altura é a largura do canal. Meça com paquímetro antes de pedir; a gaxeta precisa das três medidas iguais às do alojamento."
"pkg-0390-bs-6-23806268-425","111","Gaxeta de poliuretano tipo BS, 159,2 × 171,3 × 10,8 mm, de duplo contato com a haste, para vedação de haste sob pressão em cilindros hidráulicos. Fabricação PK Vedações, código PKG.0390.","Gaxeta de poliuretano (PU) tipo BS com diâmetro interno de 159,2 mm, diâmetro externo de 171,3 mm e altura de 10,8 mm. Código PK Vedações PKG.0390. A referência de catálogo equivalente aparece em “Substitui / equivale a”.

O perfil tipo BS tem duplo contato com a haste: dois pontos de vedação no mesmo anel, inteiramente em poliuretano. É aplicado principalmente na vedação de haste em condições de pressão, onde o segundo lábio controla o filme de óleo que sai com a haste e reforça a estanqueidade. O poliuretano dá alta resistência à abrasão e à extrusão.

Como conferir a medida: diâmetro interno é o diâmetro da haste, diâmetro externo é o fundo do canal e altura é a largura do canal. Meça com paquímetro antes de pedir; a gaxeta precisa das três medidas iguais às do alojamento."
"pkg-2854-bs-6-19706299-512","111","Gaxeta de poliuretano tipo BS, 160 × 170 × 13 mm, de duplo contato com a haste, para vedação de haste sob pressão em cilindros hidráulicos. Fabricação PK Vedações, código PKG.2854.","Gaxeta de poliuretano (PU) tipo BS com diâmetro interno de 160 mm, diâmetro externo de 170 mm e altura de 13 mm. Código PK Vedações PKG.2854. A referência de catálogo equivalente aparece em “Substitui / equivale a”.

O perfil tipo BS tem duplo contato com a haste: dois pontos de vedação no mesmo anel, inteiramente em poliuretano. É aplicado principalmente na vedação de haste em condições de pressão, onde o segundo lábio controla o filme de óleo que sai com a haste e reforça a estanqueidade. O poliuretano dá alta resistência à abrasão e à extrusão.

Como conferir a medida: diâmetro interno é o diâmetro da haste, diâmetro externo é o fundo do canal e altura é a largura do canal. Meça com paquímetro antes de pedir; a gaxeta precisa das três medidas iguais às do alojamento."
"pkg-3342-bs-6-09800630-157","111","Gaxeta de poliuretano tipo BS, 16 × 21 × 4 mm, de duplo contato com a haste, para vedação de haste sob pressão em cilindros hidráulicos. Fabricação PK Vedações, código PKG.3342.","Gaxeta de poliuretano (PU) tipo BS com diâmetro interno de 16 mm, diâmetro externo de 21 mm e altura de 4 mm. Código PK Vedações PKG.3342. A referência de catálogo equivalente aparece em “Substitui / equivale a”.

O perfil tipo BS tem duplo contato com a haste: dois pontos de vedação no mesmo anel, inteiramente em poliuretano. É aplicado principalmente na vedação de haste em condições de pressão, onde o segundo lábio controla o filme de óleo que sai com a haste e reforça a estanqueidade. O poliuretano dá alta resistência à abrasão e à extrusão.

Como conferir a medida: diâmetro interno é o diâmetro da haste, diâmetro externo é o fundo do canal e altura é a largura do canal. Meça com paquímetro antes de pedir; a gaxeta precisa das três medidas iguais às do alojamento."
"pkg-2650-bs-6-19706378-563","111","Gaxeta de poliuretano tipo BS, 162 × 172 × 14,3 mm, de duplo contato com a haste, para vedação de haste sob pressão em cilindros hidráulicos. Fabricação PK Vedações, código PKG.2650.","Gaxeta de poliuretano (PU) tipo BS com diâmetro interno de 162 mm, diâmetro externo de 172 mm e altura de 14,3 mm. Código PK Vedações PKG.2650. A referência de catálogo equivalente aparece em “Substitui / equivale a”.

O perfil tipo BS tem duplo contato com a haste: dois pontos de vedação no mesmo anel, inteiramente em poliuretano. É aplicado principalmente na vedação de haste em condições de pressão, onde o segundo lábio controla o filme de óleo que sai com a haste e reforça a estanqueidade. O poliuretano dá alta resistência à abrasão e à extrusão.

Como conferir a medida: diâmetro interno é o diâmetro da haste, diâmetro externo é o fundo do canal e altura é a largura do canal. Meça com paquímetro antes de pedir; a gaxeta precisa das três medidas iguais às do alojamento."
"pkg-3121-bs-6-15700630-228","111","Gaxeta de poliuretano tipo BS, 16 × 24 × 5,8 mm, de duplo contato com a haste, para vedação de haste sob pressão em cilindros hidráulicos. Fabricação PK Vedações, código PKG.3121.","Gaxeta de poliuretano (PU) tipo BS com diâmetro interno de 16 mm, diâmetro externo de 24 mm e altura de 5,8 mm. Código PK Vedações PKG.3121. A referência de catálogo equivalente aparece em “Substitui / equivale a”.

O perfil tipo BS tem duplo contato com a haste: dois pontos de vedação no mesmo anel, inteiramente em poliuretano. É aplicado principalmente na vedação de haste em condições de pressão, onde o segundo lábio controla o filme de óleo que sai com a haste e reforça a estanqueidade. O poliuretano dá alta resistência à abrasão e à extrusão.

Como conferir a medida: diâmetro interno é o diâmetro da haste, diâmetro externo é o fundo do canal e altura é a largura do canal. Meça com paquímetro antes de pedir; a gaxeta precisa das três medidas iguais às do alojamento."
"pkg-0289-bs-6-18306496-314","111","Gaxeta de poliuretano tipo BS, 165 × 174,3 × 8 mm, de duplo contato com a haste, para vedação de haste sob pressão em cilindros hidráulicos. Fabricação PK Vedações, código PKG.0289.","Gaxeta de poliuretano (PU) tipo BS com diâmetro interno de 165 mm, diâmetro externo de 174,3 mm e altura de 8 mm. Código PK Vedações PKG.0289. A referência de catálogo equivalente aparece em “Substitui / equivale a”.

O perfil tipo BS tem duplo contato com a haste: dois pontos de vedação no mesmo anel, inteiramente em poliuretano. É aplicado principalmente na vedação de haste em condições de pressão, onde o segundo lábio controla o filme de óleo que sai com a haste e reforça a estanqueidade. O poliuretano dá alta resistência à abrasão e à extrusão.

Como conferir a medida: diâmetro interno é o diâmetro da haste, diâmetro externo é o fundo do canal e altura é a largura do canal. Meça com paquímetro antes de pedir; a gaxeta precisa das três medidas iguais às do alojamento."
"pkg-3359-bs-6-19706614-511","111","Gaxeta de poliuretano tipo BS, 168 × 178 × 13 mm, de duplo contato com a haste, para vedação de haste sob pressão em cilindros hidráulicos. Fabricação PK Vedações, código PKG.3359.","Gaxeta de poliuretano (PU) tipo BS com diâmetro interno de 168 mm, diâmetro externo de 178 mm e altura de 13 mm. Código PK Vedações PKG.3359. A referência de catálogo equivalente aparece em “Substitui / equivale a”.

O perfil tipo BS tem duplo contato com a haste: dois pontos de vedação no mesmo anel, inteiramente em poliuretano. É aplicado principalmente na vedação de haste em condições de pressão, onde o segundo lábio controla o filme de óleo que sai com a haste e reforça a estanqueidade. O poliuretano dá alta resistência à abrasão e à extrusão.

Como conferir a medida: diâmetro interno é o diâmetro da haste, diâmetro externo é o fundo do canal e altura é a largura do canal. Meça com paquímetro antes de pedir; a gaxeta precisa das três medidas iguais às do alojamento."
"pkg-0238-bs-6-24016653-393","111","Gaxeta de poliuretano tipo BS, 169 × 181,2 × 10 mm, de duplo contato com a haste, para vedação de haste sob pressão em cilindros hidráulicos. Fabricação PK Vedações, código PKG.0238.","Gaxeta de poliuretano (PU) tipo BS com diâmetro interno de 169 mm, diâmetro externo de 181,2 mm e altura de 10 mm. Código PK Vedações PKG.0238. A referência de catálogo equivalente aparece em “Substitui / equivale a”.

O perfil tipo BS tem duplo contato com a haste: dois pontos de vedação no mesmo anel, inteiramente em poliuretano. É aplicado principalmente na vedação de haste em condições de pressão, onde o segundo lábio controla o filme de óleo que sai com a haste e reforça a estanqueidade. O poliuretano dá alta resistência à abrasão e à extrusão.

Como conferir a medida: diâmetro interno é o diâmetro da haste, diâmetro externo é o fundo do canal e altura é a largura do canal. Meça com paquímetro antes de pedir; a gaxeta precisa das três medidas iguais às do alojamento."
"pkg-0391-bs-6-23807094-425","111","Gaxeta de poliuretano tipo BS, 180,2 × 192,3 × 10,8 mm, de duplo contato com a haste, para vedação de haste sob pressão em cilindros hidráulicos. Fabricação PK Vedações, código PKG.0391.","Gaxeta de poliuretano (PU) tipo BS com diâmetro interno de 180,2 mm, diâmetro externo de 192,3 mm e altura de 10,8 mm. Código PK Vedações PKG.0391. A referência de catálogo equivalente aparece em “Substitui / equivale a”.

O perfil tipo BS tem duplo contato com a haste: dois pontos de vedação no mesmo anel, inteiramente em poliuretano. É aplicado principalmente na vedação de haste em condições de pressão, onde o segundo lábio controla o filme de óleo que sai com a haste e reforça a estanqueidade. O poliuretano dá alta resistência à abrasão e à extrusão.

Como conferir a medida: diâmetro interno é o diâmetro da haste, diâmetro externo é o fundo do canal e altura é a largura do canal. Meça com paquímetro antes de pedir; a gaxeta precisa das três medidas iguais às do alojamento."
"pkg-2853-bs-6-19707283-512","111","Gaxeta de poliuretano tipo BS, 185 × 195 × 13 mm, de duplo contato com a haste, para vedação de haste sob pressão em cilindros hidráulicos. Fabricação PK Vedações, código PKG.2853.","Gaxeta de poliuretano (PU) tipo BS com diâmetro interno de 185 mm, diâmetro externo de 195 mm e altura de 13 mm. Código PK Vedações PKG.2853. A referência de catálogo equivalente aparece em “Substitui / equivale a”.

O perfil tipo BS tem duplo contato com a haste: dois pontos de vedação no mesmo anel, inteiramente em poliuretano. É aplicado principalmente na vedação de haste em condições de pressão, onde o segundo lábio controla o filme de óleo que sai com a haste e reforça a estanqueidade. O poliuretano dá alta resistência à abrasão e à extrusão.

Como conferir a medida: diâmetro interno é o diâmetro da haste, diâmetro externo é o fundo do canal e altura é a largura do canal. Meça com paquímetro antes de pedir; a gaxeta precisa das três medidas iguais às do alojamento."
"pkg-0290-bs-6-18307362-314","111","Gaxeta de poliuretano tipo BS, 187 × 196,3 × 8 mm, de duplo contato com a haste, para vedação de haste sob pressão em cilindros hidráulicos. Fabricação PK Vedações, código PKG.0290.","Gaxeta de poliuretano (PU) tipo BS com diâmetro interno de 187 mm, diâmetro externo de 196,3 mm e altura de 8 mm. Código PK Vedações PKG.0290. A referência de catálogo equivalente aparece em “Substitui / equivale a”.

O perfil tipo BS tem duplo contato com a haste: dois pontos de vedação no mesmo anel, inteiramente em poliuretano. É aplicado principalmente na vedação de haste em condições de pressão, onde o segundo lábio controla o filme de óleo que sai com a haste e reforça a estanqueidade. O poliuretano dá alta resistência à abrasão e à extrusão.

Como conferir a medida: diâmetro interno é o diâmetro da haste, diâmetro externo é o fundo do canal e altura é a largura do canal. Meça com paquímetro antes de pedir; a gaxeta precisa das três medidas iguais às do alojamento."
"pkg-3400-bs-6-19707480-511","111","Gaxeta de poliuretano tipo BS, 190 × 200 × 13 mm, de duplo contato com a haste, para vedação de haste sob pressão em cilindros hidráulicos. Fabricação PK Vedações, código PKG.3400.","Gaxeta de poliuretano (PU) tipo BS com diâmetro interno de 190 mm, diâmetro externo de 200 mm e altura de 13 mm. Código PK Vedações PKG.3400. A referência de catálogo equivalente aparece em “Substitui / equivale a”.

O perfil tipo BS tem duplo contato com a haste: dois pontos de vedação no mesmo anel, inteiramente em poliuretano. É aplicado principalmente na vedação de haste em condições de pressão, onde o segundo lábio controla o filme de óleo que sai com a haste e reforça a estanqueidade. O poliuretano dá alta resistência à abrasão e à extrusão.

Como conferir a medida: diâmetro interno é o diâmetro da haste, diâmetro externo é o fundo do canal e altura é a largura do canal. Meça com paquímetro antes de pedir; a gaxeta precisa das três medidas iguais às do alojamento."
"pkg-0423-bs-12500750-228","111","Gaxeta de poliuretano tipo BS, 19,05 × 25,4 × 5,8 mm, de duplo contato com a haste, para vedação de haste sob pressão em cilindros hidráulicos. Fabricação PK Vedações, código PKG.0423.","Gaxeta de poliuretano (PU) tipo BS com diâmetro interno de 19,05 mm, diâmetro externo de 25,4 mm e altura de 5,8 mm. Código PK Vedações PKG.0423. A referência de catálogo equivalente aparece em “Substitui / equivale a”.

O perfil tipo BS tem duplo contato com a haste: dois pontos de vedação no mesmo anel, inteiramente em poliuretano. É aplicado principalmente na vedação de haste em condições de pressão, onde o segundo lábio controla o filme de óleo que sai com a haste e reforça a estanqueidade. O poliuretano dá alta resistência à abrasão e à extrusão.

Como conferir a medida: diâmetro interno é o diâmetro da haste, diâmetro externo é o fundo do canal e altura é a largura do canal. Meça com paquímetro antes de pedir; a gaxeta precisa das três medidas iguais às do alojamento."
"pkg-0239-bs-6-24017519-433","111","Gaxeta de poliuretano tipo BS, 191 × 203,2 × 11 mm, de duplo contato com a haste, para vedação de haste sob pressão em cilindros hidráulicos. Fabricação PK Vedações, código PKG.0239.","Gaxeta de poliuretano (PU) tipo BS com diâmetro interno de 191 mm, diâmetro externo de 203,2 mm e altura de 11 mm. Código PK Vedações PKG.0239. A referência de catálogo equivalente aparece em “Substitui / equivale a”.

O perfil tipo BS tem duplo contato com a haste: dois pontos de vedação no mesmo anel, inteiramente em poliuretano. É aplicado principalmente na vedação de haste em condições de pressão, onde o segundo lábio controla o filme de óleo que sai com a haste e reforça a estanqueidade. O poliuretano dá alta resistência à abrasão e à extrusão.

Como conferir a medida: diâmetro interno é o diâmetro da haste, diâmetro externo é o fundo do canal e altura é a largura do canal. Meça com paquímetro antes de pedir; a gaxeta precisa das três medidas iguais às do alojamento."
"pkg-3285-bs-6-09800787-157","111","Gaxeta de poliuretano tipo BS, 20 × 25 × 4 mm, de duplo contato com a haste, para vedação de haste sob pressão em cilindros hidráulicos. Fabricação PK Vedações, código PKG.3285.","Gaxeta de poliuretano (PU) tipo BS com diâmetro interno de 20 mm, diâmetro externo de 25 mm e altura de 4 mm. Código PK Vedações PKG.3285. A referência de catálogo equivalente aparece em “Substitui / equivale a”.

O perfil tipo BS tem duplo contato com a haste: dois pontos de vedação no mesmo anel, inteiramente em poliuretano. É aplicado principalmente na vedação de haste em condições de pressão, onde o segundo lábio controla o filme de óleo que sai com a haste e reforça a estanqueidade. O poliuretano dá alta resistência à abrasão e à extrusão.

Como conferir a medida: diâmetro interno é o diâmetro da haste, diâmetro externo é o fundo do canal e altura é a largura do canal. Meça com paquímetro antes de pedir; a gaxeta precisa das três medidas iguais às do alojamento."
"pkg-3101-bs-6-19700787-287","111","Gaxeta de poliuretano tipo BS, 20 × 30 × 7,3 mm, de duplo contato com a haste, para vedação de haste sob pressão em cilindros hidráulicos. Fabricação PK Vedações, código PKG.3101.","Gaxeta de poliuretano (PU) tipo BS com diâmetro interno de 20 mm, diâmetro externo de 30 mm e altura de 7,3 mm. Código PK Vedações PKG.3101. A referência de catálogo equivalente aparece em “Substitui / equivale a”.

O perfil tipo BS tem duplo contato com a haste: dois pontos de vedação no mesmo anel, inteiramente em poliuretano. É aplicado principalmente na vedação de haste em condições de pressão, onde o segundo lábio controla o filme de óleo que sai com a haste e reforça a estanqueidade. O poliuretano dá alta resistência à abrasão e à extrusão.

Como conferir a medida: diâmetro interno é o diâmetro da haste, diâmetro externo é o fundo do canal e altura é a largura do canal. Meça com paquímetro antes de pedir; a gaxeta precisa das três medidas iguais às do alojamento."
"pkg-0291-bs-6-18308267-314","111","Gaxeta de poliuretano tipo BS, 210 × 219,3 × 8 mm, de duplo contato com a haste, para vedação de haste sob pressão em cilindros hidráulicos. Fabricação PK Vedações, código PKG.0291.","Gaxeta de poliuretano (PU) tipo BS com diâmetro interno de 210 mm, diâmetro externo de 219,3 mm e altura de 8 mm. Código PK Vedações PKG.0291. A referência de catálogo equivalente aparece em “Substitui / equivale a”.

O perfil tipo BS tem duplo contato com a haste: dois pontos de vedação no mesmo anel, inteiramente em poliuretano. É aplicado principalmente na vedação de haste em condições de pressão, onde o segundo lábio controla o filme de óleo que sai com a haste e reforça a estanqueidade. O poliuretano dá alta resistência à abrasão e à extrusão.

Como conferir a medida: diâmetro interno é o diâmetro da haste, diâmetro externo é o fundo do canal e altura é a largura do canal. Meça com paquímetro antes de pedir; a gaxeta precisa das três medidas iguais às do alojamento."
"pkg-2875-bs-6-19708346-512","111","Gaxeta de poliuretano tipo BS, 212 × 222 × 13 mm, de duplo contato com a haste, para vedação de haste sob pressão em cilindros hidráulicos. Fabricação PK Vedações, código PKG.2875.","Gaxeta de poliuretano (PU) tipo BS com diâmetro interno de 212 mm, diâmetro externo de 222 mm e altura de 13 mm. Código PK Vedações PKG.2875. A referência de catálogo equivalente aparece em “Substitui / equivale a”.

O perfil tipo BS tem duplo contato com a haste: dois pontos de vedação no mesmo anel, inteiramente em poliuretano. É aplicado principalmente na vedação de haste em condições de pressão, onde o segundo lábio controla o filme de óleo que sai com a haste e reforça a estanqueidade. O poliuretano dá alta resistência à abrasão e à extrusão.

Como conferir a medida: diâmetro interno é o diâmetro da haste, diâmetro externo é o fundo do canal e altura é a largura do canal. Meça com paquímetro antes de pedir; a gaxeta precisa das três medidas iguais às do alojamento."
"pkg-3401-bs-6-19708386-511","111","Gaxeta de poliuretano tipo BS, 213 × 223 × 13 mm, de duplo contato com a haste, para vedação de haste sob pressão em cilindros hidráulicos. Fabricação PK Vedações, código PKG.3401.","Gaxeta de poliuretano (PU) tipo BS com diâmetro interno de 213 mm, diâmetro externo de 223 mm e altura de 13 mm. Código PK Vedações PKG.3401. A referência de catálogo equivalente aparece em “Substitui / equivale a”.

O perfil tipo BS tem duplo contato com a haste: dois pontos de vedação no mesmo anel, inteiramente em poliuretano. É aplicado principalmente na vedação de haste em condições de pressão, onde o segundo lábio controla o filme de óleo que sai com a haste e reforça a estanqueidade. O poliuretano dá alta resistência à abrasão e à extrusão.

Como conferir a medida: diâmetro interno é o diâmetro da haste, diâmetro externo é o fundo do canal e altura é a largura do canal. Meça com paquímetro antes de pedir; a gaxeta precisa das três medidas iguais às do alojamento."
"pkg-0240-bs-6-25198425-472","111","Gaxeta de poliuretano tipo BS, 214 × 226,8 × 12 mm, de duplo contato com a haste, para vedação de haste sob pressão em cilindros hidráulicos. Fabricação PK Vedações, código PKG.0240.","Gaxeta de poliuretano (PU) tipo BS com diâmetro interno de 214 mm, diâmetro externo de 226,8 mm e altura de 12 mm. Código PK Vedações PKG.0240. A referência de catálogo equivalente aparece em “Substitui / equivale a”.

O perfil tipo BS tem duplo contato com a haste: dois pontos de vedação no mesmo anel, inteiramente em poliuretano. É aplicado principalmente na vedação de haste em condições de pressão, onde o segundo lábio controla o filme de óleo que sai com a haste e reforça a estanqueidade. O poliuretano dá alta resistência à abrasão e à extrusão.

Como conferir a medida: diâmetro interno é o diâmetro da haste, diâmetro externo é o fundo do canal e altura é a largura do canal. Meça com paquímetro antes de pedir; a gaxeta precisa das três medidas iguais às do alojamento."
"pkg-0377-bs-12500875-250","111","Gaxeta de poliuretano tipo BS, 22,22 × 28,57 × 6,35 mm, de duplo contato com a haste, para vedação de haste sob pressão em cilindros hidráulicos. Fabricação PK Vedações, código PKG.0377.","Gaxeta de poliuretano (PU) tipo BS com diâmetro interno de 22,22 mm, diâmetro externo de 28,57 mm e altura de 6,35 mm. Código PK Vedações PKG.0377. A referência de catálogo equivalente aparece em “Substitui / equivale a”.

O perfil tipo BS tem duplo contato com a haste: dois pontos de vedação no mesmo anel, inteiramente em poliuretano. É aplicado principalmente na vedação de haste em condições de pressão, onde o segundo lábio controla o filme de óleo que sai com a haste e reforça a estanqueidade. O poliuretano dá alta resistência à abrasão e à extrusão.

Como conferir a medida: diâmetro interno é o diâmetro da haste, diâmetro externo é o fundo do canal e altura é a largura do canal. Meça com paquímetro antes de pedir; a gaxeta precisa das três medidas iguais às do alojamento."
"pkg-3467-bs-6-19709370-512","111","Gaxeta de poliuretano tipo BS, 238 × 248 × 13 mm, de duplo contato com a haste, para vedação de haste sob pressão em cilindros hidráulicos. Fabricação PK Vedações, código PKG.3467.","Gaxeta de poliuretano (PU) tipo BS com diâmetro interno de 238 mm, diâmetro externo de 248 mm e altura de 13 mm. Código PK Vedações PKG.3467. A referência de catálogo equivalente aparece em “Substitui / equivale a”.

O perfil tipo BS tem duplo contato com a haste: dois pontos de vedação no mesmo anel, inteiramente em poliuretano. É aplicado principalmente na vedação de haste em condições de pressão, onde o segundo lábio controla o filme de óleo que sai com a haste e reforça a estanqueidade. O poliuretano dá alta resistência à abrasão e à extrusão.

Como conferir a medida: diâmetro interno é o diâmetro da haste, diâmetro externo é o fundo do canal e altura é a largura do canal. Meça com paquímetro antes de pedir; a gaxeta precisa das três medidas iguais às do alojamento."
"pkg-3290-bs-6-11800984-157","111","Gaxeta de poliuretano tipo BS, 25 × 31 × 4 mm, de duplo contato com a haste, para vedação de haste sob pressão em cilindros hidráulicos. Fabricação PK Vedações, código PKG.3290.","Gaxeta de poliuretano (PU) tipo BS com diâmetro interno de 25 mm, diâmetro externo de 31 mm e altura de 4 mm. Código PK Vedações PKG.3290. A referência de catálogo equivalente aparece em “Substitui / equivale a”.

O perfil tipo BS tem duplo contato com a haste: dois pontos de vedação no mesmo anel, inteiramente em poliuretano. É aplicado principalmente na vedação de haste em condições de pressão, onde o segundo lábio controla o filme de óleo que sai com a haste e reforça a estanqueidade. O poliuretano dá alta resistência à abrasão e à extrusão.

Como conferir a medida: diâmetro interno é o diâmetro da haste, diâmetro externo é o fundo do canal e altura é a largura do canal. Meça com paquímetro antes de pedir; a gaxeta precisa das três medidas iguais às do alojamento."
"pkg-3013-bs-6-19700984-283","111","Gaxeta de poliuretano tipo BS, 25 × 35 × 7,2 mm, de duplo contato com a haste, para vedação de haste sob pressão em cilindros hidráulicos. Fabricação PK Vedações, código PKG.3013.","Gaxeta de poliuretano (PU) tipo BS com diâmetro interno de 25 mm, diâmetro externo de 35 mm e altura de 7,2 mm. Código PK Vedações PKG.3013. A referência de catálogo equivalente aparece em “Substitui / equivale a”.

O perfil tipo BS tem duplo contato com a haste: dois pontos de vedação no mesmo anel, inteiramente em poliuretano. É aplicado principalmente na vedação de haste em condições de pressão, onde o segundo lábio controla o filme de óleo que sai com a haste e reforça a estanqueidade. O poliuretano dá alta resistência à abrasão e à extrusão.

Como conferir a medida: diâmetro interno é o diâmetro da haste, diâmetro externo é o fundo do canal e altura é a largura do canal. Meça com paquímetro antes de pedir; a gaxeta precisa das três medidas iguais às do alojamento."
"pkg-3103-bs-6-19700984-287","111","Gaxeta de poliuretano tipo BS, 25 × 35 × 7,3 mm, de duplo contato com a haste, para vedação de haste sob pressão em cilindros hidráulicos. Fabricação PK Vedações, código PKG.3103.","Gaxeta de poliuretano (PU) tipo BS com diâmetro interno de 25 mm, diâmetro externo de 35 mm e altura de 7,3 mm. Código PK Vedações PKG.3103. A referência de catálogo equivalente aparece em “Substitui / equivale a”.

O perfil tipo BS tem duplo contato com a haste: dois pontos de vedação no mesmo anel, inteiramente em poliuretano. É aplicado principalmente na vedação de haste em condições de pressão, onde o segundo lábio controla o filme de óleo que sai com a haste e reforça a estanqueidade. O poliuretano dá alta resistência à abrasão e à extrusão.

Como conferir a medida: diâmetro interno é o diâmetro da haste, diâmetro externo é o fundo do canal e altura é a largura do canal. Meça com paquímetro antes de pedir; a gaxeta precisa das três medidas iguais às do alojamento."
"pkg-0381-bs-12501000-250","111","Gaxeta de poliuretano tipo BS, 25,4 × 31,74 × 6,35 mm, de duplo contato com a haste, para vedação de haste sob pressão em cilindros hidráulicos. Fabricação PK Vedações, código PKG.0381.","Gaxeta de poliuretano (PU) tipo BS com diâmetro interno de 25,4 mm, diâmetro externo de 31,74 mm e altura de 6,35 mm. Código PK Vedações PKG.0381. A referência de catálogo equivalente aparece em “Substitui / equivale a”.

O perfil tipo BS tem duplo contato com a haste: dois pontos de vedação no mesmo anel, inteiramente em poliuretano. É aplicado principalmente na vedação de haste em condições de pressão, onde o segundo lábio controla o filme de óleo que sai com a haste e reforça a estanqueidade. O poliuretano dá alta resistência à abrasão e à extrusão.

Como conferir a medida: diâmetro interno é o diâmetro da haste, diâmetro externo é o fundo do canal e altura é a largura do canal. Meça com paquímetro antes de pedir; a gaxeta precisa das três medidas iguais às do alojamento."
"pkg-3123-bs-6-18701000-312","111","Gaxeta de poliuretano tipo BS, 25,4 × 34,92 × 7,93 mm, de duplo contato com a haste, para vedação de haste sob pressão em cilindros hidráulicos. Fabricação PK Vedações, código PKG.3123.","Gaxeta de poliuretano (PU) tipo BS com diâmetro interno de 25,4 mm, diâmetro externo de 34,92 mm e altura de 7,93 mm. Código PK Vedações PKG.3123. A referência de catálogo equivalente aparece em “Substitui / equivale a”.

O perfil tipo BS tem duplo contato com a haste: dois pontos de vedação no mesmo anel, inteiramente em poliuretano. É aplicado principalmente na vedação de haste em condições de pressão, onde o segundo lábio controla o filme de óleo que sai com a haste e reforça a estanqueidade. O poliuretano dá alta resistência à abrasão e à extrusão.

Como conferir a medida: diâmetro interno é o diâmetro da haste, diâmetro externo é o fundo do canal e altura é a largura do canal. Meça com paquímetro antes de pedir; a gaxeta precisa das três medidas iguais às do alojamento."
"pkg-3411-bs-6-12801012-275","111","Gaxeta de poliuretano tipo BS, 25,73 × 32,23 × 7 mm, de duplo contato com a haste, para vedação de haste sob pressão em cilindros hidráulicos. Fabricação PK Vedações, código PKG.3411.","Gaxeta de poliuretano (PU) tipo BS com diâmetro interno de 25,73 mm, diâmetro externo de 32,23 mm e altura de 7 mm. Código PK Vedações PKG.3411. A referência de catálogo equivalente aparece em “Substitui / equivale a”.

O perfil tipo BS tem duplo contato com a haste: dois pontos de vedação no mesmo anel, inteiramente em poliuretano. É aplicado principalmente na vedação de haste em condições de pressão, onde o segundo lábio controla o filme de óleo que sai com a haste e reforça a estanqueidade. O poliuretano dá alta resistência à abrasão e à extrusão.

Como conferir a medida: diâmetro interno é o diâmetro da haste, diâmetro externo é o fundo do canal e altura é a largura do canal. Meça com paquímetro antes de pedir; a gaxeta precisa das três medidas iguais às do alojamento."
"pkg-0412-bs-6-15601125-255","111","Gaxeta de poliuretano tipo BS, 28,57 × 36,5 × 6,5 mm, de duplo contato com a haste, para vedação de haste sob pressão em cilindros hidráulicos. Fabricação PK Vedações, código PKG.0412.","Gaxeta de poliuretano (PU) tipo BS com diâmetro interno de 28,57 mm, diâmetro externo de 36,5 mm e altura de 6,5 mm. Código PK Vedações PKG.0412. A referência de catálogo equivalente aparece em “Substitui / equivale a”.

O perfil tipo BS tem duplo contato com a haste: dois pontos de vedação no mesmo anel, inteiramente em poliuretano. É aplicado principalmente na vedação de haste em condições de pressão, onde o segundo lábio controla o filme de óleo que sai com a haste e reforça a estanqueidade. O poliuretano dá alta resistência à abrasão e à extrusão.

Como conferir a medida: diâmetro interno é o diâmetro da haste, diâmetro externo é o fundo do canal e altura é a largura do canal. Meça com paquímetro antes de pedir; a gaxeta precisa das três medidas iguais às do alojamento."
"pkg-2800-bs-6-19701181-354","111","Gaxeta de poliuretano tipo BS, 30 × 40 × 9 mm, de duplo contato com a haste, para vedação de haste sob pressão em cilindros hidráulicos. Fabricação PK Vedações, código PKG.2800.","Gaxeta de poliuretano (PU) tipo BS com diâmetro interno de 30 mm, diâmetro externo de 40 mm e altura de 9 mm. Código PK Vedações PKG.2800. A referência de catálogo equivalente aparece em “Substitui / equivale a”.

O perfil tipo BS tem duplo contato com a haste: dois pontos de vedação no mesmo anel, inteiramente em poliuretano. É aplicado principalmente na vedação de haste em condições de pressão, onde o segundo lábio controla o filme de óleo que sai com a haste e reforça a estanqueidade. O poliuretano dá alta resistência à abrasão e à extrusão.

Como conferir a medida: diâmetro interno é o diâmetro da haste, diâmetro externo é o fundo do canal e altura é a largura do canal. Meça com paquímetro antes de pedir; a gaxeta precisa das três medidas iguais às do alojamento."
"pkg-3414-bs-6-15701216-275","111","Gaxeta de poliuretano tipo BS, 30,9 × 39 × 7 mm, de duplo contato com a haste, para vedação de haste sob pressão em cilindros hidráulicos. Fabricação PK Vedações, código PKG.3414.","Gaxeta de poliuretano (PU) tipo BS com diâmetro interno de 30,9 mm, diâmetro externo de 39 mm e altura de 7 mm. Código PK Vedações PKG.3414. A referência de catálogo equivalente aparece em “Substitui / equivale a”.

O perfil tipo BS tem duplo contato com a haste: dois pontos de vedação no mesmo anel, inteiramente em poliuretano. É aplicado principalmente na vedação de haste em condições de pressão, onde o segundo lábio controla o filme de óleo que sai com a haste e reforça a estanqueidade. O poliuretano dá alta resistência à abrasão e à extrusão.

Como conferir a medida: diâmetro interno é o diâmetro da haste, diâmetro externo é o fundo do canal e altura é a largura do canal. Meça com paquímetro antes de pedir; a gaxeta precisa das três medidas iguais às do alojamento."
"pkg-3302-bs-6-12501250-187","111","Gaxeta de poliuretano tipo BS, 31,75 × 38,1 × 4,76 mm, de duplo contato com a haste, para vedação de haste sob pressão em cilindros hidráulicos. Fabricação PK Vedações, código PKG.3302.","Gaxeta de poliuretano (PU) tipo BS com diâmetro interno de 31,75 mm, diâmetro externo de 38,1 mm e altura de 4,76 mm. Código PK Vedações PKG.3302. A referência de catálogo equivalente aparece em “Substitui / equivale a”.

O perfil tipo BS tem duplo contato com a haste: dois pontos de vedação no mesmo anel, inteiramente em poliuretano. É aplicado principalmente na vedação de haste em condições de pressão, onde o segundo lábio controla o filme de óleo que sai com a haste e reforça a estanqueidade. O poliuretano dá alta resistência à abrasão e à extrusão.

Como conferir a medida: diâmetro interno é o diâmetro da haste, diâmetro externo é o fundo do canal e altura é a largura do canal. Meça com paquímetro antes de pedir; a gaxeta precisa das três medidas iguais às do alojamento."
"pkg-0179-bs-12501250-250","111","Gaxeta de poliuretano tipo BS, 31,75 × 38,1 × 6,35 mm, de duplo contato com a haste, para vedação de haste sob pressão em cilindros hidráulicos. Fabricação PK Vedações, código PKG.0179.","Gaxeta de poliuretano (PU) tipo BS com diâmetro interno de 31,75 mm, diâmetro externo de 38,1 mm e altura de 6,35 mm. Código PK Vedações PKG.0179. A referência de catálogo equivalente aparece em “Substitui / equivale a”.

O perfil tipo BS tem duplo contato com a haste: dois pontos de vedação no mesmo anel, inteiramente em poliuretano. É aplicado principalmente na vedação de haste em condições de pressão, onde o segundo lábio controla o filme de óleo que sai com a haste e reforça a estanqueidade. O poliuretano dá alta resistência à abrasão e à extrusão.

Como conferir a medida: diâmetro interno é o diâmetro da haste, diâmetro externo é o fundo do canal e altura é a largura do canal. Meça com paquímetro antes de pedir; a gaxeta precisa das três medidas iguais às do alojamento."
"pkg-0415-bs-18701250-256","111","Gaxeta de poliuretano tipo BS, 31,75 × 41,27 × 6,5 mm, de duplo contato com a haste, para vedação de haste sob pressão em cilindros hidráulicos. Fabricação PK Vedações, código PKG.0415.","Gaxeta de poliuretano (PU) tipo BS com diâmetro interno de 31,75 mm, diâmetro externo de 41,27 mm e altura de 6,5 mm. Código PK Vedações PKG.0415. A referência de catálogo equivalente aparece em “Substitui / equivale a”.

O perfil tipo BS tem duplo contato com a haste: dois pontos de vedação no mesmo anel, inteiramente em poliuretano. É aplicado principalmente na vedação de haste em condições de pressão, onde o segundo lábio controla o filme de óleo que sai com a haste e reforça a estanqueidade. O poliuretano dá alta resistência à abrasão e à extrusão.

Como conferir a medida: diâmetro interno é o diâmetro da haste, diâmetro externo é o fundo do canal e altura é a largura do canal. Meça com paquímetro antes de pedir; a gaxeta precisa das três medidas iguais às do alojamento."
"pkg-0149-bs-18701250-312","111","Gaxeta de poliuretano tipo BS, 31,75 × 41,27 × 7,93 mm, de duplo contato com a haste, para vedação de haste sob pressão em cilindros hidráulicos. Fabricação PK Vedações, código PKG.0149.","Gaxeta de poliuretano (PU) tipo BS com diâmetro interno de 31,75 mm, diâmetro externo de 41,27 mm e altura de 7,93 mm. Código PK Vedações PKG.0149. A referência de catálogo equivalente aparece em “Substitui / equivale a”.

O perfil tipo BS tem duplo contato com a haste: dois pontos de vedação no mesmo anel, inteiramente em poliuretano. É aplicado principalmente na vedação de haste em condições de pressão, onde o segundo lábio controla o filme de óleo que sai com a haste e reforça a estanqueidade. O poliuretano dá alta resistência à abrasão e à extrusão.

Como conferir a medida: diâmetro interno é o diâmetro da haste, diâmetro externo é o fundo do canal e altura é a largura do canal. Meça com paquímetro antes de pedir; a gaxeta precisa das três medidas iguais às do alojamento."
"pkg-3120-bs-6-18701250-312","111","Gaxeta de poliuretano tipo BS, 31,75 × 41,27 × 7,93 mm, de duplo contato com a haste, para vedação de haste sob pressão em cilindros hidráulicos. Fabricação PK Vedações, código PKG.3120.","Gaxeta de poliuretano (PU) tipo BS com diâmetro interno de 31,75 mm, diâmetro externo de 41,27 mm e altura de 7,93 mm. Código PK Vedações PKG.3120. A referência de catálogo equivalente aparece em “Substitui / equivale a”.

O perfil tipo BS tem duplo contato com a haste: dois pontos de vedação no mesmo anel, inteiramente em poliuretano. É aplicado principalmente na vedação de haste em condições de pressão, onde o segundo lábio controla o filme de óleo que sai com a haste e reforça a estanqueidade. O poliuretano dá alta resistência à abrasão e à extrusão.

Como conferir a medida: diâmetro interno é o diâmetro da haste, diâmetro externo é o fundo do canal e altura é a largura do canal. Meça com paquímetro antes de pedir; a gaxeta precisa das três medidas iguais às do alojamento."
"pkg-0612-bs-25001250-375","111","Gaxeta de poliuretano tipo BS, 31,75 × 44,45 × 9,52 mm, de duplo contato com a haste, para vedação de haste sob pressão em cilindros hidráulicos. Fabricação PK Vedações, código PKG.0612.","Gaxeta de poliuretano (PU) tipo BS com diâmetro interno de 31,75 mm, diâmetro externo de 44,45 mm e altura de 9,52 mm. Código PK Vedações PKG.0612. A referência de catálogo equivalente aparece em “Substitui / equivale a”.

O perfil tipo BS tem duplo contato com a haste: dois pontos de vedação no mesmo anel, inteiramente em poliuretano. É aplicado principalmente na vedação de haste em condições de pressão, onde o segundo lábio controla o filme de óleo que sai com a haste e reforça a estanqueidade. O poliuretano dá alta resistência à abrasão e à extrusão.

Como conferir a medida: diâmetro interno é o diâmetro da haste, diâmetro externo é o fundo do canal e altura é a largura do canal. Meça com paquímetro antes de pedir; a gaxeta precisa das três medidas iguais às do alojamento."
"pkg-0032-bs-6-18111280-315","111","Gaxeta de poliuretano tipo BS, 32,5 × 41,7 × 8 mm, de duplo contato com a haste, para vedação de haste sob pressão em cilindros hidráulicos. Fabricação PK Vedações, código PKG.0032.","Gaxeta de poliuretano (PU) tipo BS com diâmetro interno de 32,5 mm, diâmetro externo de 41,7 mm e altura de 8 mm. Código PK Vedações PKG.0032. A referência de catálogo equivalente aparece em “Substitui / equivale a”.

O perfil tipo BS tem duplo contato com a haste: dois pontos de vedação no mesmo anel, inteiramente em poliuretano. É aplicado principalmente na vedação de haste em condições de pressão, onde o segundo lábio controla o filme de óleo que sai com a haste e reforça a estanqueidade. O poliuretano dá alta resistência à abrasão e à extrusão.

Como conferir a medida: diâmetro interno é o diâmetro da haste, diâmetro externo é o fundo do canal e altura é a largura do canal. Meça com paquímetro antes de pedir; a gaxeta precisa das três medidas iguais às do alojamento."
"pkg-0220-bs-6-19701377-393","111","Gaxeta de poliuretano tipo BS, 35 × 45 × 10 mm, de duplo contato com a haste, para vedação de haste sob pressão em cilindros hidráulicos. Fabricação PK Vedações, código PKG.0220.","Gaxeta de poliuretano (PU) tipo BS com diâmetro interno de 35 mm, diâmetro externo de 45 mm e altura de 10 mm. Código PK Vedações PKG.0220. A referência de catálogo equivalente aparece em “Substitui / equivale a”.

O perfil tipo BS tem duplo contato com a haste: dois pontos de vedação no mesmo anel, inteiramente em poliuretano. É aplicado principalmente na vedação de haste em condições de pressão, onde o segundo lábio controla o filme de óleo que sai com a haste e reforça a estanqueidade. O poliuretano dá alta resistência à abrasão e à extrusão.

Como conferir a medida: diâmetro interno é o diâmetro da haste, diâmetro externo é o fundo do canal e altura é a largura do canal. Meça com paquímetro antes de pedir; a gaxeta precisa das três medidas iguais às do alojamento."
"pkg-3048-bs-6-20701378-394","111","Gaxeta de poliuretano tipo BS, 35 × 45,5 × 10 mm, de duplo contato com a haste, para vedação de haste sob pressão em cilindros hidráulicos. Fabricação PK Vedações, código PKG.3048.","Gaxeta de poliuretano (PU) tipo BS com diâmetro interno de 35 mm, diâmetro externo de 45,5 mm e altura de 10 mm. Código PK Vedações PKG.3048. A referência de catálogo equivalente aparece em “Substitui / equivale a”.

O perfil tipo BS tem duplo contato com a haste: dois pontos de vedação no mesmo anel, inteiramente em poliuretano. É aplicado principalmente na vedação de haste em condições de pressão, onde o segundo lábio controla o filme de óleo que sai com a haste e reforça a estanqueidade. O poliuretano dá alta resistência à abrasão e à extrusão.

Como conferir a medida: diâmetro interno é o diâmetro da haste, diâmetro externo é o fundo do canal e altura é a largura do canal. Meça com paquímetro antes de pedir; a gaxeta precisa das três medidas iguais às do alojamento."
"pkg-2986-bs-6-19701378-283","111","Gaxeta de poliuretano tipo BS, 35 × 45 × 7,2 mm, de duplo contato com a haste, para vedação de haste sob pressão em cilindros hidráulicos. Fabricação PK Vedações, código PKG.2986.","Gaxeta de poliuretano (PU) tipo BS com diâmetro interno de 35 mm, diâmetro externo de 45 mm e altura de 7,2 mm. Código PK Vedações PKG.2986. A referência de catálogo equivalente aparece em “Substitui / equivale a”.

O perfil tipo BS tem duplo contato com a haste: dois pontos de vedação no mesmo anel, inteiramente em poliuretano. É aplicado principalmente na vedação de haste em condições de pressão, onde o segundo lábio controla o filme de óleo que sai com a haste e reforça a estanqueidade. O poliuretano dá alta resistência à abrasão e à extrusão.

Como conferir a medida: diâmetro interno é o diâmetro da haste, diâmetro externo é o fundo do canal e altura é a largura do canal. Meça com paquímetro antes de pedir; a gaxeta precisa das três medidas iguais às do alojamento."
"pkg-0056-bs-6-18701397-315","111","Gaxeta de poliuretano tipo BS, 35,5 × 45 × 8 mm, de duplo contato com a haste, para vedação de haste sob pressão em cilindros hidráulicos. Fabricação PK Vedações, código PKG.0056.","Gaxeta de poliuretano (PU) tipo BS com diâmetro interno de 35,5 mm, diâmetro externo de 45 mm e altura de 8 mm. Código PK Vedações PKG.0056. A referência de catálogo equivalente aparece em “Substitui / equivale a”.

O perfil tipo BS tem duplo contato com a haste: dois pontos de vedação no mesmo anel, inteiramente em poliuretano. É aplicado principalmente na vedação de haste em condições de pressão, onde o segundo lábio controla o filme de óleo que sai com a haste e reforça a estanqueidade. O poliuretano dá alta resistência à abrasão e à extrusão.

Como conferir a medida: diâmetro interno é o diâmetro da haste, diâmetro externo é o fundo do canal e altura é a largura do canal. Meça com paquímetro antes de pedir; a gaxeta precisa das três medidas iguais às do alojamento."
"pkg-0491-bs-6-19701417-287","111","Gaxeta de poliuretano tipo BS, 36 × 46 × 7,3 mm, de duplo contato com a haste, para vedação de haste sob pressão em cilindros hidráulicos. Fabricação PK Vedações, código PKG.0491.","Gaxeta de poliuretano (PU) tipo BS com diâmetro interno de 36 mm, diâmetro externo de 46 mm e altura de 7,3 mm. Código PK Vedações PKG.0491. A referência de catálogo equivalente aparece em “Substitui / equivale a”.

O perfil tipo BS tem duplo contato com a haste: dois pontos de vedação no mesmo anel, inteiramente em poliuretano. É aplicado principalmente na vedação de haste em condições de pressão, onde o segundo lábio controla o filme de óleo que sai com a haste e reforça a estanqueidade. O poliuretano dá alta resistência à abrasão e à extrusão.

Como conferir a medida: diâmetro interno é o diâmetro da haste, diâmetro externo é o fundo do canal e altura é a largura do canal. Meça com paquímetro antes de pedir; a gaxeta precisa das três medidas iguais às do alojamento."
"pkg-0445-bs-18701500-375","111","Gaxeta de poliuretano tipo BS, 38,1 × 47,62 × 9,52 mm, de duplo contato com a haste, para vedação de haste sob pressão em cilindros hidráulicos. Fabricação PK Vedações, código PKG.0445.","Gaxeta de poliuretano (PU) tipo BS com diâmetro interno de 38,1 mm, diâmetro externo de 47,62 mm e altura de 9,52 mm. Código PK Vedações PKG.0445. A referência de catálogo equivalente aparece em “Substitui / equivale a”.

O perfil tipo BS tem duplo contato com a haste: dois pontos de vedação no mesmo anel, inteiramente em poliuretano. É aplicado principalmente na vedação de haste em condições de pressão, onde o segundo lábio controla o filme de óleo que sai com a haste e reforça a estanqueidade. O poliuretano dá alta resistência à abrasão e à extrusão.

Como conferir a medida: diâmetro interno é o diâmetro da haste, diâmetro externo é o fundo do canal e altura é a largura do canal. Meça com paquímetro antes de pedir; a gaxeta precisa das três medidas iguais às do alojamento."
"pkg-0216-bs-6-19701496-322","111","Gaxeta de poliuretano tipo BS, 38 × 48 × 8,2 mm, de duplo contato com a haste, para vedação de haste sob pressão em cilindros hidráulicos. Fabricação PK Vedações, código PKG.0216.","Gaxeta de poliuretano (PU) tipo BS com diâmetro interno de 38 mm, diâmetro externo de 48 mm e altura de 8,2 mm. Código PK Vedações PKG.0216. A referência de catálogo equivalente aparece em “Substitui / equivale a”.

O perfil tipo BS tem duplo contato com a haste: dois pontos de vedação no mesmo anel, inteiramente em poliuretano. É aplicado principalmente na vedação de haste em condições de pressão, onde o segundo lábio controla o filme de óleo que sai com a haste e reforça a estanqueidade. O poliuretano dá alta resistência à abrasão e à extrusão.

Como conferir a medida: diâmetro interno é o diâmetro da haste, diâmetro externo é o fundo do canal e altura é a largura do canal. Meça com paquímetro antes de pedir; a gaxeta precisa das três medidas iguais às do alojamento."
"pkg-0322-bs-6-15701574-236","111","Gaxeta de poliuretano tipo BS, 40 × 48 × 6 mm, de duplo contato com a haste, para vedação de haste sob pressão em cilindros hidráulicos. Fabricação PK Vedações, código PKG.0322.","Gaxeta de poliuretano (PU) tipo BS com diâmetro interno de 40 mm, diâmetro externo de 48 mm e altura de 6 mm. Código PK Vedações PKG.0322. A referência de catálogo equivalente aparece em “Substitui / equivale a”.

O perfil tipo BS tem duplo contato com a haste: dois pontos de vedação no mesmo anel, inteiramente em poliuretano. É aplicado principalmente na vedação de haste em condições de pressão, onde o segundo lábio controla o filme de óleo que sai com a haste e reforça a estanqueidade. O poliuretano dá alta resistência à abrasão e à extrusão.

Como conferir a medida: diâmetro interno é o diâmetro da haste, diâmetro externo é o fundo do canal e altura é a largura do canal. Meça com paquímetro antes de pedir; a gaxeta precisa das três medidas iguais às do alojamento."
"pkg-0168-bs-6-19701574-354","111","Gaxeta de poliuretano tipo BS, 40 × 50 × 9 mm, de duplo contato com a haste, para vedação de haste sob pressão em cilindros hidráulicos. Fabricação PK Vedações, código PKG.0168.","Gaxeta de poliuretano (PU) tipo BS com diâmetro interno de 40 mm, diâmetro externo de 50 mm e altura de 9 mm. Código PK Vedações PKG.0168. A referência de catálogo equivalente aparece em “Substitui / equivale a”.

O perfil tipo BS tem duplo contato com a haste: dois pontos de vedação no mesmo anel, inteiramente em poliuretano. É aplicado principalmente na vedação de haste em condições de pressão, onde o segundo lábio controla o filme de óleo que sai com a haste e reforça a estanqueidade. O poliuretano dá alta resistência à abrasão e à extrusão.

Como conferir a medida: diâmetro interno é o diâmetro da haste, diâmetro externo é o fundo do canal e altura é a largura do canal. Meça com paquímetro antes de pedir; a gaxeta precisa das três medidas iguais às do alojamento."
"pkg-3452-bs-6-18701625-312","111","Gaxeta de poliuretano tipo BS, 41,27 × 50,8 × 7,93 mm, de duplo contato com a haste, para vedação de haste sob pressão em cilindros hidráulicos. Fabricação PK Vedações, código PKG.3452.","Gaxeta de poliuretano (PU) tipo BS com diâmetro interno de 41,27 mm, diâmetro externo de 50,8 mm e altura de 7,93 mm. Código PK Vedações PKG.3452. A referência de catálogo equivalente aparece em “Substitui / equivale a”.

O perfil tipo BS tem duplo contato com a haste: dois pontos de vedação no mesmo anel, inteiramente em poliuretano. É aplicado principalmente na vedação de haste em condições de pressão, onde o segundo lábio controla o filme de óleo que sai com a haste e reforça a estanqueidade. O poliuretano dá alta resistência à abrasão e à extrusão.

Como conferir a medida: diâmetro interno é o diâmetro da haste, diâmetro externo é o fundo do canal e altura é a largura do canal. Meça com paquímetro antes de pedir; a gaxeta precisa das três medidas iguais às do alojamento."
"pkg-0355-bs-18701750-255","111","Gaxeta de poliuretano tipo BS, 44,45 × 53,97 × 6,5 mm, de duplo contato com a haste, para vedação de haste sob pressão em cilindros hidráulicos. Fabricação PK Vedações, código PKG.0355.","Gaxeta de poliuretano (PU) tipo BS com diâmetro interno de 44,45 mm, diâmetro externo de 53,97 mm e altura de 6,5 mm. Código PK Vedações PKG.0355. A referência de catálogo equivalente aparece em “Substitui / equivale a”.

O perfil tipo BS tem duplo contato com a haste: dois pontos de vedação no mesmo anel, inteiramente em poliuretano. É aplicado principalmente na vedação de haste em condições de pressão, onde o segundo lábio controla o filme de óleo que sai com a haste e reforça a estanqueidade. O poliuretano dá alta resistência à abrasão e à extrusão.

Como conferir a medida: diâmetro interno é o diâmetro da haste, diâmetro externo é o fundo do canal e altura é a largura do canal. Meça com paquímetro antes de pedir; a gaxeta precisa das três medidas iguais às do alojamento."
"pkg-0148-bs-18701750-375","111","Gaxeta de poliuretano tipo BS, 44,45 × 53,97 × 9,52 mm, de duplo contato com a haste, para vedação de haste sob pressão em cilindros hidráulicos. Fabricação PK Vedações, código PKG.0148.","Gaxeta de poliuretano (PU) tipo BS com diâmetro interno de 44,45 mm, diâmetro externo de 53,97 mm e altura de 9,52 mm. Código PK Vedações PKG.0148. A referência de catálogo equivalente aparece em “Substitui / equivale a”.

O perfil tipo BS tem duplo contato com a haste: dois pontos de vedação no mesmo anel, inteiramente em poliuretano. É aplicado principalmente na vedação de haste em condições de pressão, onde o segundo lábio controla o filme de óleo que sai com a haste e reforça a estanqueidade. O poliuretano dá alta resistência à abrasão e à extrusão.

Como conferir a medida: diâmetro interno é o diâmetro da haste, diâmetro externo é o fundo do canal e altura é a largura do canal. Meça com paquímetro antes de pedir; a gaxeta precisa das três medidas iguais às do alojamento."
"pkg-0153-bs-25001750-375","111","Gaxeta de poliuretano tipo BS, 44,45 × 57,15 × 9,52 mm, de duplo contato com a haste, para vedação de haste sob pressão em cilindros hidráulicos. Fabricação PK Vedações, código PKG.0153.","Gaxeta de poliuretano (PU) tipo BS com diâmetro interno de 44,45 mm, diâmetro externo de 57,15 mm e altura de 9,52 mm. Código PK Vedações PKG.0153. A referência de catálogo equivalente aparece em “Substitui / equivale a”.

O perfil tipo BS tem duplo contato com a haste: dois pontos de vedação no mesmo anel, inteiramente em poliuretano. É aplicado principalmente na vedação de haste em condições de pressão, onde o segundo lábio controla o filme de óleo que sai com a haste e reforça a estanqueidade. O poliuretano dá alta resistência à abrasão e à extrusão.

Como conferir a medida: diâmetro interno é o diâmetro da haste, diâmetro externo é o fundo do canal e altura é a largura do canal. Meça com paquímetro antes de pedir; a gaxeta precisa das três medidas iguais às do alojamento."
"pkg-3193-bs-6-19701772-394","111","Gaxeta de poliuretano tipo BS, 45 × 55 × 10 mm, de duplo contato com a haste, para vedação de haste sob pressão em cilindros hidráulicos. Fabricação PK Vedações, código PKG.3193.","Gaxeta de poliuretano (PU) tipo BS com diâmetro interno de 45 mm, diâmetro externo de 55 mm e altura de 10 mm. Código PK Vedações PKG.3193. A referência de catálogo equivalente aparece em “Substitui / equivale a”.

O perfil tipo BS tem duplo contato com a haste: dois pontos de vedação no mesmo anel, inteiramente em poliuretano. É aplicado principalmente na vedação de haste em condições de pressão, onde o segundo lábio controla o filme de óleo que sai com a haste e reforça a estanqueidade. O poliuretano dá alta resistência à abrasão e à extrusão.

Como conferir a medida: diâmetro interno é o diâmetro da haste, diâmetro externo é o fundo do canal e altura é a largura do canal. Meça com paquímetro antes de pedir; a gaxeta precisa das três medidas iguais às do alojamento."
"pkg-0052-bs-6-21651772-275","111","Gaxeta de poliuretano tipo BS, 45 × 56 × 7 mm, de duplo contato com a haste, para vedação de haste sob pressão em cilindros hidráulicos. Fabricação PK Vedações, código PKG.0052.","Gaxeta de poliuretano (PU) tipo BS com diâmetro interno de 45 mm, diâmetro externo de 56 mm e altura de 7 mm. Código PK Vedações PKG.0052. A referência de catálogo equivalente aparece em “Substitui / equivale a”.

O perfil tipo BS tem duplo contato com a haste: dois pontos de vedação no mesmo anel, inteiramente em poliuretano. É aplicado principalmente na vedação de haste em condições de pressão, onde o segundo lábio controla o filme de óleo que sai com a haste e reforça a estanqueidade. O poliuretano dá alta resistência à abrasão e à extrusão.

Como conferir a medida: diâmetro interno é o diâmetro da haste, diâmetro externo é o fundo do canal e altura é a largura do canal. Meça com paquímetro antes de pedir; a gaxeta precisa das três medidas iguais às do alojamento."
"pkg-3187-bs-6-19701969-394","111","Gaxeta de poliuretano tipo BS, 50 × 60 × 10 mm, de duplo contato com a haste, para vedação de haste sob pressão em cilindros hidráulicos. Fabricação PK Vedações, código PKG.3187.","Gaxeta de poliuretano (PU) tipo BS com diâmetro interno de 50 mm, diâmetro externo de 60 mm e altura de 10 mm. Código PK Vedações PKG.3187. A referência de catálogo equivalente aparece em “Substitui / equivale a”.

O perfil tipo BS tem duplo contato com a haste: dois pontos de vedação no mesmo anel, inteiramente em poliuretano. É aplicado principalmente na vedação de haste em condições de pressão, onde o segundo lábio controla o filme de óleo que sai com a haste e reforça a estanqueidade. O poliuretano dá alta resistência à abrasão e à extrusão.

Como conferir a medida: diâmetro interno é o diâmetro da haste, diâmetro externo é o fundo do canal e altura é a largura do canal. Meça com paquímetro antes de pedir; a gaxeta precisa das três medidas iguais às do alojamento."
"pkg-0151-bs-6-19701968-283","111","Gaxeta de poliuretano tipo BS, 50 × 60 × 7,2 mm, de duplo contato com a haste, para vedação de haste sob pressão em cilindros hidráulicos. Fabricação PK Vedações, código PKG.0151.","Gaxeta de poliuretano (PU) tipo BS com diâmetro interno de 50 mm, diâmetro externo de 60 mm e altura de 7,2 mm. Código PK Vedações PKG.0151. A referência de catálogo equivalente aparece em “Substitui / equivale a”.

O perfil tipo BS tem duplo contato com a haste: dois pontos de vedação no mesmo anel, inteiramente em poliuretano. É aplicado principalmente na vedação de haste em condições de pressão, onde o segundo lábio controla o filme de óleo que sai com a haste e reforça a estanqueidade. O poliuretano dá alta resistência à abrasão e à extrusão.

Como conferir a medida: diâmetro interno é o diâmetro da haste, diâmetro externo é o fundo do canal e altura é a largura do canal. Meça com paquímetro antes de pedir; a gaxeta precisa das três medidas iguais às do alojamento."
"pkg-0521-bs-6-29501968-433","111","Gaxeta de poliuretano tipo BS, 50 × 65 × 11 mm, de duplo contato com a haste, para vedação de haste sob pressão em cilindros hidráulicos. Fabricação PK Vedações, código PKG.0521.","Gaxeta de poliuretano (PU) tipo BS com diâmetro interno de 50 mm, diâmetro externo de 65 mm e altura de 11 mm. Código PK Vedações PKG.0521. A referência de catálogo equivalente aparece em “Substitui / equivale a”.

O perfil tipo BS tem duplo contato com a haste: dois pontos de vedação no mesmo anel, inteiramente em poliuretano. É aplicado principalmente na vedação de haste em condições de pressão, onde o segundo lábio controla o filme de óleo que sai com a haste e reforça a estanqueidade. O poliuretano dá alta resistência à abrasão e à extrusão.

Como conferir a medida: diâmetro interno é o diâmetro da haste, diâmetro externo é o fundo do canal e altura é a largura do canal. Meça com paquímetro antes de pedir; a gaxeta precisa das três medidas iguais às do alojamento."
"pkg-0402-bs-18702000-276","111","Gaxeta de poliuretano tipo BS, 50,8 × 60,32 × 7 mm, de duplo contato com a haste, para vedação de haste sob pressão em cilindros hidráulicos. Fabricação PK Vedações, código PKG.0402.","Gaxeta de poliuretano (PU) tipo BS com diâmetro interno de 50,8 mm, diâmetro externo de 60,32 mm e altura de 7 mm. Código PK Vedações PKG.0402. A referência de catálogo equivalente aparece em “Substitui / equivale a”.

O perfil tipo BS tem duplo contato com a haste: dois pontos de vedação no mesmo anel, inteiramente em poliuretano. É aplicado principalmente na vedação de haste em condições de pressão, onde o segundo lábio controla o filme de óleo que sai com a haste e reforça a estanqueidade. O poliuretano dá alta resistência à abrasão e à extrusão.

Como conferir a medida: diâmetro interno é o diâmetro da haste, diâmetro externo é o fundo do canal e altura é a largura do canal. Meça com paquímetro antes de pedir; a gaxeta precisa das três medidas iguais às do alojamento."
"pkg-0143-bs-25002000-375","111","Gaxeta de poliuretano tipo BS, 50,8 × 63,5 × 9,52 mm, de duplo contato com a haste, para vedação de haste sob pressão em cilindros hidráulicos. Fabricação PK Vedações, código PKG.0143.","Gaxeta de poliuretano (PU) tipo BS com diâmetro interno de 50,8 mm, diâmetro externo de 63,5 mm e altura de 9,52 mm. Código PK Vedações PKG.0143. A referência de catálogo equivalente aparece em “Substitui / equivale a”.

O perfil tipo BS tem duplo contato com a haste: dois pontos de vedação no mesmo anel, inteiramente em poliuretano. É aplicado principalmente na vedação de haste em condições de pressão, onde o segundo lábio controla o filme de óleo que sai com a haste e reforça a estanqueidade. O poliuretano dá alta resistência à abrasão e à extrusão.

Como conferir a medida: diâmetro interno é o diâmetro da haste, diâmetro externo é o fundo do canal e altura é a largura do canal. Meça com paquímetro antes de pedir; a gaxeta precisa das três medidas iguais às do alojamento."
"pkg-2880-bs-6-25002000-375","111","Gaxeta de poliuretano tipo BS, 50,8 × 63,5 × 9,52 mm, de duplo contato com a haste, para vedação de haste sob pressão em cilindros hidráulicos. Fabricação PK Vedações, código PKG.2880.","Gaxeta de poliuretano (PU) tipo BS com diâmetro interno de 50,8 mm, diâmetro externo de 63,5 mm e altura de 9,52 mm. Código PK Vedações PKG.2880. A referência de catálogo equivalente aparece em “Substitui / equivale a”.

O perfil tipo BS tem duplo contato com a haste: dois pontos de vedação no mesmo anel, inteiramente em poliuretano. É aplicado principalmente na vedação de haste em condições de pressão, onde o segundo lábio controla o filme de óleo que sai com a haste e reforça a estanqueidade. O poliuretano dá alta resistência à abrasão e à extrusão.

Como conferir a medida: diâmetro interno é o diâmetro da haste, diâmetro externo é o fundo do canal e altura é a largura do canal. Meça com paquímetro antes de pedir; a gaxeta precisa das três medidas iguais às do alojamento."
"pkg-0163-bs-31202000-500","111","Gaxeta de poliuretano tipo BS, 50,8 × 66,67 × 12,7 mm, de duplo contato com a haste, para vedação de haste sob pressão em cilindros hidráulicos. Fabricação PK Vedações, código PKG.0163.","Gaxeta de poliuretano (PU) tipo BS com diâmetro interno de 50,8 mm, diâmetro externo de 66,67 mm e altura de 12,7 mm. Código PK Vedações PKG.0163. A referência de catálogo equivalente aparece em “Substitui / equivale a”.

O perfil tipo BS tem duplo contato com a haste: dois pontos de vedação no mesmo anel, inteiramente em poliuretano. É aplicado principalmente na vedação de haste em condições de pressão, onde o segundo lábio controla o filme de óleo que sai com a haste e reforça a estanqueidade. O poliuretano dá alta resistência à abrasão e à extrusão.

Como conferir a medida: diâmetro interno é o diâmetro da haste, diâmetro externo é o fundo do canal e altura é a largura do canal. Meça com paquímetro antes de pedir; a gaxeta precisa das três medidas iguais às do alojamento."
"pkg-0195-bs-6-19702047-472","111","Gaxeta de poliuretano tipo BS, 52 × 62 × 12 mm, de duplo contato com a haste, para vedação de haste sob pressão em cilindros hidráulicos. Fabricação PK Vedações, código PKG.0195.","Gaxeta de poliuretano (PU) tipo BS com diâmetro interno de 52 mm, diâmetro externo de 62 mm e altura de 12 mm. Código PK Vedações PKG.0195. A referência de catálogo equivalente aparece em “Substitui / equivale a”.

O perfil tipo BS tem duplo contato com a haste: dois pontos de vedação no mesmo anel, inteiramente em poliuretano. É aplicado principalmente na vedação de haste em condições de pressão, onde o segundo lábio controla o filme de óleo que sai com a haste e reforça a estanqueidade. O poliuretano dá alta resistência à abrasão e à extrusão.

Como conferir a medida: diâmetro interno é o diâmetro da haste, diâmetro externo é o fundo do canal e altura é a largura do canal. Meça com paquímetro antes de pedir; a gaxeta precisa das três medidas iguais às do alojamento."
"pkg-0644-bs-25002125-375","111","Gaxeta de poliuretano tipo BS, 53,97 × 66,67 × 9,52 mm, de duplo contato com a haste, para vedação de haste sob pressão em cilindros hidráulicos. Fabricação PK Vedações, código PKG.0644.","Gaxeta de poliuretano (PU) tipo BS com diâmetro interno de 53,97 mm, diâmetro externo de 66,67 mm e altura de 9,52 mm. Código PK Vedações PKG.0644. A referência de catálogo equivalente aparece em “Substitui / equivale a”.

O perfil tipo BS tem duplo contato com a haste: dois pontos de vedação no mesmo anel, inteiramente em poliuretano. É aplicado principalmente na vedação de haste em condições de pressão, onde o segundo lábio controla o filme de óleo que sai com a haste e reforça a estanqueidade. O poliuretano dá alta resistência à abrasão e à extrusão.

Como conferir a medida: diâmetro interno é o diâmetro da haste, diâmetro externo é o fundo do canal e altura é a largura do canal. Meça com paquímetro antes de pedir; a gaxeta precisa das três medidas iguais às do alojamento."
"pkg-0034-bs-6-25602126-374","111","Gaxeta de poliuretano tipo BS, 54 × 67,4 × 9,5 mm, de duplo contato com a haste, para vedação de haste sob pressão em cilindros hidráulicos. Fabricação PK Vedações, código PKG.0034.","Gaxeta de poliuretano (PU) tipo BS com diâmetro interno de 54 mm, diâmetro externo de 67,4 mm e altura de 9,5 mm. Código PK Vedações PKG.0034. A referência de catálogo equivalente aparece em “Substitui / equivale a”.

O perfil tipo BS tem duplo contato com a haste: dois pontos de vedação no mesmo anel, inteiramente em poliuretano. É aplicado principalmente na vedação de haste em condições de pressão, onde o segundo lábio controla o filme de óleo que sai com a haste e reforça a estanqueidade. O poliuretano dá alta resistência à abrasão e à extrusão.

Como conferir a medida: diâmetro interno é o diâmetro da haste, diâmetro externo é o fundo do canal e altura é a largura do canal. Meça com paquímetro antes de pedir; a gaxeta precisa das três medidas iguais às do alojamento."
"pkg-0150-bs-25002250-375","111","Gaxeta de poliuretano tipo BS, 57,15 × 69,85 × 9,52 mm, de duplo contato com a haste, para vedação de haste sob pressão em cilindros hidráulicos. Fabricação PK Vedações, código PKG.0150.","Gaxeta de poliuretano (PU) tipo BS com diâmetro interno de 57,15 mm, diâmetro externo de 69,85 mm e altura de 9,52 mm. Código PK Vedações PKG.0150. A referência de catálogo equivalente aparece em “Substitui / equivale a”.

O perfil tipo BS tem duplo contato com a haste: dois pontos de vedação no mesmo anel, inteiramente em poliuretano. É aplicado principalmente na vedação de haste em condições de pressão, onde o segundo lábio controla o filme de óleo que sai com a haste e reforça a estanqueidade. O poliuretano dá alta resistência à abrasão e à extrusão.

Como conferir a medida: diâmetro interno é o diâmetro da haste, diâmetro externo é o fundo do canal e altura é a largura do canal. Meça com paquímetro antes de pedir; a gaxeta precisa das três medidas iguais às do alojamento."
"pkg-3154-bs-6-31502244-394","111","Gaxeta de poliuretano tipo BS, 57 × 73 × 10 mm, de duplo contato com a haste, para vedação de haste sob pressão em cilindros hidráulicos. Fabricação PK Vedações, código PKG.3154.","Gaxeta de poliuretano (PU) tipo BS com diâmetro interno de 57 mm, diâmetro externo de 73 mm e altura de 10 mm. Código PK Vedações PKG.3154. A referência de catálogo equivalente aparece em “Substitui / equivale a”.

O perfil tipo BS tem duplo contato com a haste: dois pontos de vedação no mesmo anel, inteiramente em poliuretano. É aplicado principalmente na vedação de haste em condições de pressão, onde o segundo lábio controla o filme de óleo que sai com a haste e reforça a estanqueidade. O poliuretano dá alta resistência à abrasão e à extrusão.

Como conferir a medida: diâmetro interno é o diâmetro da haste, diâmetro externo é o fundo do canal e altura é a largura do canal. Meça com paquímetro antes de pedir; a gaxeta precisa das três medidas iguais às do alojamento."
"pkg-3345-bs-6-15702362-236","111","Gaxeta de poliuretano tipo BS, 60 × 68 × 6 mm, de duplo contato com a haste, para vedação de haste sob pressão em cilindros hidráulicos. Fabricação PK Vedações, código PKG.3345.","Gaxeta de poliuretano (PU) tipo BS com diâmetro interno de 60 mm, diâmetro externo de 68 mm e altura de 6 mm. Código PK Vedações PKG.3345. A referência de catálogo equivalente aparece em “Substitui / equivale a”.

O perfil tipo BS tem duplo contato com a haste: dois pontos de vedação no mesmo anel, inteiramente em poliuretano. É aplicado principalmente na vedação de haste em condições de pressão, onde o segundo lábio controla o filme de óleo que sai com a haste e reforça a estanqueidade. O poliuretano dá alta resistência à abrasão e à extrusão.

Como conferir a medida: diâmetro interno é o diâmetro da haste, diâmetro externo é o fundo do canal e altura é a largura do canal. Meça com paquímetro antes de pedir; a gaxeta precisa das três medidas iguais às do alojamento."
"pkg-0147-bs-6-19702362-393","111","Gaxeta de poliuretano tipo BS, 60 × 70 × 10 mm, de duplo contato com a haste, para vedação de haste sob pressão em cilindros hidráulicos. Fabricação PK Vedações, código PKG.0147.","Gaxeta de poliuretano (PU) tipo BS com diâmetro interno de 60 mm, diâmetro externo de 70 mm e altura de 10 mm. Código PK Vedações PKG.0147. A referência de catálogo equivalente aparece em “Substitui / equivale a”.

O perfil tipo BS tem duplo contato com a haste: dois pontos de vedação no mesmo anel, inteiramente em poliuretano. É aplicado principalmente na vedação de haste em condições de pressão, onde o segundo lábio controla o filme de óleo que sai com a haste e reforça a estanqueidade. O poliuretano dá alta resistência à abrasão e à extrusão.

Como conferir a medida: diâmetro interno é o diâmetro da haste, diâmetro externo é o fundo do canal e altura é a largura do canal. Meça com paquímetro antes de pedir; a gaxeta precisa das três medidas iguais às do alojamento."
"pkg-0517-bs-6-29502362-452","111","Gaxeta de poliuretano tipo BS, 60 × 75 × 11,5 mm, de duplo contato com a haste, para vedação de haste sob pressão em cilindros hidráulicos. Fabricação PK Vedações, código PKG.0517.","Gaxeta de poliuretano (PU) tipo BS com diâmetro interno de 60 mm, diâmetro externo de 75 mm e altura de 11,5 mm. Código PK Vedações PKG.0517. A referência de catálogo equivalente aparece em “Substitui / equivale a”.

O perfil tipo BS tem duplo contato com a haste: dois pontos de vedação no mesmo anel, inteiramente em poliuretano. É aplicado principalmente na vedação de haste em condições de pressão, onde o segundo lábio controla o filme de óleo que sai com a haste e reforça a estanqueidade. O poliuretano dá alta resistência à abrasão e à extrusão.

Como conferir a medida: diâmetro interno é o diâmetro da haste, diâmetro externo é o fundo do canal e altura é a largura do canal. Meça com paquímetro antes de pedir; a gaxeta precisa das três medidas iguais às do alojamento."
"pkg-0139-bs-18702500-312","111","Gaxeta de poliuretano tipo BS, 63,5 × 73,02 × 7,93 mm, de duplo contato com a haste, para vedação de haste sob pressão em cilindros hidráulicos. Fabricação PK Vedações, código PKG.0139.","Gaxeta de poliuretano (PU) tipo BS com diâmetro interno de 63,5 mm, diâmetro externo de 73,02 mm e altura de 7,93 mm. Código PK Vedações PKG.0139. A referência de catálogo equivalente aparece em “Substitui / equivale a”.

O perfil tipo BS tem duplo contato com a haste: dois pontos de vedação no mesmo anel, inteiramente em poliuretano. É aplicado principalmente na vedação de haste em condições de pressão, onde o segundo lábio controla o filme de óleo que sai com a haste e reforça a estanqueidade. O poliuretano dá alta resistência à abrasão e à extrusão.

Como conferir a medida: diâmetro interno é o diâmetro da haste, diâmetro externo é o fundo do canal e altura é a largura do canal. Meça com paquímetro antes de pedir; a gaxeta precisa das três medidas iguais às do alojamento."
"pkg-0378-bs-18702500-375","111","Gaxeta de poliuretano tipo BS, 63,5 × 73,02 × 9,52 mm, de duplo contato com a haste, para vedação de haste sob pressão em cilindros hidráulicos. Fabricação PK Vedações, código PKG.0378.","Gaxeta de poliuretano (PU) tipo BS com diâmetro interno de 63,5 mm, diâmetro externo de 73,02 mm e altura de 9,52 mm. Código PK Vedações PKG.0378. A referência de catálogo equivalente aparece em “Substitui / equivale a”.

O perfil tipo BS tem duplo contato com a haste: dois pontos de vedação no mesmo anel, inteiramente em poliuretano. É aplicado principalmente na vedação de haste em condições de pressão, onde o segundo lábio controla o filme de óleo que sai com a haste e reforça a estanqueidade. O poliuretano dá alta resistência à abrasão e à extrusão.

Como conferir a medida: diâmetro interno é o diâmetro da haste, diâmetro externo é o fundo do canal e altura é a largura do canal. Meça com paquímetro antes de pedir; a gaxeta precisa das três medidas iguais às do alojamento."
"pkg-0152-bs-25002500-375","111","Gaxeta de poliuretano tipo BS, 63,5 × 76,2 × 9,52 mm, de duplo contato com a haste, para vedação de haste sob pressão em cilindros hidráulicos. Fabricação PK Vedações, código PKG.0152.","Gaxeta de poliuretano (PU) tipo BS com diâmetro interno de 63,5 mm, diâmetro externo de 76,2 mm e altura de 9,52 mm. Código PK Vedações PKG.0152. A referência de catálogo equivalente aparece em “Substitui / equivale a”.

O perfil tipo BS tem duplo contato com a haste: dois pontos de vedação no mesmo anel, inteiramente em poliuretano. É aplicado principalmente na vedação de haste em condições de pressão, onde o segundo lábio controla o filme de óleo que sai com a haste e reforça a estanqueidade. O poliuretano dá alta resistência à abrasão e à extrusão.

Como conferir a medida: diâmetro interno é o diâmetro da haste, diâmetro externo é o fundo do canal e altura é a largura do canal. Meça com paquímetro antes de pedir; a gaxeta precisa das três medidas iguais às do alojamento."
"pkg-3155-bs-6-32502500-394","111","Gaxeta de poliuretano tipo BS, 63,5 × 80 × 10 mm, de duplo contato com a haste, para vedação de haste sob pressão em cilindros hidráulicos. Fabricação PK Vedações, código PKG.3155.","Gaxeta de poliuretano (PU) tipo BS com diâmetro interno de 63,5 mm, diâmetro externo de 80 mm e altura de 10 mm. Código PK Vedações PKG.3155. A referência de catálogo equivalente aparece em “Substitui / equivale a”.

O perfil tipo BS tem duplo contato com a haste: dois pontos de vedação no mesmo anel, inteiramente em poliuretano. É aplicado principalmente na vedação de haste em condições de pressão, onde o segundo lábio controla o filme de óleo que sai com a haste e reforça a estanqueidade. O poliuretano dá alta resistência à abrasão e à extrusão.

Como conferir a medida: diâmetro interno é o diâmetro da haste, diâmetro externo é o fundo do canal e altura é a largura do canal. Meça com paquímetro antes de pedir; a gaxeta precisa das três medidas iguais às do alojamento."
"pkg-3303-bs-6-19702677-264","111","Gaxeta de poliuretano tipo BS, 68 × 78 × 6,7 mm, de duplo contato com a haste, para vedação de haste sob pressão em cilindros hidráulicos. Fabricação PK Vedações, código PKG.3303.","Gaxeta de poliuretano (PU) tipo BS com diâmetro interno de 68 mm, diâmetro externo de 78 mm e altura de 6,7 mm. Código PK Vedações PKG.3303. A referência de catálogo equivalente aparece em “Substitui / equivale a”.

O perfil tipo BS tem duplo contato com a haste: dois pontos de vedação no mesmo anel, inteiramente em poliuretano. É aplicado principalmente na vedação de haste em condições de pressão, onde o segundo lábio controla o filme de óleo que sai com a haste e reforça a estanqueidade. O poliuretano dá alta resistência à abrasão e à extrusão.

Como conferir a medida: diâmetro interno é o diâmetro da haste, diâmetro externo é o fundo do canal e altura é a largura do canal. Meça com paquímetro antes de pedir; a gaxeta precisa das três medidas iguais às do alojamento."
"pkg-0281-bs-18702750-500","111","Gaxeta de poliuretano tipo BS, 69,85 × 79,37 × 12,7 mm, de duplo contato com a haste, para vedação de haste sob pressão em cilindros hidráulicos. Fabricação PK Vedações, código PKG.0281.","Gaxeta de poliuretano (PU) tipo BS com diâmetro interno de 69,85 mm, diâmetro externo de 79,37 mm e altura de 12,7 mm. Código PK Vedações PKG.0281. A referência de catálogo equivalente aparece em “Substitui / equivale a”.

O perfil tipo BS tem duplo contato com a haste: dois pontos de vedação no mesmo anel, inteiramente em poliuretano. É aplicado principalmente na vedação de haste em condições de pressão, onde o segundo lábio controla o filme de óleo que sai com a haste e reforça a estanqueidade. O poliuretano dá alta resistência à abrasão e à extrusão.

Como conferir a medida: diâmetro interno é o diâmetro da haste, diâmetro externo é o fundo do canal e altura é a largura do canal. Meça com paquímetro antes de pedir; a gaxeta precisa das três medidas iguais às do alojamento."
"pkg-0177-bs-25002750-375","111","Gaxeta de poliuretano tipo BS, 69,85 × 82,55 × 9,52 mm, de duplo contato com a haste, para vedação de haste sob pressão em cilindros hidráulicos. Fabricação PK Vedações, código PKG.0177.","Gaxeta de poliuretano (PU) tipo BS com diâmetro interno de 69,85 mm, diâmetro externo de 82,55 mm e altura de 9,52 mm. Código PK Vedações PKG.0177. A referência de catálogo equivalente aparece em “Substitui / equivale a”.

O perfil tipo BS tem duplo contato com a haste: dois pontos de vedação no mesmo anel, inteiramente em poliuretano. É aplicado principalmente na vedação de haste em condições de pressão, onde o segundo lábio controla o filme de óleo que sai com a haste e reforça a estanqueidade. O poliuretano dá alta resistência à abrasão e à extrusão.

Como conferir a medida: diâmetro interno é o diâmetro da haste, diâmetro externo é o fundo do canal e altura é a largura do canal. Meça com paquímetro antes de pedir; a gaxeta precisa das três medidas iguais às do alojamento."
"pkg-0421-bs-25003000-375","111","Gaxeta de poliuretano tipo BS, 76,2 × 88,9 × 9,52 mm, de duplo contato com a haste, para vedação de haste sob pressão em cilindros hidráulicos. Fabricação PK Vedações, código PKG.0421.","Gaxeta de poliuretano (PU) tipo BS com diâmetro interno de 76,2 mm, diâmetro externo de 88,9 mm e altura de 9,52 mm. Código PK Vedações PKG.0421. A referência de catálogo equivalente aparece em “Substitui / equivale a”.

O perfil tipo BS tem duplo contato com a haste: dois pontos de vedação no mesmo anel, inteiramente em poliuretano. É aplicado principalmente na vedação de haste em condições de pressão, onde o segundo lábio controla o filme de óleo que sai com a haste e reforça a estanqueidade. O poliuretano dá alta resistência à abrasão e à extrusão.

Como conferir a medida: diâmetro interno é o diâmetro da haste, diâmetro externo é o fundo do canal e altura é a largura do canal. Meça com paquímetro antes de pedir; a gaxeta precisa das três medidas iguais às do alojamento."
"pkg-3304-bs-6-19703051-264","111","Gaxeta de poliuretano tipo BS, 77,5 × 87,5 × 6,7 mm, de duplo contato com a haste, para vedação de haste sob pressão em cilindros hidráulicos. Fabricação PK Vedações, código PKG.3304.","Gaxeta de poliuretano (PU) tipo BS com diâmetro interno de 77,5 mm, diâmetro externo de 87,5 mm e altura de 6,7 mm. Código PK Vedações PKG.3304. A referência de catálogo equivalente aparece em “Substitui / equivale a”.

O perfil tipo BS tem duplo contato com a haste: dois pontos de vedação no mesmo anel, inteiramente em poliuretano. É aplicado principalmente na vedação de haste em condições de pressão, onde o segundo lábio controla o filme de óleo que sai com a haste e reforça a estanqueidade. O poliuretano dá alta resistência à abrasão e à extrusão.

Como conferir a medida: diâmetro interno é o diâmetro da haste, diâmetro externo é o fundo do canal e altura é a largura do canal. Meça com paquímetro antes de pedir; a gaxeta precisa das três medidas iguais às do alojamento."
"pkg-0386-bs-6-21253177-393","111","Gaxeta de poliuretano tipo BS, 80,7 × 91,5 × 10 mm, de duplo contato com a haste, para vedação de haste sob pressão em cilindros hidráulicos. Fabricação PK Vedações, código PKG.0386.","Gaxeta de poliuretano (PU) tipo BS com diâmetro interno de 80,7 mm, diâmetro externo de 91,5 mm e altura de 10 mm. Código PK Vedações PKG.0386. A referência de catálogo equivalente aparece em “Substitui / equivale a”.

O perfil tipo BS tem duplo contato com a haste: dois pontos de vedação no mesmo anel, inteiramente em poliuretano. É aplicado principalmente na vedação de haste em condições de pressão, onde o segundo lábio controla o filme de óleo que sai com a haste e reforça a estanqueidade. O poliuretano dá alta resistência à abrasão e à extrusão.

Como conferir a medida: diâmetro interno é o diâmetro da haste, diâmetro externo é o fundo do canal e altura é a largura do canal. Meça com paquímetro antes de pedir; a gaxeta precisa das três medidas iguais às do alojamento."
"pkg-2310-bs-6-29503150-472","111","Gaxeta de poliuretano tipo BS, 80 × 95 × 12 mm, de duplo contato com a haste, para vedação de haste sob pressão em cilindros hidráulicos. Fabricação PK Vedações, código PKG.2310.","Gaxeta de poliuretano (PU) tipo BS com diâmetro interno de 80 mm, diâmetro externo de 95 mm e altura de 12 mm. Código PK Vedações PKG.2310. A referência de catálogo equivalente aparece em “Substitui / equivale a”.

O perfil tipo BS tem duplo contato com a haste: dois pontos de vedação no mesmo anel, inteiramente em poliuretano. É aplicado principalmente na vedação de haste em condições de pressão, onde o segundo lábio controla o filme de óleo que sai com a haste e reforça a estanqueidade. O poliuretano dá alta resistência à abrasão e à extrusão.

Como conferir a medida: diâmetro interno é o diâmetro da haste, diâmetro externo é o fundo do canal e altura é a largura do canal. Meça com paquímetro antes de pedir; a gaxeta precisa das três medidas iguais às do alojamento."
"pkg-3239-bs-6-08900315-157","111","Gaxeta de poliuretano tipo BS, 8 × 12,5 × 4 mm, de duplo contato com a haste, para vedação de haste sob pressão em cilindros hidráulicos. Fabricação PK Vedações, código PKG.3239.","Gaxeta de poliuretano (PU) tipo BS com diâmetro interno de 8 mm, diâmetro externo de 12,5 mm e altura de 4 mm. Código PK Vedações PKG.3239. A referência de catálogo equivalente aparece em “Substitui / equivale a”.

O perfil tipo BS tem duplo contato com a haste: dois pontos de vedação no mesmo anel, inteiramente em poliuretano. É aplicado principalmente na vedação de haste em condições de pressão, onde o segundo lábio controla o filme de óleo que sai com a haste e reforça a estanqueidade. O poliuretano dá alta resistência à abrasão e à extrusão.

Como conferir a medida: diâmetro interno é o diâmetro da haste, diâmetro externo é o fundo do canal e altura é a largura do canal. Meça com paquímetro antes de pedir; a gaxeta precisa das três medidas iguais às do alojamento."
"pkg-0572-bs-6-15743358-472","111","Gaxeta de poliuretano tipo BS, 85,3 × 93,3 × 12 mm, de duplo contato com a haste, para vedação de haste sob pressão em cilindros hidráulicos. Fabricação PK Vedações, código PKG.0572.","Gaxeta de poliuretano (PU) tipo BS com diâmetro interno de 85,3 mm, diâmetro externo de 93,3 mm e altura de 12 mm. Código PK Vedações PKG.0572. A referência de catálogo equivalente aparece em “Substitui / equivale a”.

O perfil tipo BS tem duplo contato com a haste: dois pontos de vedação no mesmo anel, inteiramente em poliuretano. É aplicado principalmente na vedação de haste em condições de pressão, onde o segundo lábio controla o filme de óleo que sai com a haste e reforça a estanqueidade. O poliuretano dá alta resistência à abrasão e à extrusão.

Como conferir a medida: diâmetro interno é o diâmetro da haste, diâmetro externo é o fundo do canal e altura é a largura do canal. Meça com paquímetro antes de pedir; a gaxeta precisa das três medidas iguais às do alojamento."
"pkg-0221-bs-6-19703346-472","111","Gaxeta de poliuretano tipo BS, 85 × 95 × 12 mm, de duplo contato com a haste, para vedação de haste sob pressão em cilindros hidráulicos. Fabricação PK Vedações, código PKG.0221.","Gaxeta de poliuretano (PU) tipo BS com diâmetro interno de 85 mm, diâmetro externo de 95 mm e altura de 12 mm. Código PK Vedações PKG.0221. A referência de catálogo equivalente aparece em “Substitui / equivale a”.

O perfil tipo BS tem duplo contato com a haste: dois pontos de vedação no mesmo anel, inteiramente em poliuretano. É aplicado principalmente na vedação de haste em condições de pressão, onde o segundo lábio controla o filme de óleo que sai com a haste e reforça a estanqueidade. O poliuretano dá alta resistência à abrasão e à extrusão.

Como conferir a medida: diâmetro interno é o diâmetro da haste, diâmetro externo é o fundo do canal e altura é a largura do canal. Meça com paquímetro antes de pedir; a gaxeta precisa das três medidas iguais às do alojamento."
"pkg-0422-bs-25003500-375","111","Gaxeta de poliuretano tipo BS, 88,9 × 101,6 × 9,52 mm, de duplo contato com a haste, para vedação de haste sob pressão em cilindros hidráulicos. Fabricação PK Vedações, código PKG.0422.","Gaxeta de poliuretano (PU) tipo BS com diâmetro interno de 88,9 mm, diâmetro externo de 101,6 mm e altura de 9,52 mm. Código PK Vedações PKG.0422. A referência de catálogo equivalente aparece em “Substitui / equivale a”.

O perfil tipo BS tem duplo contato com a haste: dois pontos de vedação no mesmo anel, inteiramente em poliuretano. É aplicado principalmente na vedação de haste em condições de pressão, onde o segundo lábio controla o filme de óleo que sai com a haste e reforça a estanqueidade. O poliuretano dá alta resistência à abrasão e à extrusão.

Como conferir a medida: diâmetro interno é o diâmetro da haste, diâmetro externo é o fundo do canal e altura é a largura do canal. Meça com paquímetro antes de pedir; a gaxeta precisa das três medidas iguais às do alojamento."
"pkg-0285-bs-6-18303464-314","111","Gaxeta de poliuretano tipo BS, 88 × 97,3 × 8 mm, de duplo contato com a haste, para vedação de haste sob pressão em cilindros hidráulicos. Fabricação PK Vedações, código PKG.0285.","Gaxeta de poliuretano (PU) tipo BS com diâmetro interno de 88 mm, diâmetro externo de 97,3 mm e altura de 8 mm. Código PK Vedações PKG.0285. A referência de catálogo equivalente aparece em “Substitui / equivale a”.

O perfil tipo BS tem duplo contato com a haste: dois pontos de vedação no mesmo anel, inteiramente em poliuretano. É aplicado principalmente na vedação de haste em condições de pressão, onde o segundo lábio controla o filme de óleo que sai com a haste e reforça a estanqueidade. O poliuretano dá alta resistência à abrasão e à extrusão.

Como conferir a medida: diâmetro interno é o diâmetro da haste, diâmetro externo é o fundo do canal e altura é a largura do canal. Meça com paquímetro antes de pedir; a gaxeta precisa das três medidas iguais às do alojamento."
"pkg-3305-bs-6-19703465-264","111","Gaxeta de poliuretano tipo BS, 88 × 98 × 6,7 mm, de duplo contato com a haste, para vedação de haste sob pressão em cilindros hidráulicos. Fabricação PK Vedações, código PKG.3305.","Gaxeta de poliuretano (PU) tipo BS com diâmetro interno de 88 mm, diâmetro externo de 98 mm e altura de 6,7 mm. Código PK Vedações PKG.3305. A referência de catálogo equivalente aparece em “Substitui / equivale a”.

O perfil tipo BS tem duplo contato com a haste: dois pontos de vedação no mesmo anel, inteiramente em poliuretano. É aplicado principalmente na vedação de haste em condições de pressão, onde o segundo lábio controla o filme de óleo que sai com a haste e reforça a estanqueidade. O poliuretano dá alta resistência à abrasão e à extrusão.

Como conferir a medida: diâmetro interno é o diâmetro da haste, diâmetro externo é o fundo do canal e altura é a largura do canal. Meça com paquímetro antes de pedir; a gaxeta precisa das três medidas iguais às do alojamento."
"pkg-0380-bs-18703500-375","111","Gaxeta de poliuretano tipo BS, 88,9 × 98,42 × 9,52 mm, de duplo contato com a haste, para vedação de haste sob pressão em cilindros hidráulicos. Fabricação PK Vedações, código PKG.0380.","Gaxeta de poliuretano (PU) tipo BS com diâmetro interno de 88,9 mm, diâmetro externo de 98,42 mm e altura de 9,52 mm. Código PK Vedações PKG.0380. A referência de catálogo equivalente aparece em “Substitui / equivale a”.

O perfil tipo BS tem duplo contato com a haste: dois pontos de vedação no mesmo anel, inteiramente em poliuretano. É aplicado principalmente na vedação de haste em condições de pressão, onde o segundo lábio controla o filme de óleo que sai com a haste e reforça a estanqueidade. O poliuretano dá alta resistência à abrasão e à extrusão.

Como conferir a medida: diâmetro interno é o diâmetro da haste, diâmetro externo é o fundo do canal e altura é a largura do canal. Meça com paquímetro antes de pedir; a gaxeta precisa das três medidas iguais às do alojamento."
"pkg-3147-bs-6-19703543-236","111","Gaxeta de poliuretano tipo BS, 90 × 100 × 6 mm, de duplo contato com a haste, para vedação de haste sob pressão em cilindros hidráulicos. Fabricação PK Vedações, código PKG.3147.","Gaxeta de poliuretano (PU) tipo BS com diâmetro interno de 90 mm, diâmetro externo de 100 mm e altura de 6 mm. Código PK Vedações PKG.3147. A referência de catálogo equivalente aparece em “Substitui / equivale a”.

O perfil tipo BS tem duplo contato com a haste: dois pontos de vedação no mesmo anel, inteiramente em poliuretano. É aplicado principalmente na vedação de haste em condições de pressão, onde o segundo lábio controla o filme de óleo que sai com a haste e reforça a estanqueidade. O poliuretano dá alta resistência à abrasão e à extrusão.

Como conferir a medida: diâmetro interno é o diâmetro da haste, diâmetro externo é o fundo do canal e altura é a largura do canal. Meça com paquímetro antes de pedir; a gaxeta precisa das três medidas iguais às do alojamento."
"pkg-3143-bs-6-39403543-472","111","Gaxeta de poliuretano tipo BS, 90 × 110 × 12 mm, de duplo contato com a haste, para vedação de haste sob pressão em cilindros hidráulicos. Fabricação PK Vedações, código PKG.3143.","Gaxeta de poliuretano (PU) tipo BS com diâmetro interno de 90 mm, diâmetro externo de 110 mm e altura de 12 mm. Código PK Vedações PKG.3143. A referência de catálogo equivalente aparece em “Substitui / equivale a”.

O perfil tipo BS tem duplo contato com a haste: dois pontos de vedação no mesmo anel, inteiramente em poliuretano. É aplicado principalmente na vedação de haste em condições de pressão, onde o segundo lábio controla o filme de óleo que sai com a haste e reforça a estanqueidade. O poliuretano dá alta resistência à abrasão e à extrusão.

Como conferir a medida: diâmetro interno é o diâmetro da haste, diâmetro externo é o fundo do canal e altura é a largura do canal. Meça com paquímetro antes de pedir; a gaxeta precisa das três medidas iguais às do alojamento."
"pkg-0234-bs-6-21253582-393","111","Gaxeta de poliuretano tipo BS, 91 × 101,8 × 10 mm, de duplo contato com a haste, para vedação de haste sob pressão em cilindros hidráulicos. Fabricação PK Vedações, código PKG.0234.","Gaxeta de poliuretano (PU) tipo BS com diâmetro interno de 91 mm, diâmetro externo de 101,8 mm e altura de 10 mm. Código PK Vedações PKG.0234. A referência de catálogo equivalente aparece em “Substitui / equivale a”.

O perfil tipo BS tem duplo contato com a haste: dois pontos de vedação no mesmo anel, inteiramente em poliuretano. É aplicado principalmente na vedação de haste em condições de pressão, onde o segundo lábio controla o filme de óleo que sai com a haste e reforça a estanqueidade. O poliuretano dá alta resistência à abrasão e à extrusão.

Como conferir a medida: diâmetro interno é o diâmetro da haste, diâmetro externo é o fundo do canal e altura é a largura do canal. Meça com paquímetro antes de pedir; a gaxeta precisa das três medidas iguais às do alojamento."
"pkg-3355-bs-6-15703622-452","111","Gaxeta de poliuretano tipo BS, 92 × 100 × 11,5 mm, de duplo contato com a haste, para vedação de haste sob pressão em cilindros hidráulicos. Fabricação PK Vedações, código PKG.3355.","Gaxeta de poliuretano (PU) tipo BS com diâmetro interno de 92 mm, diâmetro externo de 100 mm e altura de 11,5 mm. Código PK Vedações PKG.3355. A referência de catálogo equivalente aparece em “Substitui / equivale a”.

O perfil tipo BS tem duplo contato com a haste: dois pontos de vedação no mesmo anel, inteiramente em poliuretano. É aplicado principalmente na vedação de haste em condições de pressão, onde o segundo lábio controla o filme de óleo que sai com a haste e reforça a estanqueidade. O poliuretano dá alta resistência à abrasão e à extrusão.

Como conferir a medida: diâmetro interno é o diâmetro da haste, diâmetro externo é o fundo do canal e altura é a largura do canal. Meça com paquímetro antes de pedir; a gaxeta precisa das três medidas iguais às do alojamento."
"pkg-2678-bs-6-43803875-750","111","Gaxeta de poliuretano tipo BS, 98,42 × 120,65 × 19,05 mm, de duplo contato com a haste, para vedação de haste sob pressão em cilindros hidráulicos. Fabricação PK Vedações, código PKG.2678.","Gaxeta de poliuretano (PU) tipo BS com diâmetro interno de 98,42 mm, diâmetro externo de 120,65 mm e altura de 19,05 mm. Código PK Vedações PKG.2678. A referência de catálogo equivalente aparece em “Substitui / equivale a”.

O perfil tipo BS tem duplo contato com a haste: dois pontos de vedação no mesmo anel, inteiramente em poliuretano. É aplicado principalmente na vedação de haste em condições de pressão, onde o segundo lábio controla o filme de óleo que sai com a haste e reforça a estanqueidade. O poliuretano dá alta resistência à abrasão e à extrusão.

Como conferir a medida: diâmetro interno é o diâmetro da haste, diâmetro externo é o fundo do canal e altura é a largura do canal. Meça com paquímetro antes de pedir; a gaxeta precisa das três medidas iguais às do alojamento."
"pkg-2648-bs-6-19703898-563","111","Gaxeta de poliuretano tipo BS, 99 × 109 × 14,3 mm, de duplo contato com a haste, para vedação de haste sob pressão em cilindros hidráulicos. Fabricação PK Vedações, código PKG.2648.","Gaxeta de poliuretano (PU) tipo BS com diâmetro interno de 99 mm, diâmetro externo de 109 mm e altura de 14,3 mm. Código PK Vedações PKG.2648. A referência de catálogo equivalente aparece em “Substitui / equivale a”.

O perfil tipo BS tem duplo contato com a haste: dois pontos de vedação no mesmo anel, inteiramente em poliuretano. É aplicado principalmente na vedação de haste em condições de pressão, onde o segundo lábio controla o filme de óleo que sai com a haste e reforça a estanqueidade. O poliuretano dá alta resistência à abrasão e à extrusão.

Como conferir a medida: diâmetro interno é o diâmetro da haste, diâmetro externo é o fundo do canal e altura é a largura do canal. Meça com paquímetro antes de pedir; a gaxeta precisa das três medidas iguais às do alojamento."
"pkg-0387-bs-6-21253905-393","111","Gaxeta de poliuretano tipo BS, 99,2 × 110 × 10 mm, de duplo contato com a haste, para vedação de haste sob pressão em cilindros hidráulicos. Fabricação PK Vedações, código PKG.0387.","Gaxeta de poliuretano (PU) tipo BS com diâmetro interno de 99,2 mm, diâmetro externo de 110 mm e altura de 10 mm. Código PK Vedações PKG.0387. A referência de catálogo equivalente aparece em “Substitui / equivale a”.

O perfil tipo BS tem duplo contato com a haste: dois pontos de vedação no mesmo anel, inteiramente em poliuretano. É aplicado principalmente na vedação de haste em condições de pressão, onde o segundo lábio controla o filme de óleo que sai com a haste e reforça a estanqueidade. O poliuretano dá alta resistência à abrasão e à extrusão.

Como conferir a medida: diâmetro interno é o diâmetro da haste, diâmetro externo é o fundo do canal e altura é a largura do canal. Meça com paquímetro antes de pedir; a gaxeta precisa das três medidas iguais às do alojamento."
"pkg-0265-6-31203942","111","Gaxeta de poliuretano tipo STD (Standard), 100,12 × 116 × 7,93 mm, perfil padrão para êmbolo de cilindros hidráulicos e pneumáticos. Fabricação PK Vedações, código PKG.0265.","Gaxeta de poliuretano (PU) tipo STD (Standard) com diâmetro interno de 100,12 mm, diâmetro externo de 116 mm e altura de 7,93 mm. Código PK Vedações PKG.0265. A referência de catálogo equivalente aparece em “Substitui / equivale a”.

O perfil Standard é o perfil padrão para êmbolo (pistão), com altura igual à seção. Substitui, no mesmo alojamento, as gaxetas tipo V e tipo U de borracha, com vedação melhor em baixa pressão e vida útil maior, porque o poliuretano resiste mais à abrasão e à extrusão. Serve em cilindros hidráulicos e pneumáticos.

Como conferir a medida: diâmetro interno é o fundo do canal no êmbolo, diâmetro externo é o diâmetro da camisa e altura é a largura do canal. Meça com paquímetro antes de pedir; a gaxeta precisa das três medidas iguais às do alojamento."
"pkg-1973-25004000","111","Gaxeta de poliuretano tipo STD (Standard), 101,6 × 114,3 × 6,35 mm, perfil padrão para êmbolo de cilindros hidráulicos e pneumáticos. Fabricação PK Vedações, código PKG.1973.","Gaxeta de poliuretano (PU) tipo STD (Standard) com diâmetro interno de 101,6 mm, diâmetro externo de 114,3 mm e altura de 6,35 mm. Código PK Vedações PKG.1973. A referência de catálogo equivalente aparece em “Substitui / equivale a”.

O perfil Standard é o perfil padrão para êmbolo (pistão), com altura igual à seção. Substitui, no mesmo alojamento, as gaxetas tipo V e tipo U de borracha, com vedação melhor em baixa pressão e vida útil maior, porque o poliuretano resiste mais à abrasão e à extrusão. Serve em cilindros hidráulicos e pneumáticos.

Como conferir a medida: diâmetro interno é o fundo do canal no êmbolo, diâmetro externo é o diâmetro da camisa e altura é a largura do canal. Meça com paquímetro antes de pedir; a gaxeta precisa das três medidas iguais às do alojamento."
"pkg-0265-a-31204000","111","Gaxeta de poliuretano tipo STD (Standard), 101,6 × 117,44 × 7,93 mm, perfil padrão para êmbolo de cilindros hidráulicos e pneumáticos. Fabricação PK Vedações, código PKG.0265.","Gaxeta de poliuretano (PU) tipo STD (Standard) com diâmetro interno de 101,6 mm, diâmetro externo de 117,44 mm e altura de 7,93 mm. Código PK Vedações PKG.0265. A referência de catálogo equivalente aparece em “Substitui / equivale a”.

O perfil Standard é o perfil padrão para êmbolo (pistão), com altura igual à seção. Substitui, no mesmo alojamento, as gaxetas tipo V e tipo U de borracha, com vedação melhor em baixa pressão e vida útil maior, porque o poliuretano resiste mais à abrasão e à extrusão. Serve em cilindros hidráulicos e pneumáticos.

Como conferir a medida: diâmetro interno é o fundo do canal no êmbolo, diâmetro externo é o diâmetro da camisa e altura é a largura do canal. Meça com paquímetro antes de pedir; a gaxeta precisa das três medidas iguais às do alojamento."
"pkg-0634-37504000","111","Gaxeta de poliuretano tipo STD (Standard), 101,6 × 120,64 × 9,52 mm, perfil padrão para êmbolo de cilindros hidráulicos e pneumáticos. Fabricação PK Vedações, código PKG.0634.","Gaxeta de poliuretano (PU) tipo STD (Standard) com diâmetro interno de 101,6 mm, diâmetro externo de 120,64 mm e altura de 9,52 mm. Código PK Vedações PKG.0634. A referência de catálogo equivalente aparece em “Substitui / equivale a”.

O perfil Standard é o perfil padrão para êmbolo (pistão), com altura igual à seção. Substitui, no mesmo alojamento, as gaxetas tipo V e tipo U de borracha, com vedação melhor em baixa pressão e vida útil maior, porque o poliuretano resiste mais à abrasão e à extrusão. Serve em cilindros hidráulicos e pneumáticos.

Como conferir a medida: diâmetro interno é o fundo do canal no êmbolo, diâmetro externo é o diâmetro da camisa e altura é a largura do canal. Meça com paquímetro antes de pedir; a gaxeta precisa das três medidas iguais às do alojamento."
"pkg-0635-50004000","111","Gaxeta de poliuretano tipo STD (Standard), 101,6 × 127 × 12,7 mm, perfil padrão para êmbolo de cilindros hidráulicos e pneumáticos. Fabricação PK Vedações, código PKG.0635.","Gaxeta de poliuretano (PU) tipo STD (Standard) com diâmetro interno de 101,6 mm, diâmetro externo de 127 mm e altura de 12,7 mm. Código PK Vedações PKG.0635. A referência de catálogo equivalente aparece em “Substitui / equivale a”.

O perfil Standard é o perfil padrão para êmbolo (pistão), com altura igual à seção. Substitui, no mesmo alojamento, as gaxetas tipo V e tipo U de borracha, com vedação melhor em baixa pressão e vida útil maior, porque o poliuretano resiste mais à abrasão e à extrusão. Serve em cilindros hidráulicos e pneumáticos.

Como conferir a medida: diâmetro interno é o fundo do canal no êmbolo, diâmetro externo é o diâmetro da camisa e altura é a largura do canal. Meça com paquímetro antes de pedir; a gaxeta precisa das três medidas iguais às do alojamento."
"pkg-1059-31204125","111","Gaxeta de poliuretano tipo STD (Standard), 104,77 × 120,63 × 7,93 mm, perfil padrão para êmbolo de cilindros hidráulicos e pneumáticos. Fabricação PK Vedações, código PKG.1059.","Gaxeta de poliuretano (PU) tipo STD (Standard) com diâmetro interno de 104,77 mm, diâmetro externo de 120,63 mm e altura de 7,93 mm. Código PK Vedações PKG.1059. A referência de catálogo equivalente aparece em “Substitui / equivale a”.

O perfil Standard é o perfil padrão para êmbolo (pistão), com altura igual à seção. Substitui, no mesmo alojamento, as gaxetas tipo V e tipo U de borracha, com vedação melhor em baixa pressão e vida útil maior, porque o poliuretano resiste mais à abrasão e à extrusão. Serve em cilindros hidráulicos e pneumáticos.

Como conferir a medida: diâmetro interno é o fundo do canal no êmbolo, diâmetro externo é o diâmetro da camisa e altura é a largura do canal. Meça com paquímetro antes de pedir; a gaxeta precisa das três medidas iguais às do alojamento."
"pkg-1980-37504125","111","Gaxeta de poliuretano tipo STD (Standard), 104,77 × 123,81 × 9,52 mm, perfil padrão para êmbolo de cilindros hidráulicos e pneumáticos. Fabricação PK Vedações, código PKG.1980.","Gaxeta de poliuretano (PU) tipo STD (Standard) com diâmetro interno de 104,77 mm, diâmetro externo de 123,81 mm e altura de 9,52 mm. Código PK Vedações PKG.1980. A referência de catálogo equivalente aparece em “Substitui / equivale a”.

O perfil Standard é o perfil padrão para êmbolo (pistão), com altura igual à seção. Substitui, no mesmo alojamento, as gaxetas tipo V e tipo U de borracha, com vedação melhor em baixa pressão e vida útil maior, porque o poliuretano resiste mais à abrasão e à extrusão. Serve em cilindros hidráulicos e pneumáticos.

Como conferir a medida: diâmetro interno é o fundo do canal no êmbolo, diâmetro externo é o diâmetro da camisa e altura é a largura do canal. Meça com paquímetro antes de pedir; a gaxeta precisa das três medidas iguais às do alojamento."
"pkg-1982-25004250","111","Gaxeta de poliuretano tipo STD (Standard), 107,95 × 120,65 × 6,35 mm, perfil padrão para êmbolo de cilindros hidráulicos e pneumáticos. Fabricação PK Vedações, código PKG.1982.","Gaxeta de poliuretano (PU) tipo STD (Standard) com diâmetro interno de 107,95 mm, diâmetro externo de 120,65 mm e altura de 6,35 mm. Código PK Vedações PKG.1982. A referência de catálogo equivalente aparece em “Substitui / equivale a”.

O perfil Standard é o perfil padrão para êmbolo (pistão), com altura igual à seção. Substitui, no mesmo alojamento, as gaxetas tipo V e tipo U de borracha, com vedação melhor em baixa pressão e vida útil maior, porque o poliuretano resiste mais à abrasão e à extrusão. Serve em cilindros hidráulicos e pneumáticos.

Como conferir a medida: diâmetro interno é o fundo do canal no êmbolo, diâmetro externo é o diâmetro da camisa e altura é a largura do canal. Meça com paquímetro antes de pedir; a gaxeta precisa das três medidas iguais às do alojamento."
"pkg-1983-31204250","111","Gaxeta de poliuretano tipo STD (Standard), 107,95 × 123,82 × 7,93 mm, perfil padrão para êmbolo de cilindros hidráulicos e pneumáticos. Fabricação PK Vedações, código PKG.1983.","Gaxeta de poliuretano (PU) tipo STD (Standard) com diâmetro interno de 107,95 mm, diâmetro externo de 123,82 mm e altura de 7,93 mm. Código PK Vedações PKG.1983. A referência de catálogo equivalente aparece em “Substitui / equivale a”.

O perfil Standard é o perfil padrão para êmbolo (pistão), com altura igual à seção. Substitui, no mesmo alojamento, as gaxetas tipo V e tipo U de borracha, com vedação melhor em baixa pressão e vida útil maior, porque o poliuretano resiste mais à abrasão e à extrusão. Serve em cilindros hidráulicos e pneumáticos.

Como conferir a medida: diâmetro interno é o fundo do canal no êmbolo, diâmetro externo é o diâmetro da camisa e altura é a largura do canal. Meça com paquímetro antes de pedir; a gaxeta precisa das três medidas iguais às do alojamento."
"pkg-0959-37504250","111","Gaxeta de poliuretano tipo STD (Standard), 107,95 × 127 × 9,52 mm, perfil padrão para êmbolo de cilindros hidráulicos e pneumáticos. Fabricação PK Vedações, código PKG.0959.","Gaxeta de poliuretano (PU) tipo STD (Standard) com diâmetro interno de 107,95 mm, diâmetro externo de 127 mm e altura de 9,52 mm. Código PK Vedações PKG.0959. A referência de catálogo equivalente aparece em “Substitui / equivale a”.

O perfil Standard é o perfil padrão para êmbolo (pistão), com altura igual à seção. Substitui, no mesmo alojamento, as gaxetas tipo V e tipo U de borracha, com vedação melhor em baixa pressão e vida útil maior, porque o poliuretano resiste mais à abrasão e à extrusão. Serve em cilindros hidráulicos e pneumáticos.

Como conferir a medida: diâmetro interno é o fundo do canal no êmbolo, diâmetro externo é o diâmetro da camisa e altura é a largura do canal. Meça com paquímetro antes de pedir; a gaxeta precisa das três medidas iguais às do alojamento."
"pkg-1984-50004250","111","Gaxeta de poliuretano tipo STD (Standard), 107,95 × 133,35 × 12,7 mm, perfil padrão para êmbolo de cilindros hidráulicos e pneumáticos. Fabricação PK Vedações, código PKG.1984.","Gaxeta de poliuretano (PU) tipo STD (Standard) com diâmetro interno de 107,95 mm, diâmetro externo de 133,35 mm e altura de 12,7 mm. Código PK Vedações PKG.1984. A referência de catálogo equivalente aparece em “Substitui / equivale a”.

O perfil Standard é o perfil padrão para êmbolo (pistão), com altura igual à seção. Substitui, no mesmo alojamento, as gaxetas tipo V e tipo U de borracha, com vedação melhor em baixa pressão e vida útil maior, porque o poliuretano resiste mais à abrasão e à extrusão. Serve em cilindros hidráulicos e pneumáticos.

Como conferir a medida: diâmetro interno é o fundo do canal no êmbolo, diâmetro externo é o diâmetro da camisa e altura é a largura do canal. Meça com paquímetro antes de pedir; a gaxeta precisa das três medidas iguais às do alojamento."
"pkg-1175-31204375","111","Gaxeta de poliuretano tipo STD (Standard), 111,12 × 126,98 × 7,93 mm, perfil padrão para êmbolo de cilindros hidráulicos e pneumáticos. Fabricação PK Vedações, código PKG.1175.","Gaxeta de poliuretano (PU) tipo STD (Standard) com diâmetro interno de 111,12 mm, diâmetro externo de 126,98 mm e altura de 7,93 mm. Código PK Vedações PKG.1175. A referência de catálogo equivalente aparece em “Substitui / equivale a”.

O perfil Standard é o perfil padrão para êmbolo (pistão), com altura igual à seção. Substitui, no mesmo alojamento, as gaxetas tipo V e tipo U de borracha, com vedação melhor em baixa pressão e vida útil maior, porque o poliuretano resiste mais à abrasão e à extrusão. Serve em cilindros hidráulicos e pneumáticos.

Como conferir a medida: diâmetro interno é o fundo do canal no êmbolo, diâmetro externo é o diâmetro da camisa e altura é a largura do canal. Meça com paquímetro antes de pedir; a gaxeta precisa das três medidas iguais às do alojamento."
"pkg-1990-37504375","111","Gaxeta de poliuretano tipo STD (Standard), 111,12 × 130,17 × 9,52 mm, perfil padrão para êmbolo de cilindros hidráulicos e pneumáticos. Fabricação PK Vedações, código PKG.1990.","Gaxeta de poliuretano (PU) tipo STD (Standard) com diâmetro interno de 111,12 mm, diâmetro externo de 130,17 mm e altura de 9,52 mm. Código PK Vedações PKG.1990. A referência de catálogo equivalente aparece em “Substitui / equivale a”.

O perfil Standard é o perfil padrão para êmbolo (pistão), com altura igual à seção. Substitui, no mesmo alojamento, as gaxetas tipo V e tipo U de borracha, com vedação melhor em baixa pressão e vida útil maior, porque o poliuretano resiste mais à abrasão e à extrusão. Serve em cilindros hidráulicos e pneumáticos.

Como conferir a medida: diâmetro interno é o fundo do canal no êmbolo, diâmetro externo é o diâmetro da camisa e altura é a largura do canal. Meça com paquímetro antes de pedir; a gaxeta precisa das três medidas iguais às do alojamento."
"pkg-1991-18704500","111","Gaxeta de poliuretano tipo STD (Standard), 114,3 × 123,82 × 4,76 mm, perfil padrão para êmbolo de cilindros hidráulicos e pneumáticos. Fabricação PK Vedações, código PKG.1991.","Gaxeta de poliuretano (PU) tipo STD (Standard) com diâmetro interno de 114,3 mm, diâmetro externo de 123,82 mm e altura de 4,76 mm. Código PK Vedações PKG.1991. A referência de catálogo equivalente aparece em “Substitui / equivale a”.

O perfil Standard é o perfil padrão para êmbolo (pistão), com altura igual à seção. Substitui, no mesmo alojamento, as gaxetas tipo V e tipo U de borracha, com vedação melhor em baixa pressão e vida útil maior, porque o poliuretano resiste mais à abrasão e à extrusão. Serve em cilindros hidráulicos e pneumáticos.

Como conferir a medida: diâmetro interno é o fundo do canal no êmbolo, diâmetro externo é o diâmetro da camisa e altura é a largura do canal. Meça com paquímetro antes de pedir; a gaxeta precisa das três medidas iguais às do alojamento."
"pkg-0786-25004500","111","Gaxeta de poliuretano tipo STD (Standard), 114,3 × 127 × 6,35 mm, perfil padrão para êmbolo de cilindros hidráulicos e pneumáticos. Fabricação PK Vedações, código PKG.0786.","Gaxeta de poliuretano (PU) tipo STD (Standard) com diâmetro interno de 114,3 mm, diâmetro externo de 127 mm e altura de 6,35 mm. Código PK Vedações PKG.0786. A referência de catálogo equivalente aparece em “Substitui / equivale a”.

O perfil Standard é o perfil padrão para êmbolo (pistão), com altura igual à seção. Substitui, no mesmo alojamento, as gaxetas tipo V e tipo U de borracha, com vedação melhor em baixa pressão e vida útil maior, porque o poliuretano resiste mais à abrasão e à extrusão. Serve em cilindros hidráulicos e pneumáticos.

Como conferir a medida: diâmetro interno é o fundo do canal no êmbolo, diâmetro externo é o diâmetro da camisa e altura é a largura do canal. Meça com paquímetro antes de pedir; a gaxeta precisa das três medidas iguais às do alojamento."
"pkg-1993-37504500","111","Gaxeta de poliuretano tipo STD (Standard), 114,3 × 133,35 × 9,52 mm, perfil padrão para êmbolo de cilindros hidráulicos e pneumáticos. Fabricação PK Vedações, código PKG.1993.","Gaxeta de poliuretano (PU) tipo STD (Standard) com diâmetro interno de 114,3 mm, diâmetro externo de 133,35 mm e altura de 9,52 mm. Código PK Vedações PKG.1993. A referência de catálogo equivalente aparece em “Substitui / equivale a”.

O perfil Standard é o perfil padrão para êmbolo (pistão), com altura igual à seção. Substitui, no mesmo alojamento, as gaxetas tipo V e tipo U de borracha, com vedação melhor em baixa pressão e vida útil maior, porque o poliuretano resiste mais à abrasão e à extrusão. Serve em cilindros hidráulicos e pneumáticos.

Como conferir a medida: diâmetro interno é o fundo do canal no êmbolo, diâmetro externo é o diâmetro da camisa e altura é a largura do canal. Meça com paquímetro antes de pedir; a gaxeta precisa das três medidas iguais às do alojamento."
"pkg-0896-50004500","111","Gaxeta de poliuretano tipo STD (Standard), 114,3 × 139,7 × 12,7 mm, perfil padrão para êmbolo de cilindros hidráulicos e pneumáticos. Fabricação PK Vedações, código PKG.0896.","Gaxeta de poliuretano (PU) tipo STD (Standard) com diâmetro interno de 114,3 mm, diâmetro externo de 139,7 mm e altura de 12,7 mm. Código PK Vedações PKG.0896. A referência de catálogo equivalente aparece em “Substitui / equivale a”.

O perfil Standard é o perfil padrão para êmbolo (pistão), com altura igual à seção. Substitui, no mesmo alojamento, as gaxetas tipo V e tipo U de borracha, com vedação melhor em baixa pressão e vida útil maior, porque o poliuretano resiste mais à abrasão e à extrusão. Serve em cilindros hidráulicos e pneumáticos.

Como conferir a medida: diâmetro interno é o fundo do canal no êmbolo, diâmetro externo é o diâmetro da camisa e altura é a largura do canal. Meça com paquímetro antes de pedir; a gaxeta precisa das três medidas iguais às do alojamento."
"pkg-1997-25004625","111","Gaxeta de poliuretano tipo STD (Standard), 117,47 × 130,17 × 6,35 mm, perfil padrão para êmbolo de cilindros hidráulicos e pneumáticos. Fabricação PK Vedações, código PKG.1997.","Gaxeta de poliuretano (PU) tipo STD (Standard) com diâmetro interno de 117,47 mm, diâmetro externo de 130,17 mm e altura de 6,35 mm. Código PK Vedações PKG.1997. A referência de catálogo equivalente aparece em “Substitui / equivale a”.

O perfil Standard é o perfil padrão para êmbolo (pistão), com altura igual à seção. Substitui, no mesmo alojamento, as gaxetas tipo V e tipo U de borracha, com vedação melhor em baixa pressão e vida útil maior, porque o poliuretano resiste mais à abrasão e à extrusão. Serve em cilindros hidráulicos e pneumáticos.

Como conferir a medida: diâmetro interno é o fundo do canal no êmbolo, diâmetro externo é o diâmetro da camisa e altura é a largura do canal. Meça com paquímetro antes de pedir; a gaxeta precisa das três medidas iguais às do alojamento."
"pkg-0874-37504625","111","Gaxeta de poliuretano tipo STD (Standard), 117,47 × 136,51 × 9,52 mm, perfil padrão para êmbolo de cilindros hidráulicos e pneumáticos. Fabricação PK Vedações, código PKG.0874.","Gaxeta de poliuretano (PU) tipo STD (Standard) com diâmetro interno de 117,47 mm, diâmetro externo de 136,51 mm e altura de 9,52 mm. Código PK Vedações PKG.0874. A referência de catálogo equivalente aparece em “Substitui / equivale a”.

O perfil Standard é o perfil padrão para êmbolo (pistão), com altura igual à seção. Substitui, no mesmo alojamento, as gaxetas tipo V e tipo U de borracha, com vedação melhor em baixa pressão e vida útil maior, porque o poliuretano resiste mais à abrasão e à extrusão. Serve em cilindros hidráulicos e pneumáticos.

Como conferir a medida: diâmetro interno é o fundo do canal no êmbolo, diâmetro externo é o diâmetro da camisa e altura é a largura do canal. Meça com paquímetro antes de pedir; a gaxeta precisa das três medidas iguais às do alojamento."
"pkg-0957-37504750","111","Gaxeta de poliuretano tipo STD (Standard), 120,6 × 139,6 × 9,52 mm, perfil padrão para êmbolo de cilindros hidráulicos e pneumáticos. Fabricação PK Vedações, código PKG.0957.","Gaxeta de poliuretano (PU) tipo STD (Standard) com diâmetro interno de 120,6 mm, diâmetro externo de 139,6 mm e altura de 9,52 mm. Código PK Vedações PKG.0957. A referência de catálogo equivalente aparece em “Substitui / equivale a”.

O perfil Standard é o perfil padrão para êmbolo (pistão), com altura igual à seção. Substitui, no mesmo alojamento, as gaxetas tipo V e tipo U de borracha, com vedação melhor em baixa pressão e vida útil maior, porque o poliuretano resiste mais à abrasão e à extrusão. Serve em cilindros hidráulicos e pneumáticos.

Como conferir a medida: diâmetro interno é o fundo do canal no êmbolo, diâmetro externo é o diâmetro da camisa e altura é a largura do canal. Meça com paquímetro antes de pedir; a gaxeta precisa das três medidas iguais às do alojamento."
"pkg-1530-6-49204920","111","Gaxeta de poliuretano tipo STD (Standard), 125 × 150 × 12,5 mm, perfil padrão para êmbolo de cilindros hidráulicos e pneumáticos. Fabricação PK Vedações, código PKG.1530.","Gaxeta de poliuretano (PU) tipo STD (Standard) com diâmetro interno de 125 mm, diâmetro externo de 150 mm e altura de 12,5 mm. Código PK Vedações PKG.1530. A referência de catálogo equivalente aparece em “Substitui / equivale a”.

O perfil Standard é o perfil padrão para êmbolo (pistão), com altura igual à seção. Substitui, no mesmo alojamento, as gaxetas tipo V e tipo U de borracha, com vedação melhor em baixa pressão e vida útil maior, porque o poliuretano resiste mais à abrasão e à extrusão. Serve em cilindros hidráulicos e pneumáticos.

Como conferir a medida: diâmetro interno é o fundo do canal no êmbolo, diâmetro externo é o diâmetro da camisa e altura é a largura do canal. Meça com paquímetro antes de pedir; a gaxeta precisa das três medidas iguais às do alojamento."
"pkg-1122-25005000","111","Gaxeta de poliuretano tipo STD (Standard), 127 × 139,7 × 6,35 mm, perfil padrão para êmbolo de cilindros hidráulicos e pneumáticos. Fabricação PK Vedações, código PKG.1122.","Gaxeta de poliuretano (PU) tipo STD (Standard) com diâmetro interno de 127 mm, diâmetro externo de 139,7 mm e altura de 6,35 mm. Código PK Vedações PKG.1122. A referência de catálogo equivalente aparece em “Substitui / equivale a”.

O perfil Standard é o perfil padrão para êmbolo (pistão), com altura igual à seção. Substitui, no mesmo alojamento, as gaxetas tipo V e tipo U de borracha, com vedação melhor em baixa pressão e vida útil maior, porque o poliuretano resiste mais à abrasão e à extrusão. Serve em cilindros hidráulicos e pneumáticos.

Como conferir a medida: diâmetro interno é o fundo do canal no êmbolo, diâmetro externo é o diâmetro da camisa e altura é a largura do canal. Meça com paquímetro antes de pedir; a gaxeta precisa das três medidas iguais às do alojamento."
"pkg-2009-37505000","111","Gaxeta de poliuretano tipo STD (Standard), 127 × 146,04 × 9,52 mm, perfil padrão para êmbolo de cilindros hidráulicos e pneumáticos. Fabricação PK Vedações, código PKG.2009.","Gaxeta de poliuretano (PU) tipo STD (Standard) com diâmetro interno de 127 mm, diâmetro externo de 146,04 mm e altura de 9,52 mm. Código PK Vedações PKG.2009. A referência de catálogo equivalente aparece em “Substitui / equivale a”.

O perfil Standard é o perfil padrão para êmbolo (pistão), com altura igual à seção. Substitui, no mesmo alojamento, as gaxetas tipo V e tipo U de borracha, com vedação melhor em baixa pressão e vida útil maior, porque o poliuretano resiste mais à abrasão e à extrusão. Serve em cilindros hidráulicos e pneumáticos.

Como conferir a medida: diâmetro interno é o fundo do canal no êmbolo, diâmetro externo é o diâmetro da camisa e altura é a largura do canal. Meça com paquímetro antes de pedir; a gaxeta precisa das três medidas iguais às do alojamento."
"pkg-0657-50005000","111","Gaxeta de poliuretano tipo STD (Standard), 127 × 152,4 × 12,7 mm, perfil padrão para êmbolo de cilindros hidráulicos e pneumáticos. Fabricação PK Vedações, código PKG.0657.","Gaxeta de poliuretano (PU) tipo STD (Standard) com diâmetro interno de 127 mm, diâmetro externo de 152,4 mm e altura de 12,7 mm. Código PK Vedações PKG.0657. A referência de catálogo equivalente aparece em “Substitui / equivale a”.

O perfil Standard é o perfil padrão para êmbolo (pistão), com altura igual à seção. Substitui, no mesmo alojamento, as gaxetas tipo V e tipo U de borracha, com vedação melhor em baixa pressão e vida útil maior, porque o poliuretano resiste mais à abrasão e à extrusão. Serve em cilindros hidráulicos e pneumáticos.

Como conferir a medida: diâmetro interno é o fundo do canal no êmbolo, diâmetro externo é o diâmetro da camisa e altura é a largura do canal. Meça com paquímetro antes de pedir; a gaxeta precisa das três medidas iguais às do alojamento."
"pkg-0940-12500500","111","Gaxeta de poliuretano tipo STD (Standard), 12,7 × 19,05 × 3,17 mm, perfil padrão para êmbolo de cilindros hidráulicos e pneumáticos. Fabricação PK Vedações, código PKG.0940.","Gaxeta de poliuretano (PU) tipo STD (Standard) com diâmetro interno de 12,7 mm, diâmetro externo de 19,05 mm e altura de 3,17 mm. Código PK Vedações PKG.0940. A referência de catálogo equivalente aparece em “Substitui / equivale a”.

O perfil Standard é o perfil padrão para êmbolo (pistão), com altura igual à seção. Substitui, no mesmo alojamento, as gaxetas tipo V e tipo U de borracha, com vedação melhor em baixa pressão e vida útil maior, porque o poliuretano resiste mais à abrasão e à extrusão. Serve em cilindros hidráulicos e pneumáticos.

Como conferir a medida: diâmetro interno é o fundo do canal no êmbolo, diâmetro externo é o diâmetro da camisa e altura é a largura do canal. Meça com paquímetro antes de pedir; a gaxeta precisa das três medidas iguais às do alojamento."
"pkg-0944-25000500","111","Gaxeta de poliuretano tipo STD (Standard), 12,7 × 25,4 × 6,35 mm, perfil padrão para êmbolo de cilindros hidráulicos e pneumáticos. Fabricação PK Vedações, código PKG.0944.","Gaxeta de poliuretano (PU) tipo STD (Standard) com diâmetro interno de 12,7 mm, diâmetro externo de 25,4 mm e altura de 6,35 mm. Código PK Vedações PKG.0944. A referência de catálogo equivalente aparece em “Substitui / equivale a”.

O perfil Standard é o perfil padrão para êmbolo (pistão), com altura igual à seção. Substitui, no mesmo alojamento, as gaxetas tipo V e tipo U de borracha, com vedação melhor em baixa pressão e vida útil maior, porque o poliuretano resiste mais à abrasão e à extrusão. Serve em cilindros hidráulicos e pneumáticos.

Como conferir a medida: diâmetro interno é o fundo do canal no êmbolo, diâmetro externo é o diâmetro da camisa e altura é a largura do canal. Meça com paquímetro antes de pedir; a gaxeta precisa das três medidas iguais às do alojamento."
"pkg-1015-37505125","111","Gaxeta de poliuretano tipo STD (Standard), 130,17 × 149,21 × 9,52 mm, perfil padrão para êmbolo de cilindros hidráulicos e pneumáticos. Fabricação PK Vedações, código PKG.1015.","Gaxeta de poliuretano (PU) tipo STD (Standard) com diâmetro interno de 130,17 mm, diâmetro externo de 149,21 mm e altura de 9,52 mm. Código PK Vedações PKG.1015. A referência de catálogo equivalente aparece em “Substitui / equivale a”.

O perfil Standard é o perfil padrão para êmbolo (pistão), com altura igual à seção. Substitui, no mesmo alojamento, as gaxetas tipo V e tipo U de borracha, com vedação melhor em baixa pressão e vida útil maior, porque o poliuretano resiste mais à abrasão e à extrusão. Serve em cilindros hidráulicos e pneumáticos.

Como conferir a medida: diâmetro interno é o fundo do canal no êmbolo, diâmetro externo é o diâmetro da camisa e altura é a largura do canal. Meça com paquímetro antes de pedir; a gaxeta precisa das três medidas iguais às do alojamento."
"pkg-0862-37505250","111","Gaxeta de poliuretano tipo STD (Standard), 133,34 × 152,4 × 9,52 mm, perfil padrão para êmbolo de cilindros hidráulicos e pneumáticos. Fabricação PK Vedações, código PKG.0862.","Gaxeta de poliuretano (PU) tipo STD (Standard) com diâmetro interno de 133,34 mm, diâmetro externo de 152,4 mm e altura de 9,52 mm. Código PK Vedações PKG.0862. A referência de catálogo equivalente aparece em “Substitui / equivale a”.

O perfil Standard é o perfil padrão para êmbolo (pistão), com altura igual à seção. Substitui, no mesmo alojamento, as gaxetas tipo V e tipo U de borracha, com vedação melhor em baixa pressão e vida útil maior, porque o poliuretano resiste mais à abrasão e à extrusão. Serve em cilindros hidráulicos e pneumáticos.

Como conferir a medida: diâmetro interno é o fundo do canal no êmbolo, diâmetro externo é o diâmetro da camisa e altura é a largura do canal. Meça com paquímetro antes de pedir; a gaxeta precisa das três medidas iguais às do alojamento."
"pkg-2015-31205250","111","Gaxeta de poliuretano tipo STD (Standard), 133,35 × 149,21 × 7,93 mm, perfil padrão para êmbolo de cilindros hidráulicos e pneumáticos. Fabricação PK Vedações, código PKG.2015.","Gaxeta de poliuretano (PU) tipo STD (Standard) com diâmetro interno de 133,35 mm, diâmetro externo de 149,21 mm e altura de 7,93 mm. Código PK Vedações PKG.2015. A referência de catálogo equivalente aparece em “Substitui / equivale a”.

O perfil Standard é o perfil padrão para êmbolo (pistão), com altura igual à seção. Substitui, no mesmo alojamento, as gaxetas tipo V e tipo U de borracha, com vedação melhor em baixa pressão e vida útil maior, porque o poliuretano resiste mais à abrasão e à extrusão. Serve em cilindros hidráulicos e pneumáticos.

Como conferir a medida: diâmetro interno é o fundo do canal no êmbolo, diâmetro externo é o diâmetro da camisa e altura é a largura do canal. Meça com paquímetro antes de pedir; a gaxeta precisa das três medidas iguais às do alojamento."
"pkg-2023-25005500","111","Gaxeta de poliuretano tipo STD (Standard), 139,7 × 152,4 × 6,35 mm, perfil padrão para êmbolo de cilindros hidráulicos e pneumáticos. Fabricação PK Vedações, código PKG.2023.","Gaxeta de poliuretano (PU) tipo STD (Standard) com diâmetro interno de 139,7 mm, diâmetro externo de 152,4 mm e altura de 6,35 mm. Código PK Vedações PKG.2023. A referência de catálogo equivalente aparece em “Substitui / equivale a”.

O perfil Standard é o perfil padrão para êmbolo (pistão), com altura igual à seção. Substitui, no mesmo alojamento, as gaxetas tipo V e tipo U de borracha, com vedação melhor em baixa pressão e vida útil maior, porque o poliuretano resiste mais à abrasão e à extrusão. Serve em cilindros hidráulicos e pneumáticos.

Como conferir a medida: diâmetro interno é o fundo do canal no êmbolo, diâmetro externo é o diâmetro da camisa e altura é a largura do canal. Meça com paquímetro antes de pedir; a gaxeta precisa das três medidas iguais às do alojamento."
"pkg-2024-31205500","111","Gaxeta de poliuretano tipo STD (Standard), 139,7 × 155,56 × 7,93 mm, perfil padrão para êmbolo de cilindros hidráulicos e pneumáticos. Fabricação PK Vedações, código PKG.2024.","Gaxeta de poliuretano (PU) tipo STD (Standard) com diâmetro interno de 139,7 mm, diâmetro externo de 155,56 mm e altura de 7,93 mm. Código PK Vedações PKG.2024. A referência de catálogo equivalente aparece em “Substitui / equivale a”.

O perfil Standard é o perfil padrão para êmbolo (pistão), com altura igual à seção. Substitui, no mesmo alojamento, as gaxetas tipo V e tipo U de borracha, com vedação melhor em baixa pressão e vida útil maior, porque o poliuretano resiste mais à abrasão e à extrusão. Serve em cilindros hidráulicos e pneumáticos.

Como conferir a medida: diâmetro interno é o fundo do canal no êmbolo, diâmetro externo é o diâmetro da camisa e altura é a largura do canal. Meça com paquímetro antes de pedir; a gaxeta precisa das três medidas iguais às do alojamento."
"pkg-2025-37505500","111","Gaxeta de poliuretano tipo STD (Standard), 139,7 × 158,74 × 9,52 mm, perfil padrão para êmbolo de cilindros hidráulicos e pneumáticos. Fabricação PK Vedações, código PKG.2025.","Gaxeta de poliuretano (PU) tipo STD (Standard) com diâmetro interno de 139,7 mm, diâmetro externo de 158,74 mm e altura de 9,52 mm. Código PK Vedações PKG.2025. A referência de catálogo equivalente aparece em “Substitui / equivale a”.

O perfil Standard é o perfil padrão para êmbolo (pistão), com altura igual à seção. Substitui, no mesmo alojamento, as gaxetas tipo V e tipo U de borracha, com vedação melhor em baixa pressão e vida útil maior, porque o poliuretano resiste mais à abrasão e à extrusão. Serve em cilindros hidráulicos e pneumáticos.

Como conferir a medida: diâmetro interno é o fundo do canal no êmbolo, diâmetro externo é o diâmetro da camisa e altura é a largura do canal. Meça com paquímetro antes de pedir; a gaxeta precisa das três medidas iguais às do alojamento."
"pkg-0949-50005500","111","Gaxeta de poliuretano tipo STD (Standard), 139,7 × 165,1 × 12,7 mm, perfil padrão para êmbolo de cilindros hidráulicos e pneumáticos. Fabricação PK Vedações, código PKG.0949.","Gaxeta de poliuretano (PU) tipo STD (Standard) com diâmetro interno de 139,7 mm, diâmetro externo de 165,1 mm e altura de 12,7 mm. Código PK Vedações PKG.0949. A referência de catálogo equivalente aparece em “Substitui / equivale a”.

O perfil Standard é o perfil padrão para êmbolo (pistão), com altura igual à seção. Substitui, no mesmo alojamento, as gaxetas tipo V e tipo U de borracha, com vedação melhor em baixa pressão e vida útil maior, porque o poliuretano resiste mais à abrasão e à extrusão. Serve em cilindros hidráulicos e pneumáticos.

Como conferir a medida: diâmetro interno é o fundo do canal no êmbolo, diâmetro externo é o diâmetro da camisa e altura é a largura do canal. Meça com paquímetro antes de pedir; a gaxeta precisa das três medidas iguais às do alojamento."
"pkg-0579-18700562","111","Gaxeta de poliuretano tipo STD (Standard), 14,27 × 23,79 × 4,76 mm, perfil padrão para êmbolo de cilindros hidráulicos e pneumáticos. Fabricação PK Vedações, código PKG.0579.","Gaxeta de poliuretano (PU) tipo STD (Standard) com diâmetro interno de 14,27 mm, diâmetro externo de 23,79 mm e altura de 4,76 mm. Código PK Vedações PKG.0579. A referência de catálogo equivalente aparece em “Substitui / equivale a”.

O perfil Standard é o perfil padrão para êmbolo (pistão), com altura igual à seção. Substitui, no mesmo alojamento, as gaxetas tipo V e tipo U de borracha, com vedação melhor em baixa pressão e vida útil maior, porque o poliuretano resiste mais à abrasão e à extrusão. Serve em cilindros hidráulicos e pneumáticos.

Como conferir a medida: diâmetro interno é o fundo do canal no êmbolo, diâmetro externo é o diâmetro da camisa e altura é a largura do canal. Meça com paquímetro antes de pedir; a gaxeta precisa das três medidas iguais às do alojamento."
"pkg-2034-37505750","111","Gaxeta de poliuretano tipo STD (Standard), 146,05 × 165,09 × 9,52 mm, perfil padrão para êmbolo de cilindros hidráulicos e pneumáticos. Fabricação PK Vedações, código PKG.2034.","Gaxeta de poliuretano (PU) tipo STD (Standard) com diâmetro interno de 146,05 mm, diâmetro externo de 165,09 mm e altura de 9,52 mm. Código PK Vedações PKG.2034. A referência de catálogo equivalente aparece em “Substitui / equivale a”.

O perfil Standard é o perfil padrão para êmbolo (pistão), com altura igual à seção. Substitui, no mesmo alojamento, as gaxetas tipo V e tipo U de borracha, com vedação melhor em baixa pressão e vida útil maior, porque o poliuretano resiste mais à abrasão e à extrusão. Serve em cilindros hidráulicos e pneumáticos.

Como conferir a medida: diâmetro interno é o fundo do canal no êmbolo, diâmetro externo é o diâmetro da camisa e altura é a largura do canal. Meça com paquímetro antes de pedir; a gaxeta precisa das três medidas iguais às do alojamento."
"pkg-1010-37506000","111","Gaxeta de poliuretano tipo STD (Standard), 152,4 × 171,45 × 9,52 mm, perfil padrão para êmbolo de cilindros hidráulicos e pneumáticos. Fabricação PK Vedações, código PKG.1010.","Gaxeta de poliuretano (PU) tipo STD (Standard) com diâmetro interno de 152,4 mm, diâmetro externo de 171,45 mm e altura de 9,52 mm. Código PK Vedações PKG.1010. A referência de catálogo equivalente aparece em “Substitui / equivale a”.

O perfil Standard é o perfil padrão para êmbolo (pistão), com altura igual à seção. Substitui, no mesmo alojamento, as gaxetas tipo V e tipo U de borracha, com vedação melhor em baixa pressão e vida útil maior, porque o poliuretano resiste mais à abrasão e à extrusão. Serve em cilindros hidráulicos e pneumáticos.

Como conferir a medida: diâmetro interno é o fundo do canal no êmbolo, diâmetro externo é o diâmetro da camisa e altura é a largura do canal. Meça com paquímetro antes de pedir; a gaxeta precisa das três medidas iguais às do alojamento."
"pkg-0919-50006000","111","Gaxeta de poliuretano tipo STD (Standard), 152,4 × 177,8 × 12,7 mm, perfil padrão para êmbolo de cilindros hidráulicos e pneumáticos. Fabricação PK Vedações, código PKG.0919.","Gaxeta de poliuretano (PU) tipo STD (Standard) com diâmetro interno de 152,4 mm, diâmetro externo de 177,8 mm e altura de 12,7 mm. Código PK Vedações PKG.0919. A referência de catálogo equivalente aparece em “Substitui / equivale a”.

O perfil Standard é o perfil padrão para êmbolo (pistão), com altura igual à seção. Substitui, no mesmo alojamento, as gaxetas tipo V e tipo U de borracha, com vedação melhor em baixa pressão e vida útil maior, porque o poliuretano resiste mais à abrasão e à extrusão. Serve em cilindros hidráulicos e pneumáticos.

Como conferir a medida: diâmetro interno é o fundo do canal no êmbolo, diâmetro externo é o diâmetro da camisa e altura é a largura do canal. Meça com paquímetro antes de pedir; a gaxeta precisa das três medidas iguais às do alojamento."
"pkg-0678-12500625","111","Gaxeta de poliuretano tipo STD (Standard), 15,87 × 22,22 × 3,17 mm, perfil padrão para êmbolo de cilindros hidráulicos e pneumáticos. Fabricação PK Vedações, código PKG.0678.","Gaxeta de poliuretano (PU) tipo STD (Standard) com diâmetro interno de 15,87 mm, diâmetro externo de 22,22 mm e altura de 3,17 mm. Código PK Vedações PKG.0678. A referência de catálogo equivalente aparece em “Substitui / equivale a”.

O perfil Standard é o perfil padrão para êmbolo (pistão), com altura igual à seção. Substitui, no mesmo alojamento, as gaxetas tipo V e tipo U de borracha, com vedação melhor em baixa pressão e vida útil maior, porque o poliuretano resiste mais à abrasão e à extrusão. Serve em cilindros hidráulicos e pneumáticos.

Como conferir a medida: diâmetro interno é o fundo do canal no êmbolo, diâmetro externo é o diâmetro da camisa e altura é a largura do canal. Meça com paquímetro antes de pedir; a gaxeta precisa das três medidas iguais às do alojamento."
"pkg-0346-6-13000625","111","Gaxeta de poliuretano tipo STD (Standard), 15,87 × 22,47 × 3,3 mm, perfil padrão para êmbolo de cilindros hidráulicos e pneumáticos. Fabricação PK Vedações, código PKG.0346.","Gaxeta de poliuretano (PU) tipo STD (Standard) com diâmetro interno de 15,87 mm, diâmetro externo de 22,47 mm e altura de 3,3 mm. Código PK Vedações PKG.0346. A referência de catálogo equivalente aparece em “Substitui / equivale a”.

O perfil Standard é o perfil padrão para êmbolo (pistão), com altura igual à seção. Substitui, no mesmo alojamento, as gaxetas tipo V e tipo U de borracha, com vedação melhor em baixa pressão e vida útil maior, porque o poliuretano resiste mais à abrasão e à extrusão. Serve em cilindros hidráulicos e pneumáticos.

Como conferir a medida: diâmetro interno é o fundo do canal no êmbolo, diâmetro externo é o diâmetro da camisa e altura é a largura do canal. Meça com paquímetro antes de pedir; a gaxeta precisa das três medidas iguais às do alojamento."
"pkg-1849-25000625","111","Gaxeta de poliuretano tipo STD (Standard), 15,87 × 28,57 × 6,35 mm, perfil padrão para êmbolo de cilindros hidráulicos e pneumáticos. Fabricação PK Vedações, código PKG.1849.","Gaxeta de poliuretano (PU) tipo STD (Standard) com diâmetro interno de 15,87 mm, diâmetro externo de 28,57 mm e altura de 6,35 mm. Código PK Vedações PKG.1849. A referência de catálogo equivalente aparece em “Substitui / equivale a”.

O perfil Standard é o perfil padrão para êmbolo (pistão), com altura igual à seção. Substitui, no mesmo alojamento, as gaxetas tipo V e tipo U de borracha, com vedação melhor em baixa pressão e vida útil maior, porque o poliuretano resiste mais à abrasão e à extrusão. Serve em cilindros hidráulicos e pneumáticos.

Como conferir a medida: diâmetro interno é o fundo do canal no êmbolo, diâmetro externo é o diâmetro da camisa e altura é a largura do canal. Meça com paquímetro antes de pedir; a gaxeta precisa das três medidas iguais às do alojamento."
"pkg-2049-37506250","111","Gaxeta de poliuretano tipo STD (Standard), 158,75 × 177,8 × 9,52 mm, perfil padrão para êmbolo de cilindros hidráulicos e pneumáticos. Fabricação PK Vedações, código PKG.2049.","Gaxeta de poliuretano (PU) tipo STD (Standard) com diâmetro interno de 158,75 mm, diâmetro externo de 177,8 mm e altura de 9,52 mm. Código PK Vedações PKG.2049. A referência de catálogo equivalente aparece em “Substitui / equivale a”.

O perfil Standard é o perfil padrão para êmbolo (pistão), com altura igual à seção. Substitui, no mesmo alojamento, as gaxetas tipo V e tipo U de borracha, com vedação melhor em baixa pressão e vida útil maior, porque o poliuretano resiste mais à abrasão e à extrusão. Serve em cilindros hidráulicos e pneumáticos.

Como conferir a medida: diâmetro interno é o fundo do canal no êmbolo, diâmetro externo é o diâmetro da camisa e altura é a largura do canal. Meça com paquímetro antes de pedir; a gaxeta precisa das três medidas iguais às do alojamento."
"pkg-2050-50006250","111","Gaxeta de poliuretano tipo STD (Standard), 158,75 × 184,15 × 12,7 mm, perfil padrão para êmbolo de cilindros hidráulicos e pneumáticos. Fabricação PK Vedações, código PKG.2050.","Gaxeta de poliuretano (PU) tipo STD (Standard) com diâmetro interno de 158,75 mm, diâmetro externo de 184,15 mm e altura de 12,7 mm. Código PK Vedações PKG.2050. A referência de catálogo equivalente aparece em “Substitui / equivale a”.

O perfil Standard é o perfil padrão para êmbolo (pistão), com altura igual à seção. Substitui, no mesmo alojamento, as gaxetas tipo V e tipo U de borracha, com vedação melhor em baixa pressão e vida útil maior, porque o poliuretano resiste mais à abrasão e à extrusão. Serve em cilindros hidráulicos e pneumáticos.

Como conferir a medida: diâmetro interno é o fundo do canal no êmbolo, diâmetro externo é o diâmetro da camisa e altura é a largura do canal. Meça com paquímetro antes de pedir; a gaxeta precisa das três medidas iguais às do alojamento."
"pkg-0818-18700625","111","Gaxeta de poliuretano tipo STD (Standard), 15,88 × 25,39 × 4,76 mm, perfil padrão para êmbolo de cilindros hidráulicos e pneumáticos. Fabricação PK Vedações, código PKG.0818.","Gaxeta de poliuretano (PU) tipo STD (Standard) com diâmetro interno de 15,88 mm, diâmetro externo de 25,39 mm e altura de 4,76 mm. Código PK Vedações PKG.0818. A referência de catálogo equivalente aparece em “Substitui / equivale a”.

O perfil Standard é o perfil padrão para êmbolo (pistão), com altura igual à seção. Substitui, no mesmo alojamento, as gaxetas tipo V e tipo U de borracha, com vedação melhor em baixa pressão e vida útil maior, porque o poliuretano resiste mais à abrasão e à extrusão. Serve em cilindros hidráulicos e pneumáticos.

Como conferir a medida: diâmetro interno é o fundo do canal no êmbolo, diâmetro externo é o diâmetro da camisa e altura é a largura do canal. Meça com paquímetro antes de pedir; a gaxeta precisa das três medidas iguais às do alojamento."
"pkg-1066-37506500","111","Gaxeta de poliuretano tipo STD (Standard), 165,1 × 184,14 × 9,52 mm, perfil padrão para êmbolo de cilindros hidráulicos e pneumáticos. Fabricação PK Vedações, código PKG.1066.","Gaxeta de poliuretano (PU) tipo STD (Standard) com diâmetro interno de 165,1 mm, diâmetro externo de 184,14 mm e altura de 9,52 mm. Código PK Vedações PKG.1066. A referência de catálogo equivalente aparece em “Substitui / equivale a”.

O perfil Standard é o perfil padrão para êmbolo (pistão), com altura igual à seção. Substitui, no mesmo alojamento, as gaxetas tipo V e tipo U de borracha, com vedação melhor em baixa pressão e vida útil maior, porque o poliuretano resiste mais à abrasão e à extrusão. Serve em cilindros hidráulicos e pneumáticos.

Como conferir a medida: diâmetro interno é o fundo do canal no êmbolo, diâmetro externo é o diâmetro da camisa e altura é a largura do canal. Meça com paquímetro antes de pedir; a gaxeta precisa das três medidas iguais às do alojamento."
"pkg-1339-50006500","111","Gaxeta de poliuretano tipo STD (Standard), 165,1 × 190,5 × 12,7 mm, perfil padrão para êmbolo de cilindros hidráulicos e pneumáticos. Fabricação PK Vedações, código PKG.1339.","Gaxeta de poliuretano (PU) tipo STD (Standard) com diâmetro interno de 165,1 mm, diâmetro externo de 190,5 mm e altura de 12,7 mm. Código PK Vedações PKG.1339. A referência de catálogo equivalente aparece em “Substitui / equivale a”.

O perfil Standard é o perfil padrão para êmbolo (pistão), com altura igual à seção. Substitui, no mesmo alojamento, as gaxetas tipo V e tipo U de borracha, com vedação melhor em baixa pressão e vida útil maior, porque o poliuretano resiste mais à abrasão e à extrusão. Serve em cilindros hidráulicos e pneumáticos.

Como conferir a medida: diâmetro interno é o fundo do canal no êmbolo, diâmetro externo é o diâmetro da camisa e altura é a largura do canal. Meça com paquímetro antes de pedir; a gaxeta precisa das três medidas iguais às do alojamento."
"pkg-1532-6-39406693","111","Gaxeta de poliuretano tipo STD (Standard), 170 × 190 × 10 mm, perfil padrão para êmbolo de cilindros hidráulicos e pneumáticos. Fabricação PK Vedações, código PKG.1532.","Gaxeta de poliuretano (PU) tipo STD (Standard) com diâmetro interno de 170 mm, diâmetro externo de 190 mm e altura de 10 mm. Código PK Vedações PKG.1532. A referência de catálogo equivalente aparece em “Substitui / equivale a”.

O perfil Standard é o perfil padrão para êmbolo (pistão), com altura igual à seção. Substitui, no mesmo alojamento, as gaxetas tipo V e tipo U de borracha, com vedação melhor em baixa pressão e vida útil maior, porque o poliuretano resiste mais à abrasão e à extrusão. Serve em cilindros hidráulicos e pneumáticos.

Como conferir a medida: diâmetro interno é o fundo do canal no êmbolo, diâmetro externo é o diâmetro da camisa e altura é a largura do canal. Meça com paquímetro antes de pedir; a gaxeta precisa das três medidas iguais às do alojamento."
"pkg-0448-37506750","111","Gaxeta de poliuretano tipo STD (Standard), 171,45 × 190,49 × 9,52 mm, perfil padrão para êmbolo de cilindros hidráulicos e pneumáticos. Fabricação PK Vedações, código PKG.0448.","Gaxeta de poliuretano (PU) tipo STD (Standard) com diâmetro interno de 171,45 mm, diâmetro externo de 190,49 mm e altura de 9,52 mm. Código PK Vedações PKG.0448. A referência de catálogo equivalente aparece em “Substitui / equivale a”.

O perfil Standard é o perfil padrão para êmbolo (pistão), com altura igual à seção. Substitui, no mesmo alojamento, as gaxetas tipo V e tipo U de borracha, com vedação melhor em baixa pressão e vida útil maior, porque o poliuretano resiste mais à abrasão e à extrusão. Serve em cilindros hidráulicos e pneumáticos.

Como conferir a medida: diâmetro interno é o fundo do canal no êmbolo, diâmetro externo é o diâmetro da camisa e altura é a largura do canal. Meça com paquímetro antes de pedir; a gaxeta precisa das três medidas iguais às do alojamento."
"pkg-2610-50007000","111","Gaxeta de poliuretano tipo STD (Standard), 177,8 × 203,2 × 12,7 mm, perfil padrão para êmbolo de cilindros hidráulicos e pneumáticos. Fabricação PK Vedações, código PKG.2610.","Gaxeta de poliuretano (PU) tipo STD (Standard) com diâmetro interno de 177,8 mm, diâmetro externo de 203,2 mm e altura de 12,7 mm. Código PK Vedações PKG.2610. A referência de catálogo equivalente aparece em “Substitui / equivale a”.

O perfil Standard é o perfil padrão para êmbolo (pistão), com altura igual à seção. Substitui, no mesmo alojamento, as gaxetas tipo V e tipo U de borracha, com vedação melhor em baixa pressão e vida útil maior, porque o poliuretano resiste mais à abrasão e à extrusão. Serve em cilindros hidráulicos e pneumáticos.

Como conferir a medida: diâmetro interno é o fundo do canal no êmbolo, diâmetro externo é o diâmetro da camisa e altura é a largura do canal. Meça com paquímetro antes de pedir; a gaxeta precisa das três medidas iguais às do alojamento."
"pkg-2227-50007010","111","Gaxeta de poliuretano tipo STD (Standard), 180,2 × 205 × 12,7 mm, perfil padrão para êmbolo de cilindros hidráulicos e pneumáticos. Fabricação PK Vedações, código PKG.2227.","Gaxeta de poliuretano (PU) tipo STD (Standard) com diâmetro interno de 180,2 mm, diâmetro externo de 205 mm e altura de 12,7 mm. Código PK Vedações PKG.2227. A referência de catálogo equivalente aparece em “Substitui / equivale a”.

O perfil Standard é o perfil padrão para êmbolo (pistão), com altura igual à seção. Substitui, no mesmo alojamento, as gaxetas tipo V e tipo U de borracha, com vedação melhor em baixa pressão e vida útil maior, porque o poliuretano resiste mais à abrasão e à extrusão. Serve em cilindros hidráulicos e pneumáticos.

Como conferir a medida: diâmetro interno é o fundo do canal no êmbolo, diâmetro externo é o diâmetro da camisa e altura é a largura do canal. Meça com paquímetro antes de pedir; a gaxeta precisa das três medidas iguais às do alojamento."
"pkg-0755-18700750","111","Gaxeta de poliuretano tipo STD (Standard), 19,05 × 28,57 × 4,76 mm, perfil padrão para êmbolo de cilindros hidráulicos e pneumáticos. Fabricação PK Vedações, código PKG.0755.","Gaxeta de poliuretano (PU) tipo STD (Standard) com diâmetro interno de 19,05 mm, diâmetro externo de 28,57 mm e altura de 4,76 mm. Código PK Vedações PKG.0755. A referência de catálogo equivalente aparece em “Substitui / equivale a”.

O perfil Standard é o perfil padrão para êmbolo (pistão), com altura igual à seção. Substitui, no mesmo alojamento, as gaxetas tipo V e tipo U de borracha, com vedação melhor em baixa pressão e vida útil maior, porque o poliuretano resiste mais à abrasão e à extrusão. Serve em cilindros hidráulicos e pneumáticos.

Como conferir a medida: diâmetro interno é o fundo do canal no êmbolo, diâmetro externo é o diâmetro da camisa e altura é a largura do canal. Meça com paquímetro antes de pedir; a gaxeta precisa das três medidas iguais às do alojamento."
"pkg-0693-25000750","111","Gaxeta de poliuretano tipo STD (Standard), 19,05 × 31,75 × 6,35 mm, perfil padrão para êmbolo de cilindros hidráulicos e pneumáticos. Fabricação PK Vedações, código PKG.0693.","Gaxeta de poliuretano (PU) tipo STD (Standard) com diâmetro interno de 19,05 mm, diâmetro externo de 31,75 mm e altura de 6,35 mm. Código PK Vedações PKG.0693. A referência de catálogo equivalente aparece em “Substitui / equivale a”.

O perfil Standard é o perfil padrão para êmbolo (pistão), com altura igual à seção. Substitui, no mesmo alojamento, as gaxetas tipo V e tipo U de borracha, com vedação melhor em baixa pressão e vida útil maior, porque o poliuretano resiste mais à abrasão e à extrusão. Serve em cilindros hidráulicos e pneumáticos.

Como conferir a medida: diâmetro interno é o fundo do canal no êmbolo, diâmetro externo é o diâmetro da camisa e altura é a largura do canal. Meça com paquímetro antes de pedir; a gaxeta precisa das três medidas iguais às do alojamento."
"pkg-2095-50008000","111","Gaxeta de poliuretano tipo STD (Standard), 203,2 × 228,6 × 12,7 mm, perfil padrão para êmbolo de cilindros hidráulicos e pneumáticos. Fabricação PK Vedações, código PKG.2095.","Gaxeta de poliuretano (PU) tipo STD (Standard) com diâmetro interno de 203,2 mm, diâmetro externo de 228,6 mm e altura de 12,7 mm. Código PK Vedações PKG.2095. A referência de catálogo equivalente aparece em “Substitui / equivale a”.

O perfil Standard é o perfil padrão para êmbolo (pistão), com altura igual à seção. Substitui, no mesmo alojamento, as gaxetas tipo V e tipo U de borracha, com vedação melhor em baixa pressão e vida útil maior, porque o poliuretano resiste mais à abrasão e à extrusão. Serve em cilindros hidráulicos e pneumáticos.

Como conferir a medida: diâmetro interno é o fundo do canal no êmbolo, diâmetro externo é o diâmetro da camisa e altura é a largura do canal. Meça com paquímetro antes de pedir; a gaxeta precisa das três medidas iguais às do alojamento."
"pkg-1858-18700812","111","Gaxeta de poliuretano tipo STD (Standard), 20,62 × 30,16 × 4,76 mm, perfil padrão para êmbolo de cilindros hidráulicos e pneumáticos. Fabricação PK Vedações, código PKG.1858.","Gaxeta de poliuretano (PU) tipo STD (Standard) com diâmetro interno de 20,62 mm, diâmetro externo de 30,16 mm e altura de 4,76 mm. Código PK Vedações PKG.1858. A referência de catálogo equivalente aparece em “Substitui / equivale a”.

O perfil Standard é o perfil padrão para êmbolo (pistão), com altura igual à seção. Substitui, no mesmo alojamento, as gaxetas tipo V e tipo U de borracha, com vedação melhor em baixa pressão e vida útil maior, porque o poliuretano resiste mais à abrasão e à extrusão. Serve em cilindros hidráulicos e pneumáticos.

Como conferir a medida: diâmetro interno é o fundo do canal no êmbolo, diâmetro externo é o diâmetro da camisa e altura é a largura do canal. Meça com paquímetro antes de pedir; a gaxeta precisa das três medidas iguais às do alojamento."
"pkg-0794-25000875","111","Gaxeta de poliuretano tipo STD (Standard), 22,22 × 34,92 × 6,35 mm, perfil padrão para êmbolo de cilindros hidráulicos e pneumáticos. Fabricação PK Vedações, código PKG.0794.","Gaxeta de poliuretano (PU) tipo STD (Standard) com diâmetro interno de 22,22 mm, diâmetro externo de 34,92 mm e altura de 6,35 mm. Código PK Vedações PKG.0794. A referência de catálogo equivalente aparece em “Substitui / equivale a”.

O perfil Standard é o perfil padrão para êmbolo (pistão), com altura igual à seção. Substitui, no mesmo alojamento, as gaxetas tipo V e tipo U de borracha, com vedação melhor em baixa pressão e vida útil maior, porque o poliuretano resiste mais à abrasão e à extrusão. Serve em cilindros hidráulicos e pneumáticos.

Como conferir a medida: diâmetro interno é o fundo do canal no êmbolo, diâmetro externo é o diâmetro da camisa e altura é a largura do canal. Meça com paquímetro antes de pedir; a gaxeta precisa das três medidas iguais às do alojamento."
"pkg-2552-50009125","111","Gaxeta de poliuretano tipo STD (Standard), 231,77 × 257,17 × 12,7 mm, perfil padrão para êmbolo de cilindros hidráulicos e pneumáticos. Fabricação PK Vedações, código PKG.2552.","Gaxeta de poliuretano (PU) tipo STD (Standard) com diâmetro interno de 231,77 mm, diâmetro externo de 257,17 mm e altura de 12,7 mm. Código PK Vedações PKG.2552. A referência de catálogo equivalente aparece em “Substitui / equivale a”.

O perfil Standard é o perfil padrão para êmbolo (pistão), com altura igual à seção. Substitui, no mesmo alojamento, as gaxetas tipo V e tipo U de borracha, com vedação melhor em baixa pressão e vida útil maior, porque o poliuretano resiste mais à abrasão e à extrusão. Serve em cilindros hidráulicos e pneumáticos.

Como conferir a medida: diâmetro interno é o fundo do canal no êmbolo, diâmetro externo é o diâmetro da camisa e altura é a largura do canal. Meça com paquímetro antes de pedir; a gaxeta precisa das três medidas iguais às do alojamento."
"pkg-2361-50001000","111","Gaxeta de poliuretano tipo STD (Standard), 254 × 279,4 × 12,7 mm, perfil padrão para êmbolo de cilindros hidráulicos e pneumáticos. Fabricação PK Vedações, código PKG.2361.","Gaxeta de poliuretano (PU) tipo STD (Standard) com diâmetro interno de 254 mm, diâmetro externo de 279,4 mm e altura de 12,7 mm. Código PK Vedações PKG.2361. A referência de catálogo equivalente aparece em “Substitui / equivale a”.

O perfil Standard é o perfil padrão para êmbolo (pistão), com altura igual à seção. Substitui, no mesmo alojamento, as gaxetas tipo V e tipo U de borracha, com vedação melhor em baixa pressão e vida útil maior, porque o poliuretano resiste mais à abrasão e à extrusão. Serve em cilindros hidráulicos e pneumáticos.

Como conferir a medida: diâmetro interno é o fundo do canal no êmbolo, diâmetro externo é o diâmetro da camisa e altura é a largura do canal. Meça com paquímetro antes de pedir; a gaxeta precisa das três medidas iguais às do alojamento."
"pkg-0575-12501000","111","Gaxeta de poliuretano tipo STD (Standard), 25,4 × 31,75 × 3,17 mm, perfil padrão para êmbolo de cilindros hidráulicos e pneumáticos. Fabricação PK Vedações, código PKG.0575.","Gaxeta de poliuretano (PU) tipo STD (Standard) com diâmetro interno de 25,4 mm, diâmetro externo de 31,75 mm e altura de 3,17 mm. Código PK Vedações PKG.0575. A referência de catálogo equivalente aparece em “Substitui / equivale a”.

O perfil Standard é o perfil padrão para êmbolo (pistão), com altura igual à seção. Substitui, no mesmo alojamento, as gaxetas tipo V e tipo U de borracha, com vedação melhor em baixa pressão e vida útil maior, porque o poliuretano resiste mais à abrasão e à extrusão. Serve em cilindros hidráulicos e pneumáticos.

Como conferir a medida: diâmetro interno é o fundo do canal no êmbolo, diâmetro externo é o diâmetro da camisa e altura é a largura do canal. Meça com paquímetro antes de pedir; a gaxeta precisa das três medidas iguais às do alojamento."
"pkg-0582-18701000","111","Gaxeta de poliuretano tipo STD (Standard), 25,4 × 34,92 × 4,76 mm, perfil padrão para êmbolo de cilindros hidráulicos e pneumáticos. Fabricação PK Vedações, código PKG.0582.","Gaxeta de poliuretano (PU) tipo STD (Standard) com diâmetro interno de 25,4 mm, diâmetro externo de 34,92 mm e altura de 4,76 mm. Código PK Vedações PKG.0582. A referência de catálogo equivalente aparece em “Substitui / equivale a”.

O perfil Standard é o perfil padrão para êmbolo (pistão), com altura igual à seção. Substitui, no mesmo alojamento, as gaxetas tipo V e tipo U de borracha, com vedação melhor em baixa pressão e vida útil maior, porque o poliuretano resiste mais à abrasão e à extrusão. Serve em cilindros hidráulicos e pneumáticos.

Como conferir a medida: diâmetro interno é o fundo do canal no êmbolo, diâmetro externo é o diâmetro da camisa e altura é a largura do canal. Meça com paquímetro antes de pedir; a gaxeta precisa das três medidas iguais às do alojamento."
"pkg-0605-25001000","111","Gaxeta de poliuretano tipo STD (Standard), 25,4 × 38,1 × 6,35 mm, perfil padrão para êmbolo de cilindros hidráulicos e pneumáticos. Fabricação PK Vedações, código PKG.0605.","Gaxeta de poliuretano (PU) tipo STD (Standard) com diâmetro interno de 25,4 mm, diâmetro externo de 38,1 mm e altura de 6,35 mm. Código PK Vedações PKG.0605. A referência de catálogo equivalente aparece em “Substitui / equivale a”.

O perfil Standard é o perfil padrão para êmbolo (pistão), com altura igual à seção. Substitui, no mesmo alojamento, as gaxetas tipo V e tipo U de borracha, com vedação melhor em baixa pressão e vida útil maior, porque o poliuretano resiste mais à abrasão e à extrusão. Serve em cilindros hidráulicos e pneumáticos.

Como conferir a medida: diâmetro interno é o fundo do canal no êmbolo, diâmetro externo é o diâmetro da camisa e altura é a largura do canal. Meça com paquímetro antes de pedir; a gaxeta precisa das três medidas iguais às do alojamento."
"pkg-0676-31201000","111","Gaxeta de poliuretano tipo STD (Standard), 25,4 × 41,26 × 7,93 mm, perfil padrão para êmbolo de cilindros hidráulicos e pneumáticos. Fabricação PK Vedações, código PKG.0676.","Gaxeta de poliuretano (PU) tipo STD (Standard) com diâmetro interno de 25,4 mm, diâmetro externo de 41,26 mm e altura de 7,93 mm. Código PK Vedações PKG.0676. A referência de catálogo equivalente aparece em “Substitui / equivale a”.

O perfil Standard é o perfil padrão para êmbolo (pistão), com altura igual à seção. Substitui, no mesmo alojamento, as gaxetas tipo V e tipo U de borracha, com vedação melhor em baixa pressão e vida útil maior, porque o poliuretano resiste mais à abrasão e à extrusão. Serve em cilindros hidráulicos e pneumáticos.

Como conferir a medida: diâmetro interno é o fundo do canal no êmbolo, diâmetro externo é o diâmetro da camisa e altura é a largura do canal. Meça com paquímetro antes de pedir; a gaxeta precisa das três medidas iguais às do alojamento."
"pkg-1869-37501000","111","Gaxeta de poliuretano tipo STD (Standard), 25,4 × 44,45 × 9,52 mm, perfil padrão para êmbolo de cilindros hidráulicos e pneumáticos. Fabricação PK Vedações, código PKG.1869.","Gaxeta de poliuretano (PU) tipo STD (Standard) com diâmetro interno de 25,4 mm, diâmetro externo de 44,45 mm e altura de 9,52 mm. Código PK Vedações PKG.1869. A referência de catálogo equivalente aparece em “Substitui / equivale a”.

O perfil Standard é o perfil padrão para êmbolo (pistão), com altura igual à seção. Substitui, no mesmo alojamento, as gaxetas tipo V e tipo U de borracha, com vedação melhor em baixa pressão e vida útil maior, porque o poliuretano resiste mais à abrasão e à extrusão. Serve em cilindros hidráulicos e pneumáticos.

Como conferir a medida: diâmetro interno é o fundo do canal no êmbolo, diâmetro externo é o diâmetro da camisa e altura é a largura do canal. Meça com paquímetro antes de pedir; a gaxeta precisa das três medidas iguais às do alojamento."
"pkg-2457-50011000","111","Gaxeta de poliuretano tipo STD (Standard), 279,4 × 304,8 × 12,7 mm, perfil padrão para êmbolo de cilindros hidráulicos e pneumáticos. Fabricação PK Vedações, código PKG.2457.","Gaxeta de poliuretano (PU) tipo STD (Standard) com diâmetro interno de 279,4 mm, diâmetro externo de 304,8 mm e altura de 12,7 mm. Código PK Vedações PKG.2457. A referência de catálogo equivalente aparece em “Substitui / equivale a”.

O perfil Standard é o perfil padrão para êmbolo (pistão), com altura igual à seção. Substitui, no mesmo alojamento, as gaxetas tipo V e tipo U de borracha, com vedação melhor em baixa pressão e vida útil maior, porque o poliuretano resiste mais à abrasão e à extrusão. Serve em cilindros hidráulicos e pneumáticos.

Como conferir a medida: diâmetro interno é o fundo do canal no êmbolo, diâmetro externo é o diâmetro da camisa e altura é a largura do canal. Meça com paquímetro antes de pedir; a gaxeta precisa das três medidas iguais às do alojamento."
"pkg-0680-18701125","111","Gaxeta de poliuretano tipo STD (Standard), 28,57 × 38,1 × 4,76 mm, perfil padrão para êmbolo de cilindros hidráulicos e pneumáticos. Fabricação PK Vedações, código PKG.0680.","Gaxeta de poliuretano (PU) tipo STD (Standard) com diâmetro interno de 28,57 mm, diâmetro externo de 38,1 mm e altura de 4,76 mm. Código PK Vedações PKG.0680. A referência de catálogo equivalente aparece em “Substitui / equivale a”.

O perfil Standard é o perfil padrão para êmbolo (pistão), com altura igual à seção. Substitui, no mesmo alojamento, as gaxetas tipo V e tipo U de borracha, com vedação melhor em baixa pressão e vida útil maior, porque o poliuretano resiste mais à abrasão e à extrusão. Serve em cilindros hidráulicos e pneumáticos.

Como conferir a medida: diâmetro interno é o fundo do canal no êmbolo, diâmetro externo é o diâmetro da camisa e altura é a largura do canal. Meça com paquímetro antes de pedir; a gaxeta precisa das três medidas iguais às do alojamento."
"pkg-1286-25001125","111","Gaxeta de poliuretano tipo STD (Standard), 28,57 × 41,27 × 6,35 mm, perfil padrão para êmbolo de cilindros hidráulicos e pneumáticos. Fabricação PK Vedações, código PKG.1286.","Gaxeta de poliuretano (PU) tipo STD (Standard) com diâmetro interno de 28,57 mm, diâmetro externo de 41,27 mm e altura de 6,35 mm. Código PK Vedações PKG.1286. A referência de catálogo equivalente aparece em “Substitui / equivale a”.

O perfil Standard é o perfil padrão para êmbolo (pistão), com altura igual à seção. Substitui, no mesmo alojamento, as gaxetas tipo V e tipo U de borracha, com vedação melhor em baixa pressão e vida útil maior, porque o poliuretano resiste mais à abrasão e à extrusão. Serve em cilindros hidráulicos e pneumáticos.

Como conferir a medida: diâmetro interno é o fundo do canal no êmbolo, diâmetro externo é o diâmetro da camisa e altura é a largura do canal. Meça com paquímetro antes de pedir; a gaxeta precisa das três medidas iguais às do alojamento."
"pkg-1879-25001187","111","Gaxeta de poliuretano tipo STD (Standard), 30,14 × 42,84 × 6,35 mm, perfil padrão para êmbolo de cilindros hidráulicos e pneumáticos. Fabricação PK Vedações, código PKG.1879.","Gaxeta de poliuretano (PU) tipo STD (Standard) com diâmetro interno de 30,14 mm, diâmetro externo de 42,84 mm e altura de 6,35 mm. Código PK Vedações PKG.1879. A referência de catálogo equivalente aparece em “Substitui / equivale a”.

O perfil Standard é o perfil padrão para êmbolo (pistão), com altura igual à seção. Substitui, no mesmo alojamento, as gaxetas tipo V e tipo U de borracha, com vedação melhor em baixa pressão e vida útil maior, porque o poliuretano resiste mais à abrasão e à extrusão. Serve em cilindros hidráulicos e pneumáticos.

Como conferir a medida: diâmetro interno é o fundo do canal no êmbolo, diâmetro externo é o diâmetro da camisa e altura é a largura do canal. Meça com paquímetro antes de pedir; a gaxeta precisa das três medidas iguais às do alojamento."
"pkg-0670-18701250","111","Gaxeta de poliuretano tipo STD (Standard), 31,75 × 41,27 × 4,76 mm, perfil padrão para êmbolo de cilindros hidráulicos e pneumáticos. Fabricação PK Vedações, código PKG.0670.","Gaxeta de poliuretano (PU) tipo STD (Standard) com diâmetro interno de 31,75 mm, diâmetro externo de 41,27 mm e altura de 4,76 mm. Código PK Vedações PKG.0670. A referência de catálogo equivalente aparece em “Substitui / equivale a”.

O perfil Standard é o perfil padrão para êmbolo (pistão), com altura igual à seção. Substitui, no mesmo alojamento, as gaxetas tipo V e tipo U de borracha, com vedação melhor em baixa pressão e vida útil maior, porque o poliuretano resiste mais à abrasão e à extrusão. Serve em cilindros hidráulicos e pneumáticos.

Como conferir a medida: diâmetro interno é o fundo do canal no êmbolo, diâmetro externo é o diâmetro da camisa e altura é a largura do canal. Meça com paquímetro antes de pedir; a gaxeta precisa das três medidas iguais às do alojamento."
"pkg-0590-25001250","111","Gaxeta de poliuretano tipo STD (Standard), 31,75 × 44,45 × 6,35 mm, perfil padrão para êmbolo de cilindros hidráulicos e pneumáticos. Fabricação PK Vedações, código PKG.0590.","Gaxeta de poliuretano (PU) tipo STD (Standard) com diâmetro interno de 31,75 mm, diâmetro externo de 44,45 mm e altura de 6,35 mm. Código PK Vedações PKG.0590. A referência de catálogo equivalente aparece em “Substitui / equivale a”.

O perfil Standard é o perfil padrão para êmbolo (pistão), com altura igual à seção. Substitui, no mesmo alojamento, as gaxetas tipo V e tipo U de borracha, com vedação melhor em baixa pressão e vida útil maior, porque o poliuretano resiste mais à abrasão e à extrusão. Serve em cilindros hidráulicos e pneumáticos.

Como conferir a medida: diâmetro interno é o fundo do canal no êmbolo, diâmetro externo é o diâmetro da camisa e altura é a largura do canal. Meça com paquímetro antes de pedir; a gaxeta precisa das três medidas iguais às do alojamento."
"pkg-1881-37501250","111","Gaxeta de poliuretano tipo STD (Standard), 31,75 × 50,8 × 9,52 mm, perfil padrão para êmbolo de cilindros hidráulicos e pneumáticos. Fabricação PK Vedações, código PKG.1881.","Gaxeta de poliuretano (PU) tipo STD (Standard) com diâmetro interno de 31,75 mm, diâmetro externo de 50,8 mm e altura de 9,52 mm. Código PK Vedações PKG.1881. A referência de catálogo equivalente aparece em “Substitui / equivale a”.

O perfil Standard é o perfil padrão para êmbolo (pistão), com altura igual à seção. Substitui, no mesmo alojamento, as gaxetas tipo V e tipo U de borracha, com vedação melhor em baixa pressão e vida útil maior, porque o poliuretano resiste mais à abrasão e à extrusão. Serve em cilindros hidráulicos e pneumáticos.

Como conferir a medida: diâmetro interno é o fundo do canal no êmbolo, diâmetro externo é o diâmetro da camisa e altura é a largura do canal. Meça com paquímetro antes de pedir; a gaxeta precisa das três medidas iguais às do alojamento."
"pkg-0759-18701312","111","Gaxeta de poliuretano tipo STD (Standard), 33,32 × 42,84 × 4,76 mm, perfil padrão para êmbolo de cilindros hidráulicos e pneumáticos. Fabricação PK Vedações, código PKG.0759.","Gaxeta de poliuretano (PU) tipo STD (Standard) com diâmetro interno de 33,32 mm, diâmetro externo de 42,84 mm e altura de 4,76 mm. Código PK Vedações PKG.0759. A referência de catálogo equivalente aparece em “Substitui / equivale a”.

O perfil Standard é o perfil padrão para êmbolo (pistão), com altura igual à seção. Substitui, no mesmo alojamento, as gaxetas tipo V e tipo U de borracha, com vedação melhor em baixa pressão e vida útil maior, porque o poliuretano resiste mais à abrasão e à extrusão. Serve em cilindros hidráulicos e pneumáticos.

Como conferir a medida: diâmetro interno é o fundo do canal no êmbolo, diâmetro externo é o diâmetro da camisa e altura é a largura do canal. Meça com paquímetro antes de pedir; a gaxeta precisa das três medidas iguais às do alojamento."
"pkg-0633-18701375","111","Gaxeta de poliuretano tipo STD (Standard), 34,92 × 44,45 × 4,76 mm, perfil padrão para êmbolo de cilindros hidráulicos e pneumáticos. Fabricação PK Vedações, código PKG.0633.","Gaxeta de poliuretano (PU) tipo STD (Standard) com diâmetro interno de 34,92 mm, diâmetro externo de 44,45 mm e altura de 4,76 mm. Código PK Vedações PKG.0633. A referência de catálogo equivalente aparece em “Substitui / equivale a”.

O perfil Standard é o perfil padrão para êmbolo (pistão), com altura igual à seção. Substitui, no mesmo alojamento, as gaxetas tipo V e tipo U de borracha, com vedação melhor em baixa pressão e vida útil maior, porque o poliuretano resiste mais à abrasão e à extrusão. Serve em cilindros hidráulicos e pneumáticos.

Como conferir a medida: diâmetro interno é o fundo do canal no êmbolo, diâmetro externo é o diâmetro da camisa e altura é a largura do canal. Meça com paquímetro antes de pedir; a gaxeta precisa das três medidas iguais às do alojamento."
"pkg-0722-25001375","111","Gaxeta de poliuretano tipo STD (Standard), 34,92 × 47,62 × 6,35 mm, perfil padrão para êmbolo de cilindros hidráulicos e pneumáticos. Fabricação PK Vedações, código PKG.0722.","Gaxeta de poliuretano (PU) tipo STD (Standard) com diâmetro interno de 34,92 mm, diâmetro externo de 47,62 mm e altura de 6,35 mm. Código PK Vedações PKG.0722. A referência de catálogo equivalente aparece em “Substitui / equivale a”.

O perfil Standard é o perfil padrão para êmbolo (pistão), com altura igual à seção. Substitui, no mesmo alojamento, as gaxetas tipo V e tipo U de borracha, com vedação melhor em baixa pressão e vida útil maior, porque o poliuretano resiste mais à abrasão e à extrusão. Serve em cilindros hidráulicos e pneumáticos.

Como conferir a medida: diâmetro interno é o fundo do canal no êmbolo, diâmetro externo é o diâmetro da camisa e altura é a largura do canal. Meça com paquímetro antes de pedir; a gaxeta precisa das três medidas iguais às do alojamento."
"pkg-0971-31201375","111","Gaxeta de poliuretano tipo STD (Standard), 34,92 × 50,8 × 7,93 mm, perfil padrão para êmbolo de cilindros hidráulicos e pneumáticos. Fabricação PK Vedações, código PKG.0971.","Gaxeta de poliuretano (PU) tipo STD (Standard) com diâmetro interno de 34,92 mm, diâmetro externo de 50,8 mm e altura de 7,93 mm. Código PK Vedações PKG.0971. A referência de catálogo equivalente aparece em “Substitui / equivale a”.

O perfil Standard é o perfil padrão para êmbolo (pistão), com altura igual à seção. Substitui, no mesmo alojamento, as gaxetas tipo V e tipo U de borracha, com vedação melhor em baixa pressão e vida útil maior, porque o poliuretano resiste mais à abrasão e à extrusão. Serve em cilindros hidráulicos e pneumáticos.

Como conferir a medida: diâmetro interno é o fundo do canal no êmbolo, diâmetro externo é o diâmetro da camisa e altura é a largura do canal. Meça com paquímetro antes de pedir; a gaxeta precisa das três medidas iguais às do alojamento."
"pkg-0752-18701500","111","Gaxeta de poliuretano tipo STD (Standard), 38,1 × 47,62 × 4,76 mm, perfil padrão para êmbolo de cilindros hidráulicos e pneumáticos. Fabricação PK Vedações, código PKG.0752.","Gaxeta de poliuretano (PU) tipo STD (Standard) com diâmetro interno de 38,1 mm, diâmetro externo de 47,62 mm e altura de 4,76 mm. Código PK Vedações PKG.0752. A referência de catálogo equivalente aparece em “Substitui / equivale a”.

O perfil Standard é o perfil padrão para êmbolo (pistão), com altura igual à seção. Substitui, no mesmo alojamento, as gaxetas tipo V e tipo U de borracha, com vedação melhor em baixa pressão e vida útil maior, porque o poliuretano resiste mais à abrasão e à extrusão. Serve em cilindros hidráulicos e pneumáticos.

Como conferir a medida: diâmetro interno é o fundo do canal no êmbolo, diâmetro externo é o diâmetro da camisa e altura é a largura do canal. Meça com paquímetro antes de pedir; a gaxeta precisa das três medidas iguais às do alojamento."
"pkg-0538-25001500","111","Gaxeta de poliuretano tipo STD (Standard), 38,1 × 50,8 × 6,35 mm, perfil padrão para êmbolo de cilindros hidráulicos e pneumáticos. Fabricação PK Vedações, código PKG.0538.","Gaxeta de poliuretano (PU) tipo STD (Standard) com diâmetro interno de 38,1 mm, diâmetro externo de 50,8 mm e altura de 6,35 mm. Código PK Vedações PKG.0538. A referência de catálogo equivalente aparece em “Substitui / equivale a”.

O perfil Standard é o perfil padrão para êmbolo (pistão), com altura igual à seção. Substitui, no mesmo alojamento, as gaxetas tipo V e tipo U de borracha, com vedação melhor em baixa pressão e vida útil maior, porque o poliuretano resiste mais à abrasão e à extrusão. Serve em cilindros hidráulicos e pneumáticos.

Como conferir a medida: diâmetro interno é o fundo do canal no êmbolo, diâmetro externo é o diâmetro da camisa e altura é a largura do canal. Meça com paquímetro antes de pedir; a gaxeta precisa das três medidas iguais às do alojamento."
"pkg-1266-31201500","111","Gaxeta de poliuretano tipo STD (Standard), 38,1 × 53,96 × 7,93 mm, perfil padrão para êmbolo de cilindros hidráulicos e pneumáticos. Fabricação PK Vedações, código PKG.1266.","Gaxeta de poliuretano (PU) tipo STD (Standard) com diâmetro interno de 38,1 mm, diâmetro externo de 53,96 mm e altura de 7,93 mm. Código PK Vedações PKG.1266. A referência de catálogo equivalente aparece em “Substitui / equivale a”.

O perfil Standard é o perfil padrão para êmbolo (pistão), com altura igual à seção. Substitui, no mesmo alojamento, as gaxetas tipo V e tipo U de borracha, com vedação melhor em baixa pressão e vida útil maior, porque o poliuretano resiste mais à abrasão e à extrusão. Serve em cilindros hidráulicos e pneumáticos.

Como conferir a medida: diâmetro interno é o fundo do canal no êmbolo, diâmetro externo é o diâmetro da camisa e altura é a largura do canal. Meça com paquímetro antes de pedir; a gaxeta precisa das três medidas iguais às do alojamento."
"pkg-1907-37501500","111","Gaxeta de poliuretano tipo STD (Standard), 38,1 × 57,15 × 9,52 mm, perfil padrão para êmbolo de cilindros hidráulicos e pneumáticos. Fabricação PK Vedações, código PKG.1907.","Gaxeta de poliuretano (PU) tipo STD (Standard) com diâmetro interno de 38,1 mm, diâmetro externo de 57,15 mm e altura de 9,52 mm. Código PK Vedações PKG.1907. A referência de catálogo equivalente aparece em “Substitui / equivale a”.

O perfil Standard é o perfil padrão para êmbolo (pistão), com altura igual à seção. Substitui, no mesmo alojamento, as gaxetas tipo V e tipo U de borracha, com vedação melhor em baixa pressão e vida útil maior, porque o poliuretano resiste mais à abrasão e à extrusão. Serve em cilindros hidráulicos e pneumáticos.

Como conferir a medida: diâmetro interno é o fundo do canal no êmbolo, diâmetro externo é o diâmetro da camisa e altura é a largura do canal. Meça com paquímetro antes de pedir; a gaxeta precisa das três medidas iguais às do alojamento."
"pkg-1522-6-39401574","111","Gaxeta de poliuretano tipo STD (Standard), 40 × 60 × 10 mm, perfil padrão para êmbolo de cilindros hidráulicos e pneumáticos. Fabricação PK Vedações, código PKG.1522.","Gaxeta de poliuretano (PU) tipo STD (Standard) com diâmetro interno de 40 mm, diâmetro externo de 60 mm e altura de 10 mm. Código PK Vedações PKG.1522. A referência de catálogo equivalente aparece em “Substitui / equivale a”.

O perfil Standard é o perfil padrão para êmbolo (pistão), com altura igual à seção. Substitui, no mesmo alojamento, as gaxetas tipo V e tipo U de borracha, com vedação melhor em baixa pressão e vida útil maior, porque o poliuretano resiste mais à abrasão e à extrusão. Serve em cilindros hidráulicos e pneumáticos.

Como conferir a medida: diâmetro interno é o fundo do canal no êmbolo, diâmetro externo é o diâmetro da camisa e altura é a largura do canal. Meça com paquímetro antes de pedir; a gaxeta precisa das três medidas iguais às do alojamento."
"pkg-0606-18701625","111","Gaxeta de poliuretano tipo STD (Standard), 41,27 × 50,8 × 4,76 mm, perfil padrão para êmbolo de cilindros hidráulicos e pneumáticos. Fabricação PK Vedações, código PKG.0606.","Gaxeta de poliuretano (PU) tipo STD (Standard) com diâmetro interno de 41,27 mm, diâmetro externo de 50,8 mm e altura de 4,76 mm. Código PK Vedações PKG.0606. A referência de catálogo equivalente aparece em “Substitui / equivale a”.

O perfil Standard é o perfil padrão para êmbolo (pistão), com altura igual à seção. Substitui, no mesmo alojamento, as gaxetas tipo V e tipo U de borracha, com vedação melhor em baixa pressão e vida útil maior, porque o poliuretano resiste mais à abrasão e à extrusão. Serve em cilindros hidráulicos e pneumáticos.

Como conferir a medida: diâmetro interno é o fundo do canal no êmbolo, diâmetro externo é o diâmetro da camisa e altura é a largura do canal. Meça com paquímetro antes de pedir; a gaxeta precisa das três medidas iguais às do alojamento."
"pkg-1287-25001625","111","Gaxeta de poliuretano tipo STD (Standard), 41,27 × 53,97 × 6,35 mm, perfil padrão para êmbolo de cilindros hidráulicos e pneumáticos. Fabricação PK Vedações, código PKG.1287.","Gaxeta de poliuretano (PU) tipo STD (Standard) com diâmetro interno de 41,27 mm, diâmetro externo de 53,97 mm e altura de 6,35 mm. Código PK Vedações PKG.1287. A referência de catálogo equivalente aparece em “Substitui / equivale a”.

O perfil Standard é o perfil padrão para êmbolo (pistão), com altura igual à seção. Substitui, no mesmo alojamento, as gaxetas tipo V e tipo U de borracha, com vedação melhor em baixa pressão e vida útil maior, porque o poliuretano resiste mais à abrasão e à extrusão. Serve em cilindros hidráulicos e pneumáticos.

Como conferir a medida: diâmetro interno é o fundo do canal no êmbolo, diâmetro externo é o diâmetro da camisa e altura é a largura do canal. Meça com paquímetro antes de pedir; a gaxeta precisa das três medidas iguais às do alojamento."
"pkg-1910-31201625","111","Gaxeta de poliuretano tipo STD (Standard), 41,27 × 57,13 × 7,93 mm, perfil padrão para êmbolo de cilindros hidráulicos e pneumáticos. Fabricação PK Vedações, código PKG.1910.","Gaxeta de poliuretano (PU) tipo STD (Standard) com diâmetro interno de 41,27 mm, diâmetro externo de 57,13 mm e altura de 7,93 mm. Código PK Vedações PKG.1910. A referência de catálogo equivalente aparece em “Substitui / equivale a”.

O perfil Standard é o perfil padrão para êmbolo (pistão), com altura igual à seção. Substitui, no mesmo alojamento, as gaxetas tipo V e tipo U de borracha, com vedação melhor em baixa pressão e vida útil maior, porque o poliuretano resiste mais à abrasão e à extrusão. Serve em cilindros hidráulicos e pneumáticos.

Como conferir a medida: diâmetro interno é o fundo do canal no êmbolo, diâmetro externo é o diâmetro da camisa e altura é a largura do canal. Meça com paquímetro antes de pedir; a gaxeta precisa das três medidas iguais às do alojamento."
"pkg-1048-37501625","111","Gaxeta de poliuretano tipo STD (Standard), 41,27 × 60,31 × 9,52 mm, perfil padrão para êmbolo de cilindros hidráulicos e pneumáticos. Fabricação PK Vedações, código PKG.1048.","Gaxeta de poliuretano (PU) tipo STD (Standard) com diâmetro interno de 41,27 mm, diâmetro externo de 60,31 mm e altura de 9,52 mm. Código PK Vedações PKG.1048. A referência de catálogo equivalente aparece em “Substitui / equivale a”.

O perfil Standard é o perfil padrão para êmbolo (pistão), com altura igual à seção. Substitui, no mesmo alojamento, as gaxetas tipo V e tipo U de borracha, com vedação melhor em baixa pressão e vida útil maior, porque o poliuretano resiste mais à abrasão e à extrusão. Serve em cilindros hidráulicos e pneumáticos.

Como conferir a medida: diâmetro interno é o fundo do canal no êmbolo, diâmetro externo é o diâmetro da camisa e altura é a largura do canal. Meça com paquímetro antes de pedir; a gaxeta precisa das três medidas iguais às do alojamento."
"pkg-0682-18701750","111","Gaxeta de poliuretano tipo STD (Standard), 44,45 × 53,97 × 4,76 mm, perfil padrão para êmbolo de cilindros hidráulicos e pneumáticos. Fabricação PK Vedações, código PKG.0682.","Gaxeta de poliuretano (PU) tipo STD (Standard) com diâmetro interno de 44,45 mm, diâmetro externo de 53,97 mm e altura de 4,76 mm. Código PK Vedações PKG.0682. A referência de catálogo equivalente aparece em “Substitui / equivale a”.

O perfil Standard é o perfil padrão para êmbolo (pistão), com altura igual à seção. Substitui, no mesmo alojamento, as gaxetas tipo V e tipo U de borracha, com vedação melhor em baixa pressão e vida útil maior, porque o poliuretano resiste mais à abrasão e à extrusão. Serve em cilindros hidráulicos e pneumáticos.

Como conferir a medida: diâmetro interno é o fundo do canal no êmbolo, diâmetro externo é o diâmetro da camisa e altura é a largura do canal. Meça com paquímetro antes de pedir; a gaxeta precisa das três medidas iguais às do alojamento."
"pkg-0565-25001750","111","Gaxeta de poliuretano tipo STD (Standard), 44,45 × 57,15 × 6,35 mm, perfil padrão para êmbolo de cilindros hidráulicos e pneumáticos. Fabricação PK Vedações, código PKG.0565.","Gaxeta de poliuretano (PU) tipo STD (Standard) com diâmetro interno de 44,45 mm, diâmetro externo de 57,15 mm e altura de 6,35 mm. Código PK Vedações PKG.0565. A referência de catálogo equivalente aparece em “Substitui / equivale a”.

O perfil Standard é o perfil padrão para êmbolo (pistão), com altura igual à seção. Substitui, no mesmo alojamento, as gaxetas tipo V e tipo U de borracha, com vedação melhor em baixa pressão e vida útil maior, porque o poliuretano resiste mais à abrasão e à extrusão. Serve em cilindros hidráulicos e pneumáticos.

Como conferir a medida: diâmetro interno é o fundo do canal no êmbolo, diâmetro externo é o diâmetro da camisa e altura é a largura do canal. Meça com paquímetro antes de pedir; a gaxeta precisa das três medidas iguais às do alojamento."
"pkg-1911-31201750","111","Gaxeta de poliuretano tipo STD (Standard), 44,45 × 60,31 × 7,93 mm, perfil padrão para êmbolo de cilindros hidráulicos e pneumáticos. Fabricação PK Vedações, código PKG.1911.","Gaxeta de poliuretano (PU) tipo STD (Standard) com diâmetro interno de 44,45 mm, diâmetro externo de 60,31 mm e altura de 7,93 mm. Código PK Vedações PKG.1911. A referência de catálogo equivalente aparece em “Substitui / equivale a”.

O perfil Standard é o perfil padrão para êmbolo (pistão), com altura igual à seção. Substitui, no mesmo alojamento, as gaxetas tipo V e tipo U de borracha, com vedação melhor em baixa pressão e vida útil maior, porque o poliuretano resiste mais à abrasão e à extrusão. Serve em cilindros hidráulicos e pneumáticos.

Como conferir a medida: diâmetro interno é o fundo do canal no êmbolo, diâmetro externo é o diâmetro da camisa e altura é a largura do canal. Meça com paquímetro antes de pedir; a gaxeta precisa das três medidas iguais às do alojamento."
"pkg-1912-37501750","111","Gaxeta de poliuretano tipo STD (Standard), 44,45 × 63,5 × 9,52 mm, perfil padrão para êmbolo de cilindros hidráulicos e pneumáticos. Fabricação PK Vedações, código PKG.1912.","Gaxeta de poliuretano (PU) tipo STD (Standard) com diâmetro interno de 44,45 mm, diâmetro externo de 63,5 mm e altura de 9,52 mm. Código PK Vedações PKG.1912. A referência de catálogo equivalente aparece em “Substitui / equivale a”.

O perfil Standard é o perfil padrão para êmbolo (pistão), com altura igual à seção. Substitui, no mesmo alojamento, as gaxetas tipo V e tipo U de borracha, com vedação melhor em baixa pressão e vida útil maior, porque o poliuretano resiste mais à abrasão e à extrusão. Serve em cilindros hidráulicos e pneumáticos.

Como conferir a medida: diâmetro interno é o fundo do canal no êmbolo, diâmetro externo é o diâmetro da camisa e altura é a largura do canal. Meça com paquímetro antes de pedir; a gaxeta precisa das três medidas iguais às do alojamento."
"pkg-1915-18701875","111","Gaxeta de poliuretano tipo STD (Standard), 47,62 × 57,14 × 4,76 mm, perfil padrão para êmbolo de cilindros hidráulicos e pneumáticos. Fabricação PK Vedações, código PKG.1915.","Gaxeta de poliuretano (PU) tipo STD (Standard) com diâmetro interno de 47,62 mm, diâmetro externo de 57,14 mm e altura de 4,76 mm. Código PK Vedações PKG.1915. A referência de catálogo equivalente aparece em “Substitui / equivale a”.

O perfil Standard é o perfil padrão para êmbolo (pistão), com altura igual à seção. Substitui, no mesmo alojamento, as gaxetas tipo V e tipo U de borracha, com vedação melhor em baixa pressão e vida útil maior, porque o poliuretano resiste mais à abrasão e à extrusão. Serve em cilindros hidráulicos e pneumáticos.

Como conferir a medida: diâmetro interno é o fundo do canal no êmbolo, diâmetro externo é o diâmetro da camisa e altura é a largura do canal. Meça com paquímetro antes de pedir; a gaxeta precisa das três medidas iguais às do alojamento."
"pkg-0647-25001875","111","Gaxeta de poliuretano tipo STD (Standard), 47,62 × 60,32 × 6,35 mm, perfil padrão para êmbolo de cilindros hidráulicos e pneumáticos. Fabricação PK Vedações, código PKG.0647.","Gaxeta de poliuretano (PU) tipo STD (Standard) com diâmetro interno de 47,62 mm, diâmetro externo de 60,32 mm e altura de 6,35 mm. Código PK Vedações PKG.0647. A referência de catálogo equivalente aparece em “Substitui / equivale a”.

O perfil Standard é o perfil padrão para êmbolo (pistão), com altura igual à seção. Substitui, no mesmo alojamento, as gaxetas tipo V e tipo U de borracha, com vedação melhor em baixa pressão e vida útil maior, porque o poliuretano resiste mais à abrasão e à extrusão. Serve em cilindros hidráulicos e pneumáticos.

Como conferir a medida: diâmetro interno é o fundo do canal no êmbolo, diâmetro externo é o diâmetro da camisa e altura é a largura do canal. Meça com paquímetro antes de pedir; a gaxeta precisa das três medidas iguais às do alojamento."
"pkg-0643-31201875","111","Gaxeta de poliuretano tipo STD (Standard), 47,62 × 63,5 × 7,93 mm, perfil padrão para êmbolo de cilindros hidráulicos e pneumáticos. Fabricação PK Vedações, código PKG.0643.","Gaxeta de poliuretano (PU) tipo STD (Standard) com diâmetro interno de 47,62 mm, diâmetro externo de 63,5 mm e altura de 7,93 mm. Código PK Vedações PKG.0643. A referência de catálogo equivalente aparece em “Substitui / equivale a”.

O perfil Standard é o perfil padrão para êmbolo (pistão), com altura igual à seção. Substitui, no mesmo alojamento, as gaxetas tipo V e tipo U de borracha, com vedação melhor em baixa pressão e vida útil maior, porque o poliuretano resiste mais à abrasão e à extrusão. Serve em cilindros hidráulicos e pneumáticos.

Como conferir a medida: diâmetro interno é o fundo do canal no êmbolo, diâmetro externo é o diâmetro da camisa e altura é a largura do canal. Meça com paquímetro antes de pedir; a gaxeta precisa das três medidas iguais às do alojamento."
"pkg-1917-18702000","111","Gaxeta de poliuretano tipo STD (Standard), 50,8 × 60,32 × 4,76 mm, perfil padrão para êmbolo de cilindros hidráulicos e pneumáticos. Fabricação PK Vedações, código PKG.1917.","Gaxeta de poliuretano (PU) tipo STD (Standard) com diâmetro interno de 50,8 mm, diâmetro externo de 60,32 mm e altura de 4,76 mm. Código PK Vedações PKG.1917. A referência de catálogo equivalente aparece em “Substitui / equivale a”.

O perfil Standard é o perfil padrão para êmbolo (pistão), com altura igual à seção. Substitui, no mesmo alojamento, as gaxetas tipo V e tipo U de borracha, com vedação melhor em baixa pressão e vida útil maior, porque o poliuretano resiste mais à abrasão e à extrusão. Serve em cilindros hidráulicos e pneumáticos.

Como conferir a medida: diâmetro interno é o fundo do canal no êmbolo, diâmetro externo é o diâmetro da camisa e altura é a largura do canal. Meça com paquímetro antes de pedir; a gaxeta precisa das três medidas iguais às do alojamento."
"pkg-0539-25002000","111","Gaxeta de poliuretano tipo STD (Standard), 50,8 × 63,5 × 6,35 mm, perfil padrão para êmbolo de cilindros hidráulicos e pneumáticos. Fabricação PK Vedações, código PKG.0539.","Gaxeta de poliuretano (PU) tipo STD (Standard) com diâmetro interno de 50,8 mm, diâmetro externo de 63,5 mm e altura de 6,35 mm. Código PK Vedações PKG.0539. A referência de catálogo equivalente aparece em “Substitui / equivale a”.

O perfil Standard é o perfil padrão para êmbolo (pistão), com altura igual à seção. Substitui, no mesmo alojamento, as gaxetas tipo V e tipo U de borracha, com vedação melhor em baixa pressão e vida útil maior, porque o poliuretano resiste mais à abrasão e à extrusão. Serve em cilindros hidráulicos e pneumáticos.

Como conferir a medida: diâmetro interno é o fundo do canal no êmbolo, diâmetro externo é o diâmetro da camisa e altura é a largura do canal. Meça com paquímetro antes de pedir; a gaxeta precisa das três medidas iguais às do alojamento."
"pkg-1164-31202000","111","Gaxeta de poliuretano tipo STD (Standard), 50,8 × 66,67 × 7,93 mm, perfil padrão para êmbolo de cilindros hidráulicos e pneumáticos. Fabricação PK Vedações, código PKG.1164.","Gaxeta de poliuretano (PU) tipo STD (Standard) com diâmetro interno de 50,8 mm, diâmetro externo de 66,67 mm e altura de 7,93 mm. Código PK Vedações PKG.1164. A referência de catálogo equivalente aparece em “Substitui / equivale a”.

O perfil Standard é o perfil padrão para êmbolo (pistão), com altura igual à seção. Substitui, no mesmo alojamento, as gaxetas tipo V e tipo U de borracha, com vedação melhor em baixa pressão e vida útil maior, porque o poliuretano resiste mais à abrasão e à extrusão. Serve em cilindros hidráulicos e pneumáticos.

Como conferir a medida: diâmetro interno é o fundo do canal no êmbolo, diâmetro externo é o diâmetro da camisa e altura é a largura do canal. Meça com paquímetro antes de pedir; a gaxeta precisa das três medidas iguais às do alojamento."
"pkg-0816-37502000","111","Gaxeta de poliuretano tipo STD (Standard), 50,8 × 69,85 × 9,52 mm, perfil padrão para êmbolo de cilindros hidráulicos e pneumáticos. Fabricação PK Vedações, código PKG.0816.","Gaxeta de poliuretano (PU) tipo STD (Standard) com diâmetro interno de 50,8 mm, diâmetro externo de 69,85 mm e altura de 9,52 mm. Código PK Vedações PKG.0816. A referência de catálogo equivalente aparece em “Substitui / equivale a”.

O perfil Standard é o perfil padrão para êmbolo (pistão), com altura igual à seção. Substitui, no mesmo alojamento, as gaxetas tipo V e tipo U de borracha, com vedação melhor em baixa pressão e vida útil maior, porque o poliuretano resiste mais à abrasão e à extrusão. Serve em cilindros hidráulicos e pneumáticos.

Como conferir a medida: diâmetro interno é o fundo do canal no êmbolo, diâmetro externo é o diâmetro da camisa e altura é a largura do canal. Meça com paquímetro antes de pedir; a gaxeta precisa das três medidas iguais às do alojamento."
"pkg-0785-18702125","111","Gaxeta de poliuretano tipo STD (Standard), 53,97 × 63,49 × 4,76 mm, perfil padrão para êmbolo de cilindros hidráulicos e pneumáticos. Fabricação PK Vedações, código PKG.0785.","Gaxeta de poliuretano (PU) tipo STD (Standard) com diâmetro interno de 53,97 mm, diâmetro externo de 63,49 mm e altura de 4,76 mm. Código PK Vedações PKG.0785. A referência de catálogo equivalente aparece em “Substitui / equivale a”.

O perfil Standard é o perfil padrão para êmbolo (pistão), com altura igual à seção. Substitui, no mesmo alojamento, as gaxetas tipo V e tipo U de borracha, com vedação melhor em baixa pressão e vida útil maior, porque o poliuretano resiste mais à abrasão e à extrusão. Serve em cilindros hidráulicos e pneumáticos.

Como conferir a medida: diâmetro interno é o fundo do canal no êmbolo, diâmetro externo é o diâmetro da camisa e altura é a largura do canal. Meça com paquímetro antes de pedir; a gaxeta precisa das três medidas iguais às do alojamento."
"pkg-1098-25002125","111","Gaxeta de poliuretano tipo STD (Standard), 53,97 × 66,67 × 6,35 mm, perfil padrão para êmbolo de cilindros hidráulicos e pneumáticos. Fabricação PK Vedações, código PKG.1098.","Gaxeta de poliuretano (PU) tipo STD (Standard) com diâmetro interno de 53,97 mm, diâmetro externo de 66,67 mm e altura de 6,35 mm. Código PK Vedações PKG.1098. A referência de catálogo equivalente aparece em “Substitui / equivale a”.

O perfil Standard é o perfil padrão para êmbolo (pistão), com altura igual à seção. Substitui, no mesmo alojamento, as gaxetas tipo V e tipo U de borracha, com vedação melhor em baixa pressão e vida útil maior, porque o poliuretano resiste mais à abrasão e à extrusão. Serve em cilindros hidráulicos e pneumáticos.

Como conferir a medida: diâmetro interno é o fundo do canal no êmbolo, diâmetro externo é o diâmetro da camisa e altura é a largura do canal. Meça com paquímetro antes de pedir; a gaxeta precisa das três medidas iguais às do alojamento."
"pkg-1920-31202125","111","Gaxeta de poliuretano tipo STD (Standard), 53,97 × 69,85 × 7,93 mm, perfil padrão para êmbolo de cilindros hidráulicos e pneumáticos. Fabricação PK Vedações, código PKG.1920.","Gaxeta de poliuretano (PU) tipo STD (Standard) com diâmetro interno de 53,97 mm, diâmetro externo de 69,85 mm e altura de 7,93 mm. Código PK Vedações PKG.1920. A referência de catálogo equivalente aparece em “Substitui / equivale a”.

O perfil Standard é o perfil padrão para êmbolo (pistão), com altura igual à seção. Substitui, no mesmo alojamento, as gaxetas tipo V e tipo U de borracha, com vedação melhor em baixa pressão e vida útil maior, porque o poliuretano resiste mais à abrasão e à extrusão. Serve em cilindros hidráulicos e pneumáticos.

Como conferir a medida: diâmetro interno é o fundo do canal no êmbolo, diâmetro externo é o diâmetro da camisa e altura é a largura do canal. Meça com paquímetro antes de pedir; a gaxeta precisa das três medidas iguais às do alojamento."
"pkg-1165-37502125","111","Gaxeta de poliuretano tipo STD (Standard), 53,97 × 73,02 × 9,52 mm, perfil padrão para êmbolo de cilindros hidráulicos e pneumáticos. Fabricação PK Vedações, código PKG.1165.","Gaxeta de poliuretano (PU) tipo STD (Standard) com diâmetro interno de 53,97 mm, diâmetro externo de 73,02 mm e altura de 9,52 mm. Código PK Vedações PKG.1165. A referência de catálogo equivalente aparece em “Substitui / equivale a”.

O perfil Standard é o perfil padrão para êmbolo (pistão), com altura igual à seção. Substitui, no mesmo alojamento, as gaxetas tipo V e tipo U de borracha, com vedação melhor em baixa pressão e vida útil maior, porque o poliuretano resiste mais à abrasão e à extrusão. Serve em cilindros hidráulicos e pneumáticos.

Como conferir a medida: diâmetro interno é o fundo do canal no êmbolo, diâmetro externo é o diâmetro da camisa e altura é a largura do canal. Meça com paquímetro antes de pedir; a gaxeta precisa das três medidas iguais às do alojamento."
"pkg-0038-18702250","111","Gaxeta de poliuretano tipo STD (Standard), 57,15 × 66,67 × 4,76 mm, perfil padrão para êmbolo de cilindros hidráulicos e pneumáticos. Fabricação PK Vedações, código PKG.0038.","Gaxeta de poliuretano (PU) tipo STD (Standard) com diâmetro interno de 57,15 mm, diâmetro externo de 66,67 mm e altura de 4,76 mm. Código PK Vedações PKG.0038. A referência de catálogo equivalente aparece em “Substitui / equivale a”.

O perfil Standard é o perfil padrão para êmbolo (pistão), com altura igual à seção. Substitui, no mesmo alojamento, as gaxetas tipo V e tipo U de borracha, com vedação melhor em baixa pressão e vida útil maior, porque o poliuretano resiste mais à abrasão e à extrusão. Serve em cilindros hidráulicos e pneumáticos.

Como conferir a medida: diâmetro interno é o fundo do canal no êmbolo, diâmetro externo é o diâmetro da camisa e altura é a largura do canal. Meça com paquímetro antes de pedir; a gaxeta precisa das três medidas iguais às do alojamento."
"pkg-0638-25002250","111","Gaxeta de poliuretano tipo STD (Standard), 57,15 × 69,85 × 6,35 mm, perfil padrão para êmbolo de cilindros hidráulicos e pneumáticos. Fabricação PK Vedações, código PKG.0638.","Gaxeta de poliuretano (PU) tipo STD (Standard) com diâmetro interno de 57,15 mm, diâmetro externo de 69,85 mm e altura de 6,35 mm. Código PK Vedações PKG.0638. A referência de catálogo equivalente aparece em “Substitui / equivale a”.

O perfil Standard é o perfil padrão para êmbolo (pistão), com altura igual à seção. Substitui, no mesmo alojamento, as gaxetas tipo V e tipo U de borracha, com vedação melhor em baixa pressão e vida útil maior, porque o poliuretano resiste mais à abrasão e à extrusão. Serve em cilindros hidráulicos e pneumáticos.

Como conferir a medida: diâmetro interno é o fundo do canal no êmbolo, diâmetro externo é o diâmetro da camisa e altura é a largura do canal. Meça com paquímetro antes de pedir; a gaxeta precisa das três medidas iguais às do alojamento."
"pkg-1280-31202250","111","Gaxeta de poliuretano tipo STD (Standard), 57,15 × 73,02 × 7,93 mm, perfil padrão para êmbolo de cilindros hidráulicos e pneumáticos. Fabricação PK Vedações, código PKG.1280.","Gaxeta de poliuretano (PU) tipo STD (Standard) com diâmetro interno de 57,15 mm, diâmetro externo de 73,02 mm e altura de 7,93 mm. Código PK Vedações PKG.1280. A referência de catálogo equivalente aparece em “Substitui / equivale a”.

O perfil Standard é o perfil padrão para êmbolo (pistão), com altura igual à seção. Substitui, no mesmo alojamento, as gaxetas tipo V e tipo U de borracha, com vedação melhor em baixa pressão e vida útil maior, porque o poliuretano resiste mais à abrasão e à extrusão. Serve em cilindros hidráulicos e pneumáticos.

Como conferir a medida: diâmetro interno é o fundo do canal no êmbolo, diâmetro externo é o diâmetro da camisa e altura é a largura do canal. Meça com paquímetro antes de pedir; a gaxeta precisa das três medidas iguais às do alojamento."
"pkg-0729-37502250","111","Gaxeta de poliuretano tipo STD (Standard), 57,15 × 76,2 × 9,52 mm, perfil padrão para êmbolo de cilindros hidráulicos e pneumáticos. Fabricação PK Vedações, código PKG.0729.","Gaxeta de poliuretano (PU) tipo STD (Standard) com diâmetro interno de 57,15 mm, diâmetro externo de 76,2 mm e altura de 9,52 mm. Código PK Vedações PKG.0729. A referência de catálogo equivalente aparece em “Substitui / equivale a”.

O perfil Standard é o perfil padrão para êmbolo (pistão), com altura igual à seção. Substitui, no mesmo alojamento, as gaxetas tipo V e tipo U de borracha, com vedação melhor em baixa pressão e vida útil maior, porque o poliuretano resiste mais à abrasão e à extrusão. Serve em cilindros hidráulicos e pneumáticos.

Como conferir a medida: diâmetro interno é o fundo do canal no êmbolo, diâmetro externo é o diâmetro da camisa e altura é a largura do canal. Meça com paquímetro antes de pedir; a gaxeta precisa das três medidas iguais às do alojamento."
"pkg-1924-18702375","111","Gaxeta de poliuretano tipo STD (Standard), 60,32 × 69,85 × 4,76 mm, perfil padrão para êmbolo de cilindros hidráulicos e pneumáticos. Fabricação PK Vedações, código PKG.1924.","Gaxeta de poliuretano (PU) tipo STD (Standard) com diâmetro interno de 60,32 mm, diâmetro externo de 69,85 mm e altura de 4,76 mm. Código PK Vedações PKG.1924. A referência de catálogo equivalente aparece em “Substitui / equivale a”.

O perfil Standard é o perfil padrão para êmbolo (pistão), com altura igual à seção. Substitui, no mesmo alojamento, as gaxetas tipo V e tipo U de borracha, com vedação melhor em baixa pressão e vida útil maior, porque o poliuretano resiste mais à abrasão e à extrusão. Serve em cilindros hidráulicos e pneumáticos.

Como conferir a medida: diâmetro interno é o fundo do canal no êmbolo, diâmetro externo é o diâmetro da camisa e altura é a largura do canal. Meça com paquímetro antes de pedir; a gaxeta precisa das três medidas iguais às do alojamento."
"pkg-0669-25002375","111","Gaxeta de poliuretano tipo STD (Standard), 60,32 × 73,02 × 6,35 mm, perfil padrão para êmbolo de cilindros hidráulicos e pneumáticos. Fabricação PK Vedações, código PKG.0669.","Gaxeta de poliuretano (PU) tipo STD (Standard) com diâmetro interno de 60,32 mm, diâmetro externo de 73,02 mm e altura de 6,35 mm. Código PK Vedações PKG.0669. A referência de catálogo equivalente aparece em “Substitui / equivale a”.

O perfil Standard é o perfil padrão para êmbolo (pistão), com altura igual à seção. Substitui, no mesmo alojamento, as gaxetas tipo V e tipo U de borracha, com vedação melhor em baixa pressão e vida útil maior, porque o poliuretano resiste mais à abrasão e à extrusão. Serve em cilindros hidráulicos e pneumáticos.

Como conferir a medida: diâmetro interno é o fundo do canal no êmbolo, diâmetro externo é o diâmetro da camisa e altura é a largura do canal. Meça com paquímetro antes de pedir; a gaxeta precisa das três medidas iguais às do alojamento."
"pkg-0637-31202375","111","Gaxeta de poliuretano tipo STD (Standard), 60,32 × 76,2 × 7,93 mm, perfil padrão para êmbolo de cilindros hidráulicos e pneumáticos. Fabricação PK Vedações, código PKG.0637.","Gaxeta de poliuretano (PU) tipo STD (Standard) com diâmetro interno de 60,32 mm, diâmetro externo de 76,2 mm e altura de 7,93 mm. Código PK Vedações PKG.0637. A referência de catálogo equivalente aparece em “Substitui / equivale a”.

O perfil Standard é o perfil padrão para êmbolo (pistão), com altura igual à seção. Substitui, no mesmo alojamento, as gaxetas tipo V e tipo U de borracha, com vedação melhor em baixa pressão e vida útil maior, porque o poliuretano resiste mais à abrasão e à extrusão. Serve em cilindros hidráulicos e pneumáticos.

Como conferir a medida: diâmetro interno é o fundo do canal no êmbolo, diâmetro externo é o diâmetro da camisa e altura é a largura do canal. Meça com paquímetro antes de pedir; a gaxeta precisa das três medidas iguais às do alojamento."
"pkg-0648-37502375","111","Gaxeta de poliuretano tipo STD (Standard), 60,32 × 79,36 × 9,52 mm, perfil padrão para êmbolo de cilindros hidráulicos e pneumáticos. Fabricação PK Vedações, código PKG.0648.","Gaxeta de poliuretano (PU) tipo STD (Standard) com diâmetro interno de 60,32 mm, diâmetro externo de 79,36 mm e altura de 9,52 mm. Código PK Vedações PKG.0648. A referência de catálogo equivalente aparece em “Substitui / equivale a”.

O perfil Standard é o perfil padrão para êmbolo (pistão), com altura igual à seção. Substitui, no mesmo alojamento, as gaxetas tipo V e tipo U de borracha, com vedação melhor em baixa pressão e vida útil maior, porque o poliuretano resiste mais à abrasão e à extrusão. Serve em cilindros hidráulicos e pneumáticos.

Como conferir a medida: diâmetro interno é o fundo do canal no êmbolo, diâmetro externo é o diâmetro da camisa e altura é a largura do canal. Meça com paquímetro antes de pedir; a gaxeta precisa das três medidas iguais às do alojamento."
"pkg-1925-18702500","111","Gaxeta de poliuretano tipo STD (Standard), 63,5 × 73,02 × 7,76 mm, perfil padrão para êmbolo de cilindros hidráulicos e pneumáticos. Fabricação PK Vedações, código PKG.1925.","Gaxeta de poliuretano (PU) tipo STD (Standard) com diâmetro interno de 63,5 mm, diâmetro externo de 73,02 mm e altura de 7,76 mm. Código PK Vedações PKG.1925. A referência de catálogo equivalente aparece em “Substitui / equivale a”.

O perfil Standard é o perfil padrão para êmbolo (pistão), com altura igual à seção. Substitui, no mesmo alojamento, as gaxetas tipo V e tipo U de borracha, com vedação melhor em baixa pressão e vida útil maior, porque o poliuretano resiste mais à abrasão e à extrusão. Serve em cilindros hidráulicos e pneumáticos.

Como conferir a medida: diâmetro interno é o fundo do canal no êmbolo, diâmetro externo é o diâmetro da camisa e altura é a largura do canal. Meça com paquímetro antes de pedir; a gaxeta precisa das três medidas iguais às do alojamento."
"pkg-0552-25002500","111","Gaxeta de poliuretano tipo STD (Standard), 63,5 × 76,2 × 6,35 mm, perfil padrão para êmbolo de cilindros hidráulicos e pneumáticos. Fabricação PK Vedações, código PKG.0552.","Gaxeta de poliuretano (PU) tipo STD (Standard) com diâmetro interno de 63,5 mm, diâmetro externo de 76,2 mm e altura de 6,35 mm. Código PK Vedações PKG.0552. A referência de catálogo equivalente aparece em “Substitui / equivale a”.

O perfil Standard é o perfil padrão para êmbolo (pistão), com altura igual à seção. Substitui, no mesmo alojamento, as gaxetas tipo V e tipo U de borracha, com vedação melhor em baixa pressão e vida útil maior, porque o poliuretano resiste mais à abrasão e à extrusão. Serve em cilindros hidráulicos e pneumáticos.

Como conferir a medida: diâmetro interno é o fundo do canal no êmbolo, diâmetro externo é o diâmetro da camisa e altura é a largura do canal. Meça com paquímetro antes de pedir; a gaxeta precisa das três medidas iguais às do alojamento."
"pkg-0907-31202500","111","Gaxeta de poliuretano tipo STD (Standard), 63,5 × 79,37 × 7,93 mm, perfil padrão para êmbolo de cilindros hidráulicos e pneumáticos. Fabricação PK Vedações, código PKG.0907.","Gaxeta de poliuretano (PU) tipo STD (Standard) com diâmetro interno de 63,5 mm, diâmetro externo de 79,37 mm e altura de 7,93 mm. Código PK Vedações PKG.0907. A referência de catálogo equivalente aparece em “Substitui / equivale a”.

O perfil Standard é o perfil padrão para êmbolo (pistão), com altura igual à seção. Substitui, no mesmo alojamento, as gaxetas tipo V e tipo U de borracha, com vedação melhor em baixa pressão e vida útil maior, porque o poliuretano resiste mais à abrasão e à extrusão. Serve em cilindros hidráulicos e pneumáticos.

Como conferir a medida: diâmetro interno é o fundo do canal no êmbolo, diâmetro externo é o diâmetro da camisa e altura é a largura do canal. Meça com paquímetro antes de pedir; a gaxeta precisa das três medidas iguais às do alojamento."
"pkg-1136-37502500","111","Gaxeta de poliuretano tipo STD (Standard), 63,5 × 82,55 × 9,52 mm, perfil padrão para êmbolo de cilindros hidráulicos e pneumáticos. Fabricação PK Vedações, código PKG.1136.","Gaxeta de poliuretano (PU) tipo STD (Standard) com diâmetro interno de 63,5 mm, diâmetro externo de 82,55 mm e altura de 9,52 mm. Código PK Vedações PKG.1136. A referência de catálogo equivalente aparece em “Substitui / equivale a”.

O perfil Standard é o perfil padrão para êmbolo (pistão), com altura igual à seção. Substitui, no mesmo alojamento, as gaxetas tipo V e tipo U de borracha, com vedação melhor em baixa pressão e vida útil maior, porque o poliuretano resiste mais à abrasão e à extrusão. Serve em cilindros hidráulicos e pneumáticos.

Como conferir a medida: diâmetro interno é o fundo do canal no êmbolo, diâmetro externo é o diâmetro da camisa e altura é a largura do canal. Meça com paquímetro antes de pedir; a gaxeta precisa das três medidas iguais às do alojamento."
"pkg-2791-6-39402559","111","Gaxeta de poliuretano tipo STD (Standard), 65 × 85 × 10 mm, perfil padrão para êmbolo de cilindros hidráulicos e pneumáticos. Fabricação PK Vedações, código PKG.2791.","Gaxeta de poliuretano (PU) tipo STD (Standard) com diâmetro interno de 65 mm, diâmetro externo de 85 mm e altura de 10 mm. Código PK Vedações PKG.2791. A referência de catálogo equivalente aparece em “Substitui / equivale a”.

O perfil Standard é o perfil padrão para êmbolo (pistão), com altura igual à seção. Substitui, no mesmo alojamento, as gaxetas tipo V e tipo U de borracha, com vedação melhor em baixa pressão e vida útil maior, porque o poliuretano resiste mais à abrasão e à extrusão. Serve em cilindros hidráulicos e pneumáticos.

Como conferir a medida: diâmetro interno é o fundo do canal no êmbolo, diâmetro externo é o diâmetro da camisa e altura é a largura do canal. Meça com paquímetro antes de pedir; a gaxeta precisa das três medidas iguais às do alojamento."
"pkg-0154-18702625","111","Gaxeta de poliuretano tipo STD (Standard), 66,67 × 76,2 × 4,76 mm, perfil padrão para êmbolo de cilindros hidráulicos e pneumáticos. Fabricação PK Vedações, código PKG.0154.","Gaxeta de poliuretano (PU) tipo STD (Standard) com diâmetro interno de 66,67 mm, diâmetro externo de 76,2 mm e altura de 4,76 mm. Código PK Vedações PKG.0154. A referência de catálogo equivalente aparece em “Substitui / equivale a”.

O perfil Standard é o perfil padrão para êmbolo (pistão), com altura igual à seção. Substitui, no mesmo alojamento, as gaxetas tipo V e tipo U de borracha, com vedação melhor em baixa pressão e vida útil maior, porque o poliuretano resiste mais à abrasão e à extrusão. Serve em cilindros hidráulicos e pneumáticos.

Como conferir a medida: diâmetro interno é o fundo do canal no êmbolo, diâmetro externo é o diâmetro da camisa e altura é a largura do canal. Meça com paquímetro antes de pedir; a gaxeta precisa das três medidas iguais às do alojamento."
"pkg-0932-25002625","111","Gaxeta de poliuretano tipo STD (Standard), 66,67 × 79,37 × 6,35 mm, perfil padrão para êmbolo de cilindros hidráulicos e pneumáticos. Fabricação PK Vedações, código PKG.0932.","Gaxeta de poliuretano (PU) tipo STD (Standard) com diâmetro interno de 66,67 mm, diâmetro externo de 79,37 mm e altura de 6,35 mm. Código PK Vedações PKG.0932. A referência de catálogo equivalente aparece em “Substitui / equivale a”.

O perfil Standard é o perfil padrão para êmbolo (pistão), com altura igual à seção. Substitui, no mesmo alojamento, as gaxetas tipo V e tipo U de borracha, com vedação melhor em baixa pressão e vida útil maior, porque o poliuretano resiste mais à abrasão e à extrusão. Serve em cilindros hidráulicos e pneumáticos.

Como conferir a medida: diâmetro interno é o fundo do canal no êmbolo, diâmetro externo é o diâmetro da camisa e altura é a largura do canal. Meça com paquímetro antes de pedir; a gaxeta precisa das três medidas iguais às do alojamento."
"pkg-1930-37502625","111","Gaxeta de poliuretano tipo STD (Standard), 66,67 × 85,71 × 9,52 mm, perfil padrão para êmbolo de cilindros hidráulicos e pneumáticos. Fabricação PK Vedações, código PKG.1930.","Gaxeta de poliuretano (PU) tipo STD (Standard) com diâmetro interno de 66,67 mm, diâmetro externo de 85,71 mm e altura de 9,52 mm. Código PK Vedações PKG.1930. A referência de catálogo equivalente aparece em “Substitui / equivale a”.

O perfil Standard é o perfil padrão para êmbolo (pistão), com altura igual à seção. Substitui, no mesmo alojamento, as gaxetas tipo V e tipo U de borracha, com vedação melhor em baixa pressão e vida útil maior, porque o poliuretano resiste mais à abrasão e à extrusão. Serve em cilindros hidráulicos e pneumáticos.

Como conferir a medida: diâmetro interno é o fundo do canal no êmbolo, diâmetro externo é o diâmetro da camisa e altura é a largura do canal. Meça com paquímetro antes de pedir; a gaxeta precisa das três medidas iguais às do alojamento."
"pkg-0574-18702750","111","Gaxeta de poliuretano tipo STD (Standard), 69,85 × 79,37 × 4,76 mm, perfil padrão para êmbolo de cilindros hidráulicos e pneumáticos. Fabricação PK Vedações, código PKG.0574.","Gaxeta de poliuretano (PU) tipo STD (Standard) com diâmetro interno de 69,85 mm, diâmetro externo de 79,37 mm e altura de 4,76 mm. Código PK Vedações PKG.0574. A referência de catálogo equivalente aparece em “Substitui / equivale a”.

O perfil Standard é o perfil padrão para êmbolo (pistão), com altura igual à seção. Substitui, no mesmo alojamento, as gaxetas tipo V e tipo U de borracha, com vedação melhor em baixa pressão e vida útil maior, porque o poliuretano resiste mais à abrasão e à extrusão. Serve em cilindros hidráulicos e pneumáticos.

Como conferir a medida: diâmetro interno é o fundo do canal no êmbolo, diâmetro externo é o diâmetro da camisa e altura é a largura do canal. Meça com paquímetro antes de pedir; a gaxeta precisa das três medidas iguais às do alojamento."
"pkg-0564-25002750","111","Gaxeta de poliuretano tipo STD (Standard), 69,85 × 82,55 × 6,35 mm, perfil padrão para êmbolo de cilindros hidráulicos e pneumáticos. Fabricação PK Vedações, código PKG.0564.","Gaxeta de poliuretano (PU) tipo STD (Standard) com diâmetro interno de 69,85 mm, diâmetro externo de 82,55 mm e altura de 6,35 mm. Código PK Vedações PKG.0564. A referência de catálogo equivalente aparece em “Substitui / equivale a”.

O perfil Standard é o perfil padrão para êmbolo (pistão), com altura igual à seção. Substitui, no mesmo alojamento, as gaxetas tipo V e tipo U de borracha, com vedação melhor em baixa pressão e vida útil maior, porque o poliuretano resiste mais à abrasão e à extrusão. Serve em cilindros hidráulicos e pneumáticos.

Como conferir a medida: diâmetro interno é o fundo do canal no êmbolo, diâmetro externo é o diâmetro da camisa e altura é a largura do canal. Meça com paquímetro antes de pedir; a gaxeta precisa das três medidas iguais às do alojamento."
"pkg-0986-31202750","111","Gaxeta de poliuretano tipo STD (Standard), 69,85 × 85,69 × 7,92 mm, perfil padrão para êmbolo de cilindros hidráulicos e pneumáticos. Fabricação PK Vedações, código PKG.0986.","Gaxeta de poliuretano (PU) tipo STD (Standard) com diâmetro interno de 69,85 mm, diâmetro externo de 85,69 mm e altura de 7,92 mm. Código PK Vedações PKG.0986. A referência de catálogo equivalente aparece em “Substitui / equivale a”.

O perfil Standard é o perfil padrão para êmbolo (pistão), com altura igual à seção. Substitui, no mesmo alojamento, as gaxetas tipo V e tipo U de borracha, com vedação melhor em baixa pressão e vida útil maior, porque o poliuretano resiste mais à abrasão e à extrusão. Serve em cilindros hidráulicos e pneumáticos.

Como conferir a medida: diâmetro interno é o fundo do canal no êmbolo, diâmetro externo é o diâmetro da camisa e altura é a largura do canal. Meça com paquímetro antes de pedir; a gaxeta precisa das três medidas iguais às do alojamento."
"pkg-0602-37502750","111","Gaxeta de poliuretano tipo STD (Standard), 69,85 × 88,9 × 9,52 mm, perfil padrão para êmbolo de cilindros hidráulicos e pneumáticos. Fabricação PK Vedações, código PKG.0602.","Gaxeta de poliuretano (PU) tipo STD (Standard) com diâmetro interno de 69,85 mm, diâmetro externo de 88,9 mm e altura de 9,52 mm. Código PK Vedações PKG.0602. A referência de catálogo equivalente aparece em “Substitui / equivale a”.

O perfil Standard é o perfil padrão para êmbolo (pistão), com altura igual à seção. Substitui, no mesmo alojamento, as gaxetas tipo V e tipo U de borracha, com vedação melhor em baixa pressão e vida útil maior, porque o poliuretano resiste mais à abrasão e à extrusão. Serve em cilindros hidráulicos e pneumáticos.

Como conferir a medida: diâmetro interno é o fundo do canal no êmbolo, diâmetro externo é o diâmetro da camisa e altura é a largura do canal. Meça com paquímetro antes de pedir; a gaxeta precisa das três medidas iguais às do alojamento."
"pkg-1933-18702875","111","Gaxeta de poliuretano tipo STD (Standard), 73,02 × 82,55 × 4,76 mm, perfil padrão para êmbolo de cilindros hidráulicos e pneumáticos. Fabricação PK Vedações, código PKG.1933.","Gaxeta de poliuretano (PU) tipo STD (Standard) com diâmetro interno de 73,02 mm, diâmetro externo de 82,55 mm e altura de 4,76 mm. Código PK Vedações PKG.1933. A referência de catálogo equivalente aparece em “Substitui / equivale a”.

O perfil Standard é o perfil padrão para êmbolo (pistão), com altura igual à seção. Substitui, no mesmo alojamento, as gaxetas tipo V e tipo U de borracha, com vedação melhor em baixa pressão e vida útil maior, porque o poliuretano resiste mais à abrasão e à extrusão. Serve em cilindros hidráulicos e pneumáticos.

Como conferir a medida: diâmetro interno é o fundo do canal no êmbolo, diâmetro externo é o diâmetro da camisa e altura é a largura do canal. Meça com paquímetro antes de pedir; a gaxeta precisa das três medidas iguais às do alojamento."
"pkg-1934-25002875","111","Gaxeta de poliuretano tipo STD (Standard), 73,02 × 85,72 × 6,35 mm, perfil padrão para êmbolo de cilindros hidráulicos e pneumáticos. Fabricação PK Vedações, código PKG.1934.","Gaxeta de poliuretano (PU) tipo STD (Standard) com diâmetro interno de 73,02 mm, diâmetro externo de 85,72 mm e altura de 6,35 mm. Código PK Vedações PKG.1934. A referência de catálogo equivalente aparece em “Substitui / equivale a”.

O perfil Standard é o perfil padrão para êmbolo (pistão), com altura igual à seção. Substitui, no mesmo alojamento, as gaxetas tipo V e tipo U de borracha, com vedação melhor em baixa pressão e vida útil maior, porque o poliuretano resiste mais à abrasão e à extrusão. Serve em cilindros hidráulicos e pneumáticos.

Como conferir a medida: diâmetro interno é o fundo do canal no êmbolo, diâmetro externo é o diâmetro da camisa e altura é a largura do canal. Meça com paquímetro antes de pedir; a gaxeta precisa das três medidas iguais às do alojamento."
"pkg-1935-31202875","111","Gaxeta de poliuretano tipo STD (Standard), 73,02 × 88,9 × 7,93 mm, perfil padrão para êmbolo de cilindros hidráulicos e pneumáticos. Fabricação PK Vedações, código PKG.1935.","Gaxeta de poliuretano (PU) tipo STD (Standard) com diâmetro interno de 73,02 mm, diâmetro externo de 88,9 mm e altura de 7,93 mm. Código PK Vedações PKG.1935. A referência de catálogo equivalente aparece em “Substitui / equivale a”.

O perfil Standard é o perfil padrão para êmbolo (pistão), com altura igual à seção. Substitui, no mesmo alojamento, as gaxetas tipo V e tipo U de borracha, com vedação melhor em baixa pressão e vida útil maior, porque o poliuretano resiste mais à abrasão e à extrusão. Serve em cilindros hidráulicos e pneumáticos.

Como conferir a medida: diâmetro interno é o fundo do canal no êmbolo, diâmetro externo é o diâmetro da camisa e altura é a largura do canal. Meça com paquímetro antes de pedir; a gaxeta precisa das três medidas iguais às do alojamento."
"pkg-1936-37502875","111","Gaxeta de poliuretano tipo STD (Standard), 73,02 × 92,06 × 9,52 mm, perfil padrão para êmbolo de cilindros hidráulicos e pneumáticos. Fabricação PK Vedações, código PKG.1936.","Gaxeta de poliuretano (PU) tipo STD (Standard) com diâmetro interno de 73,02 mm, diâmetro externo de 92,06 mm e altura de 9,52 mm. Código PK Vedações PKG.1936. A referência de catálogo equivalente aparece em “Substitui / equivale a”.

O perfil Standard é o perfil padrão para êmbolo (pistão), com altura igual à seção. Substitui, no mesmo alojamento, as gaxetas tipo V e tipo U de borracha, com vedação melhor em baixa pressão e vida útil maior, porque o poliuretano resiste mais à abrasão e à extrusão. Serve em cilindros hidráulicos e pneumáticos.

Como conferir a medida: diâmetro interno é o fundo do canal no êmbolo, diâmetro externo é o diâmetro da camisa e altura é a largura do canal. Meça com paquímetro antes de pedir; a gaxeta precisa das três medidas iguais às do alojamento."
"pkg-1939-50003000","111","Gaxeta de poliuretano tipo STD (Standard), 76,2 × 101,6 × 12,7 mm, perfil padrão para êmbolo de cilindros hidráulicos e pneumáticos. Fabricação PK Vedações, código PKG.1939.","Gaxeta de poliuretano (PU) tipo STD (Standard) com diâmetro interno de 76,2 mm, diâmetro externo de 101,6 mm e altura de 12,7 mm. Código PK Vedações PKG.1939. A referência de catálogo equivalente aparece em “Substitui / equivale a”.

O perfil Standard é o perfil padrão para êmbolo (pistão), com altura igual à seção. Substitui, no mesmo alojamento, as gaxetas tipo V e tipo U de borracha, com vedação melhor em baixa pressão e vida útil maior, porque o poliuretano resiste mais à abrasão e à extrusão. Serve em cilindros hidráulicos e pneumáticos.

Como conferir a medida: diâmetro interno é o fundo do canal no êmbolo, diâmetro externo é o diâmetro da camisa e altura é a largura do canal. Meça com paquímetro antes de pedir; a gaxeta precisa das três medidas iguais às do alojamento."
"pkg-0556-25003000","111","Gaxeta de poliuretano tipo STD (Standard), 76,2 × 88,9 × 6,35 mm, perfil padrão para êmbolo de cilindros hidráulicos e pneumáticos. Fabricação PK Vedações, código PKG.0556.","Gaxeta de poliuretano (PU) tipo STD (Standard) com diâmetro interno de 76,2 mm, diâmetro externo de 88,9 mm e altura de 6,35 mm. Código PK Vedações PKG.0556. A referência de catálogo equivalente aparece em “Substitui / equivale a”.

O perfil Standard é o perfil padrão para êmbolo (pistão), com altura igual à seção. Substitui, no mesmo alojamento, as gaxetas tipo V e tipo U de borracha, com vedação melhor em baixa pressão e vida útil maior, porque o poliuretano resiste mais à abrasão e à extrusão. Serve em cilindros hidráulicos e pneumáticos.

Como conferir a medida: diâmetro interno é o fundo do canal no êmbolo, diâmetro externo é o diâmetro da camisa e altura é a largura do canal. Meça com paquímetro antes de pedir; a gaxeta precisa das três medidas iguais às do alojamento."
"pkg-1938-31203000","111","Gaxeta de poliuretano tipo STD (Standard), 76,2 × 92,07 × 7,93 mm, perfil padrão para êmbolo de cilindros hidráulicos e pneumáticos. Fabricação PK Vedações, código PKG.1938.","Gaxeta de poliuretano (PU) tipo STD (Standard) com diâmetro interno de 76,2 mm, diâmetro externo de 92,07 mm e altura de 7,93 mm. Código PK Vedações PKG.1938. A referência de catálogo equivalente aparece em “Substitui / equivale a”.

O perfil Standard é o perfil padrão para êmbolo (pistão), com altura igual à seção. Substitui, no mesmo alojamento, as gaxetas tipo V e tipo U de borracha, com vedação melhor em baixa pressão e vida útil maior, porque o poliuretano resiste mais à abrasão e à extrusão. Serve em cilindros hidráulicos e pneumáticos.

Como conferir a medida: diâmetro interno é o fundo do canal no êmbolo, diâmetro externo é o diâmetro da camisa e altura é a largura do canal. Meça com paquímetro antes de pedir; a gaxeta precisa das três medidas iguais às do alojamento."
"pkg-1062-37503000","111","Gaxeta de poliuretano tipo STD (Standard), 76,2 × 95,25 × 9,52 mm, perfil padrão para êmbolo de cilindros hidráulicos e pneumáticos. Fabricação PK Vedações, código PKG.1062.","Gaxeta de poliuretano (PU) tipo STD (Standard) com diâmetro interno de 76,2 mm, diâmetro externo de 95,25 mm e altura de 9,52 mm. Código PK Vedações PKG.1062. A referência de catálogo equivalente aparece em “Substitui / equivale a”.

O perfil Standard é o perfil padrão para êmbolo (pistão), com altura igual à seção. Substitui, no mesmo alojamento, as gaxetas tipo V e tipo U de borracha, com vedação melhor em baixa pressão e vida útil maior, porque o poliuretano resiste mais à abrasão e à extrusão. Serve em cilindros hidráulicos e pneumáticos.

Como conferir a medida: diâmetro interno é o fundo do canal no êmbolo, diâmetro externo é o diâmetro da camisa e altura é a largura do canal. Meça com paquímetro antes de pedir; a gaxeta precisa das três medidas iguais às do alojamento."
"pkg-1058-31203125","111","Gaxeta de poliuretano tipo STD (Standard), 79,37 × 95,23 × 7,93 mm, perfil padrão para êmbolo de cilindros hidráulicos e pneumáticos. Fabricação PK Vedações, código PKG.1058.","Gaxeta de poliuretano (PU) tipo STD (Standard) com diâmetro interno de 79,37 mm, diâmetro externo de 95,23 mm e altura de 7,93 mm. Código PK Vedações PKG.1058. A referência de catálogo equivalente aparece em “Substitui / equivale a”.

O perfil Standard é o perfil padrão para êmbolo (pistão), com altura igual à seção. Substitui, no mesmo alojamento, as gaxetas tipo V e tipo U de borracha, com vedação melhor em baixa pressão e vida útil maior, porque o poliuretano resiste mais à abrasão e à extrusão. Serve em cilindros hidráulicos e pneumáticos.

Como conferir a medida: diâmetro interno é o fundo do canal no êmbolo, diâmetro externo é o diâmetro da camisa e altura é a largura do canal. Meça com paquímetro antes de pedir; a gaxeta precisa das três medidas iguais às do alojamento."
"pkg-0665-37503125","111","Gaxeta de poliuretano tipo STD (Standard), 79,37 × 98,42 × 9,52 mm, perfil padrão para êmbolo de cilindros hidráulicos e pneumáticos. Fabricação PK Vedações, código PKG.0665.","Gaxeta de poliuretano (PU) tipo STD (Standard) com diâmetro interno de 79,37 mm, diâmetro externo de 98,42 mm e altura de 9,52 mm. Código PK Vedações PKG.0665. A referência de catálogo equivalente aparece em “Substitui / equivale a”.

O perfil Standard é o perfil padrão para êmbolo (pistão), com altura igual à seção. Substitui, no mesmo alojamento, as gaxetas tipo V e tipo U de borracha, com vedação melhor em baixa pressão e vida útil maior, porque o poliuretano resiste mais à abrasão e à extrusão. Serve em cilindros hidráulicos e pneumáticos.

Como conferir a medida: diâmetro interno é o fundo do canal no êmbolo, diâmetro externo é o diâmetro da camisa e altura é a largura do canal. Meça com paquímetro antes de pedir; a gaxeta precisa das três medidas iguais às do alojamento."
"pkg-1525-6-39403150","111","Gaxeta de poliuretano tipo STD (Standard), 80 × 100 × 10 mm, perfil padrão para êmbolo de cilindros hidráulicos e pneumáticos. Fabricação PK Vedações, código PKG.1525.","Gaxeta de poliuretano (PU) tipo STD (Standard) com diâmetro interno de 80 mm, diâmetro externo de 100 mm e altura de 10 mm. Código PK Vedações PKG.1525. A referência de catálogo equivalente aparece em “Substitui / equivale a”.

O perfil Standard é o perfil padrão para êmbolo (pistão), com altura igual à seção. Substitui, no mesmo alojamento, as gaxetas tipo V e tipo U de borracha, com vedação melhor em baixa pressão e vida útil maior, porque o poliuretano resiste mais à abrasão e à extrusão. Serve em cilindros hidráulicos e pneumáticos.

Como conferir a medida: diâmetro interno é o fundo do canal no êmbolo, diâmetro externo é o diâmetro da camisa e altura é a largura do canal. Meça com paquímetro antes de pedir; a gaxeta precisa das três medidas iguais às do alojamento."
"pkg-2787-37503187","111","Gaxeta de poliuretano tipo STD (Standard), 80,94 × 99,98 × 9,52 mm, perfil padrão para êmbolo de cilindros hidráulicos e pneumáticos. Fabricação PK Vedações, código PKG.2787.","Gaxeta de poliuretano (PU) tipo STD (Standard) com diâmetro interno de 80,94 mm, diâmetro externo de 99,98 mm e altura de 9,52 mm. Código PK Vedações PKG.2787. A referência de catálogo equivalente aparece em “Substitui / equivale a”.

O perfil Standard é o perfil padrão para êmbolo (pistão), com altura igual à seção. Substitui, no mesmo alojamento, as gaxetas tipo V e tipo U de borracha, com vedação melhor em baixa pressão e vida útil maior, porque o poliuretano resiste mais à abrasão e à extrusão. Serve em cilindros hidráulicos e pneumáticos.

Como conferir a medida: diâmetro interno é o fundo do canal no êmbolo, diâmetro externo é o diâmetro da camisa e altura é a largura do canal. Meça com paquímetro antes de pedir; a gaxeta precisa das três medidas iguais às do alojamento."
"pkg-3139-6-28503200","111","Gaxeta de poliuretano tipo STD (Standard), 81,28 × 95,76 × 7,23 mm, perfil padrão para êmbolo de cilindros hidráulicos e pneumáticos. Fabricação PK Vedações, código PKG.3139.","Gaxeta de poliuretano (PU) tipo STD (Standard) com diâmetro interno de 81,28 mm, diâmetro externo de 95,76 mm e altura de 7,23 mm. Código PK Vedações PKG.3139. A referência de catálogo equivalente aparece em “Substitui / equivale a”.

O perfil Standard é o perfil padrão para êmbolo (pistão), com altura igual à seção. Substitui, no mesmo alojamento, as gaxetas tipo V e tipo U de borracha, com vedação melhor em baixa pressão e vida útil maior, porque o poliuretano resiste mais à abrasão e à extrusão. Serve em cilindros hidráulicos e pneumáticos.

Como conferir a medida: diâmetro interno é o fundo do canal no êmbolo, diâmetro externo é o diâmetro da camisa e altura é a largura do canal. Meça com paquímetro antes de pedir; a gaxeta precisa das três medidas iguais às do alojamento."
"pkg-1118-37503250","111","Gaxeta de poliuretano tipo STD (Standard), 82,55 × 101,6 × 9,52 mm, perfil padrão para êmbolo de cilindros hidráulicos e pneumáticos. Fabricação PK Vedações, código PKG.1118.","Gaxeta de poliuretano (PU) tipo STD (Standard) com diâmetro interno de 82,55 mm, diâmetro externo de 101,6 mm e altura de 9,52 mm. Código PK Vedações PKG.1118. A referência de catálogo equivalente aparece em “Substitui / equivale a”.

O perfil Standard é o perfil padrão para êmbolo (pistão), com altura igual à seção. Substitui, no mesmo alojamento, as gaxetas tipo V e tipo U de borracha, com vedação melhor em baixa pressão e vida útil maior, porque o poliuretano resiste mais à abrasão e à extrusão. Serve em cilindros hidráulicos e pneumáticos.

Como conferir a medida: diâmetro interno é o fundo do canal no êmbolo, diâmetro externo é o diâmetro da camisa e altura é a largura do canal. Meça com paquímetro antes de pedir; a gaxeta precisa das três medidas iguais às do alojamento."
"pkg-1946-25003250","111","Gaxeta de poliuretano tipo STD (Standard), 82,55 × 95,25 × 6,35 mm, perfil padrão para êmbolo de cilindros hidráulicos e pneumáticos. Fabricação PK Vedações, código PKG.1946.","Gaxeta de poliuretano (PU) tipo STD (Standard) com diâmetro interno de 82,55 mm, diâmetro externo de 95,25 mm e altura de 6,35 mm. Código PK Vedações PKG.1946. A referência de catálogo equivalente aparece em “Substitui / equivale a”.

O perfil Standard é o perfil padrão para êmbolo (pistão), com altura igual à seção. Substitui, no mesmo alojamento, as gaxetas tipo V e tipo U de borracha, com vedação melhor em baixa pressão e vida útil maior, porque o poliuretano resiste mais à abrasão e à extrusão. Serve em cilindros hidráulicos e pneumáticos.

Como conferir a medida: diâmetro interno é o fundo do canal no êmbolo, diâmetro externo é o diâmetro da camisa e altura é a largura do canal. Meça com paquímetro antes de pedir; a gaxeta precisa das três medidas iguais às do alojamento."
"pkg-0955-31203250","111","Gaxeta de poliuretano tipo STD (Standard), 82,55 × 98,42 × 7,93 mm, perfil padrão para êmbolo de cilindros hidráulicos e pneumáticos. Fabricação PK Vedações, código PKG.0955.","Gaxeta de poliuretano (PU) tipo STD (Standard) com diâmetro interno de 82,55 mm, diâmetro externo de 98,42 mm e altura de 7,93 mm. Código PK Vedações PKG.0955. A referência de catálogo equivalente aparece em “Substitui / equivale a”.

O perfil Standard é o perfil padrão para êmbolo (pistão), com altura igual à seção. Substitui, no mesmo alojamento, as gaxetas tipo V e tipo U de borracha, com vedação melhor em baixa pressão e vida útil maior, porque o poliuretano resiste mais à abrasão e à extrusão. Serve em cilindros hidráulicos e pneumáticos.

Como conferir a medida: diâmetro interno é o fundo do canal no êmbolo, diâmetro externo é o diâmetro da camisa e altura é a largura do canal. Meça com paquímetro antes de pedir; a gaxeta precisa das três medidas iguais às do alojamento."
"pkg-0554-31203375","111","Gaxeta de poliuretano tipo STD (Standard), 85,72 × 101,6 × 7,93 mm, perfil padrão para êmbolo de cilindros hidráulicos e pneumáticos. Fabricação PK Vedações, código PKG.0554.","Gaxeta de poliuretano (PU) tipo STD (Standard) com diâmetro interno de 85,72 mm, diâmetro externo de 101,6 mm e altura de 7,93 mm. Código PK Vedações PKG.0554. A referência de catálogo equivalente aparece em “Substitui / equivale a”.

O perfil Standard é o perfil padrão para êmbolo (pistão), com altura igual à seção. Substitui, no mesmo alojamento, as gaxetas tipo V e tipo U de borracha, com vedação melhor em baixa pressão e vida útil maior, porque o poliuretano resiste mais à abrasão e à extrusão. Serve em cilindros hidráulicos e pneumáticos.

Como conferir a medida: diâmetro interno é o fundo do canal no êmbolo, diâmetro externo é o diâmetro da camisa e altura é a largura do canal. Meça com paquímetro antes de pedir; a gaxeta precisa das três medidas iguais às do alojamento."
"pkg-1155-37503375","111","Gaxeta de poliuretano tipo STD (Standard), 85,72 × 104,77 × 9,52 mm, perfil padrão para êmbolo de cilindros hidráulicos e pneumáticos. Fabricação PK Vedações, código PKG.1155.","Gaxeta de poliuretano (PU) tipo STD (Standard) com diâmetro interno de 85,72 mm, diâmetro externo de 104,77 mm e altura de 9,52 mm. Código PK Vedações PKG.1155. A referência de catálogo equivalente aparece em “Substitui / equivale a”.

O perfil Standard é o perfil padrão para êmbolo (pistão), com altura igual à seção. Substitui, no mesmo alojamento, as gaxetas tipo V e tipo U de borracha, com vedação melhor em baixa pressão e vida útil maior, porque o poliuretano resiste mais à abrasão e à extrusão. Serve em cilindros hidráulicos e pneumáticos.

Como conferir a medida: diâmetro interno é o fundo do canal no êmbolo, diâmetro externo é o diâmetro da camisa e altura é a largura do canal. Meça com paquímetro antes de pedir; a gaxeta precisa das três medidas iguais às do alojamento."
"pkg-1246-25003375","111","Gaxeta de poliuretano tipo STD (Standard), 85,72 × 98,42 × 6,35 mm, perfil padrão para êmbolo de cilindros hidráulicos e pneumáticos. Fabricação PK Vedações, código PKG.1246.","Gaxeta de poliuretano (PU) tipo STD (Standard) com diâmetro interno de 85,72 mm, diâmetro externo de 98,42 mm e altura de 6,35 mm. Código PK Vedações PKG.1246. A referência de catálogo equivalente aparece em “Substitui / equivale a”.

O perfil Standard é o perfil padrão para êmbolo (pistão), com altura igual à seção. Substitui, no mesmo alojamento, as gaxetas tipo V e tipo U de borracha, com vedação melhor em baixa pressão e vida útil maior, porque o poliuretano resiste mais à abrasão e à extrusão. Serve em cilindros hidráulicos e pneumáticos.

Como conferir a medida: diâmetro interno é o fundo do canal no êmbolo, diâmetro externo é o diâmetro da camisa e altura é a largura do canal. Meça com paquímetro antes de pedir; a gaxeta precisa das três medidas iguais às do alojamento."
"pkg-0630-25003500","111","Gaxeta de poliuretano tipo STD (Standard), 88,9 × 101,6 × 6,35 mm, perfil padrão para êmbolo de cilindros hidráulicos e pneumáticos. Fabricação PK Vedações, código PKG.0630.","Gaxeta de poliuretano (PU) tipo STD (Standard) com diâmetro interno de 88,9 mm, diâmetro externo de 101,6 mm e altura de 6,35 mm. Código PK Vedações PKG.0630. A referência de catálogo equivalente aparece em “Substitui / equivale a”.

O perfil Standard é o perfil padrão para êmbolo (pistão), com altura igual à seção. Substitui, no mesmo alojamento, as gaxetas tipo V e tipo U de borracha, com vedação melhor em baixa pressão e vida útil maior, porque o poliuretano resiste mais à abrasão e à extrusão. Serve em cilindros hidráulicos e pneumáticos.

Como conferir a medida: diâmetro interno é o fundo do canal no êmbolo, diâmetro externo é o diâmetro da camisa e altura é a largura do canal. Meça com paquímetro antes de pedir; a gaxeta precisa das três medidas iguais às do alojamento."
"pkg-1953-31203500","111","Gaxeta de poliuretano tipo STD (Standard), 88,9 × 104,76 × 7,93 mm, perfil padrão para êmbolo de cilindros hidráulicos e pneumáticos. Fabricação PK Vedações, código PKG.1953.","Gaxeta de poliuretano (PU) tipo STD (Standard) com diâmetro interno de 88,9 mm, diâmetro externo de 104,76 mm e altura de 7,93 mm. Código PK Vedações PKG.1953. A referência de catálogo equivalente aparece em “Substitui / equivale a”.

O perfil Standard é o perfil padrão para êmbolo (pistão), com altura igual à seção. Substitui, no mesmo alojamento, as gaxetas tipo V e tipo U de borracha, com vedação melhor em baixa pressão e vida útil maior, porque o poliuretano resiste mais à abrasão e à extrusão. Serve em cilindros hidráulicos e pneumáticos.

Como conferir a medida: diâmetro interno é o fundo do canal no êmbolo, diâmetro externo é o diâmetro da camisa e altura é a largura do canal. Meça com paquímetro antes de pedir; a gaxeta precisa das três medidas iguais às do alojamento."
"pkg-1954-37503500","111","Gaxeta de poliuretano tipo STD (Standard), 88,9 × 107,95 × 9,52 mm, perfil padrão para êmbolo de cilindros hidráulicos e pneumáticos. Fabricação PK Vedações, código PKG.1954.","Gaxeta de poliuretano (PU) tipo STD (Standard) com diâmetro interno de 88,9 mm, diâmetro externo de 107,95 mm e altura de 9,52 mm. Código PK Vedações PKG.1954. A referência de catálogo equivalente aparece em “Substitui / equivale a”.

O perfil Standard é o perfil padrão para êmbolo (pistão), com altura igual à seção. Substitui, no mesmo alojamento, as gaxetas tipo V e tipo U de borracha, com vedação melhor em baixa pressão e vida útil maior, porque o poliuretano resiste mais à abrasão e à extrusão. Serve em cilindros hidráulicos e pneumáticos.

Como conferir a medida: diâmetro interno é o fundo do canal no êmbolo, diâmetro externo é o diâmetro da camisa e altura é a largura do canal. Meça com paquímetro antes de pedir; a gaxeta precisa das três medidas iguais às do alojamento."
"pkg-1955-50003500","111","Gaxeta de poliuretano tipo STD (Standard), 88,9 × 114,3 × 12,7 mm, perfil padrão para êmbolo de cilindros hidráulicos e pneumáticos. Fabricação PK Vedações, código PKG.1955.","Gaxeta de poliuretano (PU) tipo STD (Standard) com diâmetro interno de 88,9 mm, diâmetro externo de 114,3 mm e altura de 12,7 mm. Código PK Vedações PKG.1955. A referência de catálogo equivalente aparece em “Substitui / equivale a”.

O perfil Standard é o perfil padrão para êmbolo (pistão), com altura igual à seção. Substitui, no mesmo alojamento, as gaxetas tipo V e tipo U de borracha, com vedação melhor em baixa pressão e vida útil maior, porque o poliuretano resiste mais à abrasão e à extrusão. Serve em cilindros hidráulicos e pneumáticos.

Como conferir a medida: diâmetro interno é o fundo do canal no êmbolo, diâmetro externo é o diâmetro da camisa e altura é a largura do canal. Meça com paquímetro antes de pedir; a gaxeta precisa das três medidas iguais às do alojamento."
"pkg-0155-18703500","111","Gaxeta de poliuretano tipo STD (Standard), 88,9 × 98,42 × 4,76 mm, perfil padrão para êmbolo de cilindros hidráulicos e pneumáticos. Fabricação PK Vedações, código PKG.0155.","Gaxeta de poliuretano (PU) tipo STD (Standard) com diâmetro interno de 88,9 mm, diâmetro externo de 98,42 mm e altura de 4,76 mm. Código PK Vedações PKG.0155. A referência de catálogo equivalente aparece em “Substitui / equivale a”.

O perfil Standard é o perfil padrão para êmbolo (pistão), com altura igual à seção. Substitui, no mesmo alojamento, as gaxetas tipo V e tipo U de borracha, com vedação melhor em baixa pressão e vida útil maior, porque o poliuretano resiste mais à abrasão e à extrusão. Serve em cilindros hidráulicos e pneumáticos.

Como conferir a medida: diâmetro interno é o fundo do canal no êmbolo, diâmetro externo é o diâmetro da camisa e altura é a largura do canal. Meça com paquímetro antes de pedir; a gaxeta precisa das três medidas iguais às do alojamento."
"pkg-0756-6-39403545","111","Gaxeta de poliuretano tipo STD (Standard), 90 × 110 × 10 mm, perfil padrão para êmbolo de cilindros hidráulicos e pneumáticos. Fabricação PK Vedações, código PKG.0756.","Gaxeta de poliuretano (PU) tipo STD (Standard) com diâmetro interno de 90 mm, diâmetro externo de 110 mm e altura de 10 mm. Código PK Vedações PKG.0756. A referência de catálogo equivalente aparece em “Substitui / equivale a”.

O perfil Standard é o perfil padrão para êmbolo (pistão), com altura igual à seção. Substitui, no mesmo alojamento, as gaxetas tipo V e tipo U de borracha, com vedação melhor em baixa pressão e vida útil maior, porque o poliuretano resiste mais à abrasão e à extrusão. Serve em cilindros hidráulicos e pneumáticos.

Como conferir a medida: diâmetro interno é o fundo do canal no êmbolo, diâmetro externo é o diâmetro da camisa e altura é a largura do canal. Meça com paquímetro antes de pedir; a gaxeta precisa das três medidas iguais às do alojamento."
"pkg-1934-a-25003625","111","Gaxeta de poliuretano tipo STD (Standard), 92,07 × 104,77 × 6,35 mm, perfil padrão para êmbolo de cilindros hidráulicos e pneumáticos. Fabricação PK Vedações, código PKG.1934.","Gaxeta de poliuretano (PU) tipo STD (Standard) com diâmetro interno de 92,07 mm, diâmetro externo de 104,77 mm e altura de 6,35 mm. Código PK Vedações PKG.1934. A referência de catálogo equivalente aparece em “Substitui / equivale a”.

O perfil Standard é o perfil padrão para êmbolo (pistão), com altura igual à seção. Substitui, no mesmo alojamento, as gaxetas tipo V e tipo U de borracha, com vedação melhor em baixa pressão e vida útil maior, porque o poliuretano resiste mais à abrasão e à extrusão. Serve em cilindros hidráulicos e pneumáticos.

Como conferir a medida: diâmetro interno é o fundo do canal no êmbolo, diâmetro externo é o diâmetro da camisa e altura é a largura do canal. Meça com paquímetro antes de pedir; a gaxeta precisa das três medidas iguais às do alojamento."
"pkg-1961-31203625","111","Gaxeta de poliuretano tipo STD (Standard), 92,07 × 107,95 × 7,93 mm, perfil padrão para êmbolo de cilindros hidráulicos e pneumáticos. Fabricação PK Vedações, código PKG.1961.","Gaxeta de poliuretano (PU) tipo STD (Standard) com diâmetro interno de 92,07 mm, diâmetro externo de 107,95 mm e altura de 7,93 mm. Código PK Vedações PKG.1961. A referência de catálogo equivalente aparece em “Substitui / equivale a”.

O perfil Standard é o perfil padrão para êmbolo (pistão), com altura igual à seção. Substitui, no mesmo alojamento, as gaxetas tipo V e tipo U de borracha, com vedação melhor em baixa pressão e vida útil maior, porque o poliuretano resiste mais à abrasão e à extrusão. Serve em cilindros hidráulicos e pneumáticos.

Como conferir a medida: diâmetro interno é o fundo do canal no êmbolo, diâmetro externo é o diâmetro da camisa e altura é a largura do canal. Meça com paquímetro antes de pedir; a gaxeta precisa das três medidas iguais às do alojamento."
"pkg-0130-37503625","111","Gaxeta de poliuretano tipo STD (Standard), 92,07 × 111,12 × 9,52 mm, perfil padrão para êmbolo de cilindros hidráulicos e pneumáticos. Fabricação PK Vedações, código PKG.0130.","Gaxeta de poliuretano (PU) tipo STD (Standard) com diâmetro interno de 92,07 mm, diâmetro externo de 111,12 mm e altura de 9,52 mm. Código PK Vedações PKG.0130. A referência de catálogo equivalente aparece em “Substitui / equivale a”.

O perfil Standard é o perfil padrão para êmbolo (pistão), com altura igual à seção. Substitui, no mesmo alojamento, as gaxetas tipo V e tipo U de borracha, com vedação melhor em baixa pressão e vida útil maior, porque o poliuretano resiste mais à abrasão e à extrusão. Serve em cilindros hidráulicos e pneumáticos.

Como conferir a medida: diâmetro interno é o fundo do canal no êmbolo, diâmetro externo é o diâmetro da camisa e altura é a largura do canal. Meça com paquímetro antes de pedir; a gaxeta precisa das três medidas iguais às do alojamento."
"pkg-1964-31203750","111","Gaxeta de poliuretano tipo STD (Standard), 95,25 × 111,12 × 7,93 mm, perfil padrão para êmbolo de cilindros hidráulicos e pneumáticos. Fabricação PK Vedações, código PKG.1964.","Gaxeta de poliuretano (PU) tipo STD (Standard) com diâmetro interno de 95,25 mm, diâmetro externo de 111,12 mm e altura de 7,93 mm. Código PK Vedações PKG.1964. A referência de catálogo equivalente aparece em “Substitui / equivale a”.

O perfil Standard é o perfil padrão para êmbolo (pistão), com altura igual à seção. Substitui, no mesmo alojamento, as gaxetas tipo V e tipo U de borracha, com vedação melhor em baixa pressão e vida útil maior, porque o poliuretano resiste mais à abrasão e à extrusão. Serve em cilindros hidráulicos e pneumáticos.

Como conferir a medida: diâmetro interno é o fundo do canal no êmbolo, diâmetro externo é o diâmetro da camisa e altura é a largura do canal. Meça com paquímetro antes de pedir; a gaxeta precisa das três medidas iguais às do alojamento."
"pkg-1112-37503750","111","Gaxeta de poliuretano tipo STD (Standard), 95,25 × 114,3 × 9,52 mm, perfil padrão para êmbolo de cilindros hidráulicos e pneumáticos. Fabricação PK Vedações, código PKG.1112.","Gaxeta de poliuretano (PU) tipo STD (Standard) com diâmetro interno de 95,25 mm, diâmetro externo de 114,3 mm e altura de 9,52 mm. Código PK Vedações PKG.1112. A referência de catálogo equivalente aparece em “Substitui / equivale a”.

O perfil Standard é o perfil padrão para êmbolo (pistão), com altura igual à seção. Substitui, no mesmo alojamento, as gaxetas tipo V e tipo U de borracha, com vedação melhor em baixa pressão e vida útil maior, porque o poliuretano resiste mais à abrasão e à extrusão. Serve em cilindros hidráulicos e pneumáticos.

Como conferir a medida: diâmetro interno é o fundo do canal no êmbolo, diâmetro externo é o diâmetro da camisa e altura é a largura do canal. Meça com paquímetro antes de pedir; a gaxeta precisa das três medidas iguais às do alojamento."
"pkg-1971-31203875","111","Gaxeta de poliuretano tipo STD (Standard), 98,42 × 114,28 × 7,93 mm, perfil padrão para êmbolo de cilindros hidráulicos e pneumáticos. Fabricação PK Vedações, código PKG.1971.","Gaxeta de poliuretano (PU) tipo STD (Standard) com diâmetro interno de 98,42 mm, diâmetro externo de 114,28 mm e altura de 7,93 mm. Código PK Vedações PKG.1971. A referência de catálogo equivalente aparece em “Substitui / equivale a”.

O perfil Standard é o perfil padrão para êmbolo (pistão), com altura igual à seção. Substitui, no mesmo alojamento, as gaxetas tipo V e tipo U de borracha, com vedação melhor em baixa pressão e vida útil maior, porque o poliuretano resiste mais à abrasão e à extrusão. Serve em cilindros hidráulicos e pneumáticos.

Como conferir a medida: diâmetro interno é o fundo do canal no êmbolo, diâmetro externo é o diâmetro da camisa e altura é a largura do canal. Meça com paquímetro antes de pedir; a gaxeta precisa das três medidas iguais às do alojamento."
"pkg-1043-37503875","111","Gaxeta de poliuretano tipo STD (Standard), 98,42 × 117,46 × 9,52 mm, perfil padrão para êmbolo de cilindros hidráulicos e pneumáticos. Fabricação PK Vedações, código PKG.1043.","Gaxeta de poliuretano (PU) tipo STD (Standard) com diâmetro interno de 98,42 mm, diâmetro externo de 117,46 mm e altura de 9,52 mm. Código PK Vedações PKG.1043. A referência de catálogo equivalente aparece em “Substitui / equivale a”.

O perfil Standard é o perfil padrão para êmbolo (pistão), com altura igual à seção. Substitui, no mesmo alojamento, as gaxetas tipo V e tipo U de borracha, com vedação melhor em baixa pressão e vida útil maior, porque o poliuretano resiste mais à abrasão e à extrusão. Serve em cilindros hidráulicos e pneumáticos.

Como conferir a medida: diâmetro interno é o fundo do canal no êmbolo, diâmetro externo é o diâmetro da camisa e altura é a largura do canal. Meça com paquímetro antes de pedir; a gaxeta precisa das três medidas iguais às do alojamento."
"rpu-1272-66d-3937","111","Raspador de poliuretano tipo D, 100 × 108,33 × 5,05 mm, sem carcaça metálica, para haste de cilindro hidráulico. Impede a entrada de sujeira no cilindro. Fabricação PK Vedações, código RPU.1272.","Raspador de poliuretano (PU) tipo D com diâmetro interno de 100 mm, diâmetro externo de 108,33 mm e altura de 5,05 mm. Código PK Vedações RPU.1272. A referência de catálogo equivalente aparece em “Substitui / equivale a”.

O raspador é montado na tampa do cilindro, na saída da haste. O lábio raspador remove poeira, sujeira, umidade e cavacos da haste quando ela recolhe, impedindo que contaminantes entrem no cilindro e danifiquem a gaxeta, o anel guia e o próprio acabamento da haste. O tipo D é inteiramente em poliuretano, sem carcaça metálica, e encaixa em canal aberto. O poliuretano resiste à abrasão e mantém o lábio em contato com a haste.

Como conferir a medida: diâmetro interno é o diâmetro da haste, diâmetro externo é o diâmetro do encaixe na tampa e altura é a largura do canal. Meça com paquímetro antes de pedir."
"rpu-0555-6d-3937","111","Raspador de poliuretano tipo D, 100 × 112,95 × 9,2 mm, sem carcaça metálica, para haste de cilindro hidráulico. Impede a entrada de sujeira no cilindro. Fabricação PK Vedações, código RPU.0555.","Raspador de poliuretano (PU) tipo D com diâmetro interno de 100 mm, diâmetro externo de 112,95 mm e altura de 9,2 mm. Código PK Vedações RPU.0555. A referência de catálogo equivalente aparece em “Substitui / equivale a”.

O raspador é montado na tampa do cilindro, na saída da haste. O lábio raspador remove poeira, sujeira, umidade e cavacos da haste quando ela recolhe, impedindo que contaminantes entrem no cilindro e danifiquem a gaxeta, o anel guia e o próprio acabamento da haste. O tipo D é inteiramente em poliuretano, sem carcaça metálica, e encaixa em canal aberto. O poliuretano resiste à abrasão e mantém o lábio em contato com a haste.

Como conferir a medida: diâmetro interno é o diâmetro da haste, diâmetro externo é o diâmetro do encaixe na tampa e altura é a largura do canal. Meça com paquímetro antes de pedir."
"rpu-0925-66d-3980","111","Raspador de poliuretano tipo D, 101,1 × 115 × 6,5 mm, sem carcaça metálica, para haste de cilindro hidráulico. Impede a entrada de sujeira no cilindro. Fabricação PK Vedações, código RPU.0925.","Raspador de poliuretano (PU) tipo D com diâmetro interno de 101,1 mm, diâmetro externo de 115 mm e altura de 6,5 mm. Código PK Vedações RPU.0925. A referência de catálogo equivalente aparece em “Substitui / equivale a”.

O raspador é montado na tampa do cilindro, na saída da haste. O lábio raspador remove poeira, sujeira, umidade e cavacos da haste quando ela recolhe, impedindo que contaminantes entrem no cilindro e danifiquem a gaxeta, o anel guia e o próprio acabamento da haste. O tipo D é inteiramente em poliuretano, sem carcaça metálica, e encaixa em canal aberto. O poliuretano resiste à abrasão e mantém o lábio em contato com a haste.

Como conferir a medida: diâmetro interno é o diâmetro da haste, diâmetro externo é o diâmetro do encaixe na tampa e altura é a largura do canal. Meça com paquímetro antes de pedir."
"rpu-0660-d-4000","111","Raspador de poliuretano tipo D, 101,6 × 114,3 × 9,52 mm, sem carcaça metálica, para haste de cilindro hidráulico. Impede a entrada de sujeira no cilindro. Fabricação PK Vedações, código RPU.0660.","Raspador de poliuretano (PU) tipo D com diâmetro interno de 101,6 mm, diâmetro externo de 114,3 mm e altura de 9,52 mm. Código PK Vedações RPU.0660. A referência de catálogo equivalente aparece em “Substitui / equivale a”.

O raspador é montado na tampa do cilindro, na saída da haste. O lábio raspador remove poeira, sujeira, umidade e cavacos da haste quando ela recolhe, impedindo que contaminantes entrem no cilindro e danifiquem a gaxeta, o anel guia e o próprio acabamento da haste. O tipo D é inteiramente em poliuretano, sem carcaça metálica, e encaixa em canal aberto. O poliuretano resiste à abrasão e mantém o lábio em contato com a haste.

Como conferir a medida: diâmetro interno é o diâmetro da haste, diâmetro externo é o diâmetro do encaixe na tampa e altura é a largura do canal. Meça com paquímetro antes de pedir."
"rpu-1029-d-4250","111","Raspador de poliuretano tipo D, 107,95 × 120,65 × 9,52 mm, sem carcaça metálica, para haste de cilindro hidráulico. Impede a entrada de sujeira no cilindro. Fabricação PK Vedações, código RPU.1029.","Raspador de poliuretano (PU) tipo D com diâmetro interno de 107,95 mm, diâmetro externo de 120,65 mm e altura de 9,52 mm. Código PK Vedações RPU.1029. A referência de catálogo equivalente aparece em “Substitui / equivale a”.

O raspador é montado na tampa do cilindro, na saída da haste. O lábio raspador remove poeira, sujeira, umidade e cavacos da haste quando ela recolhe, impedindo que contaminantes entrem no cilindro e danifiquem a gaxeta, o anel guia e o próprio acabamento da haste. O tipo D é inteiramente em poliuretano, sem carcaça metálica, e encaixa em canal aberto. O poliuretano resiste à abrasão e mantém o lábio em contato com a haste.

Como conferir a medida: diâmetro interno é o diâmetro da haste, diâmetro externo é o diâmetro do encaixe na tampa e altura é a largura do canal. Meça com paquímetro antes de pedir."
"rpu-1290-66d-4330","111","Raspador de poliuretano tipo D, 110 × 121,9 × 10,5 mm, sem carcaça metálica, para haste de cilindro hidráulico. Impede a entrada de sujeira no cilindro. Fabricação PK Vedações, código RPU.1290.","Raspador de poliuretano (PU) tipo D com diâmetro interno de 110 mm, diâmetro externo de 121,9 mm e altura de 10,5 mm. Código PK Vedações RPU.1290. A referência de catálogo equivalente aparece em “Substitui / equivale a”.

O raspador é montado na tampa do cilindro, na saída da haste. O lábio raspador remove poeira, sujeira, umidade e cavacos da haste quando ela recolhe, impedindo que contaminantes entrem no cilindro e danifiquem a gaxeta, o anel guia e o próprio acabamento da haste. O tipo D é inteiramente em poliuretano, sem carcaça metálica, e encaixa em canal aberto. O poliuretano resiste à abrasão e mantém o lábio em contato com a haste.

Como conferir a medida: diâmetro interno é o diâmetro da haste, diâmetro externo é o diâmetro do encaixe na tampa e altura é a largura do canal. Meça com paquímetro antes de pedir."
"rpu-0736-d-4375","111","Raspador de poliuretano tipo D, 111,12 × 123,82 × 9,52 mm, sem carcaça metálica, para haste de cilindro hidráulico. Impede a entrada de sujeira no cilindro. Fabricação PK Vedações, código RPU.0736.","Raspador de poliuretano (PU) tipo D com diâmetro interno de 111,12 mm, diâmetro externo de 123,82 mm e altura de 9,52 mm. Código PK Vedações RPU.0736. A referência de catálogo equivalente aparece em “Substitui / equivale a”.

O raspador é montado na tampa do cilindro, na saída da haste. O lábio raspador remove poeira, sujeira, umidade e cavacos da haste quando ela recolhe, impedindo que contaminantes entrem no cilindro e danifiquem a gaxeta, o anel guia e o próprio acabamento da haste. O tipo D é inteiramente em poliuretano, sem carcaça metálica, e encaixa em canal aberto. O poliuretano resiste à abrasão e mantém o lábio em contato com a haste.

Como conferir a medida: diâmetro interno é o diâmetro da haste, diâmetro externo é o diâmetro do encaixe na tampa e altura é a largura do canal. Meça com paquímetro antes de pedir."
"rpu-1402-66d-4500","111","Raspador de poliuretano tipo D, 114,3 × 127,2 × 10,7 mm, sem carcaça metálica, para haste de cilindro hidráulico. Impede a entrada de sujeira no cilindro. Fabricação PK Vedações, código RPU.1402.","Raspador de poliuretano (PU) tipo D com diâmetro interno de 114,3 mm, diâmetro externo de 127,2 mm e altura de 10,7 mm. Código PK Vedações RPU.1402. A referência de catálogo equivalente aparece em “Substitui / equivale a”.

O raspador é montado na tampa do cilindro, na saída da haste. O lábio raspador remove poeira, sujeira, umidade e cavacos da haste quando ela recolhe, impedindo que contaminantes entrem no cilindro e danifiquem a gaxeta, o anel guia e o próprio acabamento da haste. O tipo D é inteiramente em poliuretano, sem carcaça metálica, e encaixa em canal aberto. O poliuretano resiste à abrasão e mantém o lábio em contato com a haste.

Como conferir a medida: diâmetro interno é o diâmetro da haste, diâmetro externo é o diâmetro do encaixe na tampa e altura é a largura do canal. Meça com paquímetro antes de pedir."
"rpu-1117-d-4500","111","Raspador de poliuretano tipo D, 114,3 × 133,35 × 14,28 mm, sem carcaça metálica, para haste de cilindro hidráulico. Impede a entrada de sujeira no cilindro. Fabricação PK Vedações, código RPU.1117.","Raspador de poliuretano (PU) tipo D com diâmetro interno de 114,3 mm, diâmetro externo de 133,35 mm e altura de 14,28 mm. Código PK Vedações RPU.1117. A referência de catálogo equivalente aparece em “Substitui / equivale a”.

O raspador é montado na tampa do cilindro, na saída da haste. O lábio raspador remove poeira, sujeira, umidade e cavacos da haste quando ela recolhe, impedindo que contaminantes entrem no cilindro e danifiquem a gaxeta, o anel guia e o próprio acabamento da haste. O tipo D é inteiramente em poliuretano, sem carcaça metálica, e encaixa em canal aberto. O poliuretano resiste à abrasão e mantém o lábio em contato com a haste.

Como conferir a medida: diâmetro interno é o diâmetro da haste, diâmetro externo é o diâmetro do encaixe na tampa e altura é a largura do canal. Meça com paquímetro antes de pedir."
"rpu-0798-d-4625","111","Raspador de poliuretano tipo D, 117,47 × 136,52 × 14,28 mm, sem carcaça metálica, para haste de cilindro hidráulico. Impede a entrada de sujeira no cilindro. Fabricação PK Vedações, código RPU.0798.","Raspador de poliuretano (PU) tipo D com diâmetro interno de 117,47 mm, diâmetro externo de 136,52 mm e altura de 14,28 mm. Código PK Vedações RPU.0798. A referência de catálogo equivalente aparece em “Substitui / equivale a”.

O raspador é montado na tampa do cilindro, na saída da haste. O lábio raspador remove poeira, sujeira, umidade e cavacos da haste quando ela recolhe, impedindo que contaminantes entrem no cilindro e danifiquem a gaxeta, o anel guia e o próprio acabamento da haste. O tipo D é inteiramente em poliuretano, sem carcaça metálica, e encaixa em canal aberto. O poliuretano resiste à abrasão e mantém o lábio em contato com a haste.

Como conferir a medida: diâmetro interno é o diâmetro da haste, diâmetro externo é o diâmetro do encaixe na tampa e altura é a largura do canal. Meça com paquímetro antes de pedir."
"rpu-1079-d-4750","111","Raspador de poliuretano tipo D, 120,65 × 139,7 × 14,28 mm, sem carcaça metálica, para haste de cilindro hidráulico. Impede a entrada de sujeira no cilindro. Fabricação PK Vedações, código RPU.1079.","Raspador de poliuretano (PU) tipo D com diâmetro interno de 120,65 mm, diâmetro externo de 139,7 mm e altura de 14,28 mm. Código PK Vedações RPU.1079. A referência de catálogo equivalente aparece em “Substitui / equivale a”.

O raspador é montado na tampa do cilindro, na saída da haste. O lábio raspador remove poeira, sujeira, umidade e cavacos da haste quando ela recolhe, impedindo que contaminantes entrem no cilindro e danifiquem a gaxeta, o anel guia e o próprio acabamento da haste. O tipo D é inteiramente em poliuretano, sem carcaça metálica, e encaixa em canal aberto. O poliuretano resiste à abrasão e mantém o lábio em contato com a haste.

Como conferir a medida: diâmetro interno é o diâmetro da haste, diâmetro externo é o diâmetro do encaixe na tampa e altura é a largura do canal. Meça com paquímetro antes de pedir."
"rpu-0964-d-5000","111","Raspador de poliuretano tipo D, 127 × 146,05 × 14,28 mm, sem carcaça metálica, para haste de cilindro hidráulico. Impede a entrada de sujeira no cilindro. Fabricação PK Vedações, código RPU.0964.","Raspador de poliuretano (PU) tipo D com diâmetro interno de 127 mm, diâmetro externo de 146,05 mm e altura de 14,28 mm. Código PK Vedações RPU.0964. A referência de catálogo equivalente aparece em “Substitui / equivale a”.

O raspador é montado na tampa do cilindro, na saída da haste. O lábio raspador remove poeira, sujeira, umidade e cavacos da haste quando ela recolhe, impedindo que contaminantes entrem no cilindro e danifiquem a gaxeta, o anel guia e o próprio acabamento da haste. O tipo D é inteiramente em poliuretano, sem carcaça metálica, e encaixa em canal aberto. O poliuretano resiste à abrasão e mantém o lábio em contato com a haste.

Como conferir a medida: diâmetro interno é o diâmetro da haste, diâmetro externo é o diâmetro do encaixe na tampa e altura é a largura do canal. Meça com paquímetro antes de pedir."
"rpu-0632-d-0500","111","Raspador de poliuretano tipo D, 12,7 × 19,05 × 3,17 mm, sem carcaça metálica, para haste de cilindro hidráulico. Impede a entrada de sujeira no cilindro. Fabricação PK Vedações, código RPU.0632.","Raspador de poliuretano (PU) tipo D com diâmetro interno de 12,7 mm, diâmetro externo de 19,05 mm e altura de 3,17 mm. Código PK Vedações RPU.0632. A referência de catálogo equivalente aparece em “Substitui / equivale a”.

O raspador é montado na tampa do cilindro, na saída da haste. O lábio raspador remove poeira, sujeira, umidade e cavacos da haste quando ela recolhe, impedindo que contaminantes entrem no cilindro e danifiquem a gaxeta, o anel guia e o próprio acabamento da haste. O tipo D é inteiramente em poliuretano, sem carcaça metálica, e encaixa em canal aberto. O poliuretano resiste à abrasão e mantém o lábio em contato com a haste.

Como conferir a medida: diâmetro interno é o diâmetro da haste, diâmetro externo é o diâmetro do encaixe na tampa e altura é a largura do canal. Meça com paquímetro antes de pedir."
"rpu-1296-d-5250","111","Raspador de poliuretano tipo D, 133,35 × 152,39 × 14,28 mm, sem carcaça metálica, para haste de cilindro hidráulico. Impede a entrada de sujeira no cilindro. Fabricação PK Vedações, código RPU.1296.","Raspador de poliuretano (PU) tipo D com diâmetro interno de 133,35 mm, diâmetro externo de 152,39 mm e altura de 14,28 mm. Código PK Vedações RPU.1296. A referência de catálogo equivalente aparece em “Substitui / equivale a”.

O raspador é montado na tampa do cilindro, na saída da haste. O lábio raspador remove poeira, sujeira, umidade e cavacos da haste quando ela recolhe, impedindo que contaminantes entrem no cilindro e danifiquem a gaxeta, o anel guia e o próprio acabamento da haste. O tipo D é inteiramente em poliuretano, sem carcaça metálica, e encaixa em canal aberto. O poliuretano resiste à abrasão e mantém o lábio em contato com a haste.

Como conferir a medida: diâmetro interno é o diâmetro da haste, diâmetro externo é o diâmetro do encaixe na tampa e altura é a largura do canal. Meça com paquímetro antes de pedir."
"rpu-0806-d-5500","111","Raspador de poliuretano tipo D, 139,7 × 158,74 × 14,28 mm, sem carcaça metálica, para haste de cilindro hidráulico. Impede a entrada de sujeira no cilindro. Fabricação PK Vedações, código RPU.0806.","Raspador de poliuretano (PU) tipo D com diâmetro interno de 139,7 mm, diâmetro externo de 158,74 mm e altura de 14,28 mm. Código PK Vedações RPU.0806. A referência de catálogo equivalente aparece em “Substitui / equivale a”.

O raspador é montado na tampa do cilindro, na saída da haste. O lábio raspador remove poeira, sujeira, umidade e cavacos da haste quando ela recolhe, impedindo que contaminantes entrem no cilindro e danifiquem a gaxeta, o anel guia e o próprio acabamento da haste. O tipo D é inteiramente em poliuretano, sem carcaça metálica, e encaixa em canal aberto. O poliuretano resiste à abrasão e mantém o lábio em contato com a haste.

Como conferir a medida: diâmetro interno é o diâmetro da haste, diâmetro externo é o diâmetro do encaixe na tampa e altura é a largura do canal. Meça com paquímetro antes de pedir."
"rpu-1159-66d-5501","111","Raspador de poliuretano tipo D, 139,72 × 153,3 × 9,52 mm, sem carcaça metálica, para haste de cilindro hidráulico. Impede a entrada de sujeira no cilindro. Fabricação PK Vedações, código RPU.1159.","Raspador de poliuretano (PU) tipo D com diâmetro interno de 139,72 mm, diâmetro externo de 153,3 mm e altura de 9,52 mm. Código PK Vedações RPU.1159. A referência de catálogo equivalente aparece em “Substitui / equivale a”.

O raspador é montado na tampa do cilindro, na saída da haste. O lábio raspador remove poeira, sujeira, umidade e cavacos da haste quando ela recolhe, impedindo que contaminantes entrem no cilindro e danifiquem a gaxeta, o anel guia e o próprio acabamento da haste. O tipo D é inteiramente em poliuretano, sem carcaça metálica, e encaixa em canal aberto. O poliuretano resiste à abrasão e mantém o lábio em contato com a haste.

Como conferir a medida: diâmetro interno é o diâmetro da haste, diâmetro externo é o diâmetro do encaixe na tampa e altura é a largura do canal. Meça com paquímetro antes de pedir."
"rpu-0076-sr","111","Raspador de poliuretano tipo D, 14 × 22 × 7,35 mm, sem carcaça metálica, para haste de cilindro hidráulico. Impede a entrada de sujeira no cilindro. Fabricação PK Vedações, código RPU.0076.","Raspador de poliuretano (PU) tipo D com diâmetro interno de 14 mm, diâmetro externo de 22 mm e altura de 7,35 mm. Código PK Vedações RPU.0076. A referência de catálogo equivalente aparece em “Substitui / equivale a”.

O raspador é montado na tampa do cilindro, na saída da haste. O lábio raspador remove poeira, sujeira, umidade e cavacos da haste quando ela recolhe, impedindo que contaminantes entrem no cilindro e danifiquem a gaxeta, o anel guia e o próprio acabamento da haste. O tipo D é inteiramente em poliuretano, sem carcaça metálica, e encaixa em canal aberto. O poliuretano resiste à abrasão e mantém o lábio em contato com a haste.

Como conferir a medida: diâmetro interno é o diâmetro da haste, diâmetro externo é o diâmetro do encaixe na tampa e altura é a largura do canal. Meça com paquímetro antes de pedir."
"rpu-0323-sr","111","Raspador de poliuretano tipo D, 15 × 21,6 × 3,5 mm, sem carcaça metálica, para haste de cilindro hidráulico. Impede a entrada de sujeira no cilindro. Fabricação PK Vedações, código RPU.0323.","Raspador de poliuretano (PU) tipo D com diâmetro interno de 15 mm, diâmetro externo de 21,6 mm e altura de 3,5 mm. Código PK Vedações RPU.0323. A referência de catálogo equivalente aparece em “Substitui / equivale a”.

O raspador é montado na tampa do cilindro, na saída da haste. O lábio raspador remove poeira, sujeira, umidade e cavacos da haste quando ela recolhe, impedindo que contaminantes entrem no cilindro e danifiquem a gaxeta, o anel guia e o próprio acabamento da haste. O tipo D é inteiramente em poliuretano, sem carcaça metálica, e encaixa em canal aberto. O poliuretano resiste à abrasão e mantém o lábio em contato com a haste.

Como conferir a medida: diâmetro interno é o diâmetro da haste, diâmetro externo é o diâmetro do encaixe na tampa e altura é a largura do canal. Meça com paquímetro antes de pedir."
"rpu-1065-d-6000","111","Raspador de poliuretano tipo D, 152,4 × 171,44 × 14,28 mm, sem carcaça metálica, para haste de cilindro hidráulico. Impede a entrada de sujeira no cilindro. Fabricação PK Vedações, código RPU.1065.","Raspador de poliuretano (PU) tipo D com diâmetro interno de 152,4 mm, diâmetro externo de 171,44 mm e altura de 14,28 mm. Código PK Vedações RPU.1065. A referência de catálogo equivalente aparece em “Substitui / equivale a”.

O raspador é montado na tampa do cilindro, na saída da haste. O lábio raspador remove poeira, sujeira, umidade e cavacos da haste quando ela recolhe, impedindo que contaminantes entrem no cilindro e danifiquem a gaxeta, o anel guia e o próprio acabamento da haste. O tipo D é inteiramente em poliuretano, sem carcaça metálica, e encaixa em canal aberto. O poliuretano resiste à abrasão e mantém o lábio em contato com a haste.

Como conferir a medida: diâmetro interno é o diâmetro da haste, diâmetro externo é o diâmetro do encaixe na tampa e altura é a largura do canal. Meça com paquímetro antes de pedir."
"rpu-0684-d-0625","111","Raspador de poliuretano tipo D, 15,87 × 22,22 × 3,17 mm, sem carcaça metálica, para haste de cilindro hidráulico. Impede a entrada de sujeira no cilindro. Fabricação PK Vedações, código RPU.0684.","Raspador de poliuretano (PU) tipo D com diâmetro interno de 15,87 mm, diâmetro externo de 22,22 mm e altura de 3,17 mm. Código PK Vedações RPU.0684. A referência de catálogo equivalente aparece em “Substitui / equivale a”.

O raspador é montado na tampa do cilindro, na saída da haste. O lábio raspador remove poeira, sujeira, umidade e cavacos da haste quando ela recolhe, impedindo que contaminantes entrem no cilindro e danifiquem a gaxeta, o anel guia e o próprio acabamento da haste. O tipo D é inteiramente em poliuretano, sem carcaça metálica, e encaixa em canal aberto. O poliuretano resiste à abrasão e mantém o lábio em contato com a haste.

Como conferir a medida: diâmetro interno é o diâmetro da haste, diâmetro externo é o diâmetro do encaixe na tampa e altura é a largura do canal. Meça com paquímetro antes de pedir."
"rpu-1369-d-6250","111","Raspador de poliuretano tipo D, 158,75 × 177,78 × 14,28 mm, sem carcaça metálica, para haste de cilindro hidráulico. Impede a entrada de sujeira no cilindro. Fabricação PK Vedações, código RPU.1369.","Raspador de poliuretano (PU) tipo D com diâmetro interno de 158,75 mm, diâmetro externo de 177,78 mm e altura de 14,28 mm. Código PK Vedações RPU.1369. A referência de catálogo equivalente aparece em “Substitui / equivale a”.

O raspador é montado na tampa do cilindro, na saída da haste. O lábio raspador remove poeira, sujeira, umidade e cavacos da haste quando ela recolhe, impedindo que contaminantes entrem no cilindro e danifiquem a gaxeta, o anel guia e o próprio acabamento da haste. O tipo D é inteiramente em poliuretano, sem carcaça metálica, e encaixa em canal aberto. O poliuretano resiste à abrasão e mantém o lábio em contato com a haste.

Como conferir a medida: diâmetro interno é o diâmetro da haste, diâmetro externo é o diâmetro do encaixe na tampa e altura é a largura do canal. Meça com paquímetro antes de pedir."
"rpu-1325-66d-6299","111","Raspador de poliuretano tipo D, 160 × 168 × 7,5 mm, sem carcaça metálica, para haste de cilindro hidráulico. Impede a entrada de sujeira no cilindro. Fabricação PK Vedações, código RPU.1325.","Raspador de poliuretano (PU) tipo D com diâmetro interno de 160 mm, diâmetro externo de 168 mm e altura de 7,5 mm. Código PK Vedações RPU.1325. A referência de catálogo equivalente aparece em “Substitui / equivale a”.

O raspador é montado na tampa do cilindro, na saída da haste. O lábio raspador remove poeira, sujeira, umidade e cavacos da haste quando ela recolhe, impedindo que contaminantes entrem no cilindro e danifiquem a gaxeta, o anel guia e o próprio acabamento da haste. O tipo D é inteiramente em poliuretano, sem carcaça metálica, e encaixa em canal aberto. O poliuretano resiste à abrasão e mantém o lábio em contato com a haste.

Como conferir a medida: diâmetro interno é o diâmetro da haste, diâmetro externo é o diâmetro do encaixe na tampa e altura é a largura do canal. Meça com paquímetro antes de pedir."
"rpu-1160-66d-6500","111","Raspador de poliuretano tipo D, 165,1 × 178,7 × 9,52 mm, sem carcaça metálica, para haste de cilindro hidráulico. Impede a entrada de sujeira no cilindro. Fabricação PK Vedações, código RPU.1160.","Raspador de poliuretano (PU) tipo D com diâmetro interno de 165,1 mm, diâmetro externo de 178,7 mm e altura de 9,52 mm. Código PK Vedações RPU.1160. A referência de catálogo equivalente aparece em “Substitui / equivale a”.

O raspador é montado na tampa do cilindro, na saída da haste. O lábio raspador remove poeira, sujeira, umidade e cavacos da haste quando ela recolhe, impedindo que contaminantes entrem no cilindro e danifiquem a gaxeta, o anel guia e o próprio acabamento da haste. O tipo D é inteiramente em poliuretano, sem carcaça metálica, e encaixa em canal aberto. O poliuretano resiste à abrasão e mantém o lábio em contato com a haste.

Como conferir a medida: diâmetro interno é o diâmetro da haste, diâmetro externo é o diâmetro do encaixe na tampa e altura é a largura do canal. Meça com paquímetro antes de pedir."
"rpu-1277-d-6500","111","Raspador de poliuretano tipo D, 165,1 × 184,14 × 14,28 mm, sem carcaça metálica, para haste de cilindro hidráulico. Impede a entrada de sujeira no cilindro. Fabricação PK Vedações, código RPU.1277.","Raspador de poliuretano (PU) tipo D com diâmetro interno de 165,1 mm, diâmetro externo de 184,14 mm e altura de 14,28 mm. Código PK Vedações RPU.1277. A referência de catálogo equivalente aparece em “Substitui / equivale a”.

O raspador é montado na tampa do cilindro, na saída da haste. O lábio raspador remove poeira, sujeira, umidade e cavacos da haste quando ela recolhe, impedindo que contaminantes entrem no cilindro e danifiquem a gaxeta, o anel guia e o próprio acabamento da haste. O tipo D é inteiramente em poliuretano, sem carcaça metálica, e encaixa em canal aberto. O poliuretano resiste à abrasão e mantém o lábio em contato com a haste.

Como conferir a medida: diâmetro interno é o diâmetro da haste, diâmetro externo é o diâmetro do encaixe na tampa e altura é a largura do canal. Meça com paquímetro antes de pedir."
"rpu-1253-d-6750","111","Raspador de poliuretano tipo D, 171,45 × 190,5 × 14,28 mm, sem carcaça metálica, para haste de cilindro hidráulico. Impede a entrada de sujeira no cilindro. Fabricação PK Vedações, código RPU.1253.","Raspador de poliuretano (PU) tipo D com diâmetro interno de 171,45 mm, diâmetro externo de 190,5 mm e altura de 14,28 mm. Código PK Vedações RPU.1253. A referência de catálogo equivalente aparece em “Substitui / equivale a”.

O raspador é montado na tampa do cilindro, na saída da haste. O lábio raspador remove poeira, sujeira, umidade e cavacos da haste quando ela recolhe, impedindo que contaminantes entrem no cilindro e danifiquem a gaxeta, o anel guia e o próprio acabamento da haste. O tipo D é inteiramente em poliuretano, sem carcaça metálica, e encaixa em canal aberto. O poliuretano resiste à abrasão e mantém o lábio em contato com a haste.

Como conferir a medida: diâmetro interno é o diâmetro da haste, diâmetro externo é o diâmetro do encaixe na tampa e altura é a largura do canal. Meça com paquímetro antes de pedir."
"rpu-0054-66d-0689","111","Raspador de poliuretano tipo D, 17,5 × 22,8 × 7 mm, sem carcaça metálica, para haste de cilindro hidráulico. Impede a entrada de sujeira no cilindro. Fabricação PK Vedações, código RPU.0054.","Raspador de poliuretano (PU) tipo D com diâmetro interno de 17,5 mm, diâmetro externo de 22,8 mm e altura de 7 mm. Código PK Vedações RPU.0054. A referência de catálogo equivalente aparece em “Substitui / equivale a”.

O raspador é montado na tampa do cilindro, na saída da haste. O lábio raspador remove poeira, sujeira, umidade e cavacos da haste quando ela recolhe, impedindo que contaminantes entrem no cilindro e danifiquem a gaxeta, o anel guia e o próprio acabamento da haste. O tipo D é inteiramente em poliuretano, sem carcaça metálica, e encaixa em canal aberto. O poliuretano resiste à abrasão e mantém o lábio em contato com a haste.

Como conferir a medida: diâmetro interno é o diâmetro da haste, diâmetro externo é o diâmetro do encaixe na tampa e altura é a largura do canal. Meça com paquímetro antes de pedir."
"rpu-1135-d-7000","111","Raspador de poliuretano tipo D, 177,8 × 196,85 × 14,28 mm, sem carcaça metálica, para haste de cilindro hidráulico. Impede a entrada de sujeira no cilindro. Fabricação PK Vedações, código RPU.1135.","Raspador de poliuretano (PU) tipo D com diâmetro interno de 177,8 mm, diâmetro externo de 196,85 mm e altura de 14,28 mm. Código PK Vedações RPU.1135. A referência de catálogo equivalente aparece em “Substitui / equivale a”.

O raspador é montado na tampa do cilindro, na saída da haste. O lábio raspador remove poeira, sujeira, umidade e cavacos da haste quando ela recolhe, impedindo que contaminantes entrem no cilindro e danifiquem a gaxeta, o anel guia e o próprio acabamento da haste. O tipo D é inteiramente em poliuretano, sem carcaça metálica, e encaixa em canal aberto. O poliuretano resiste à abrasão e mantém o lábio em contato com a haste.

Como conferir a medida: diâmetro interno é o diâmetro da haste, diâmetro externo é o diâmetro do encaixe na tampa e altura é a largura do canal. Meça com paquímetro antes de pedir."
"rpu-1108-d-7500","111","Raspador de poliuretano tipo D, 190,5 × 209,55 × 14,3 mm, sem carcaça metálica, para haste de cilindro hidráulico. Impede a entrada de sujeira no cilindro. Fabricação PK Vedações, código RPU.1108.","Raspador de poliuretano (PU) tipo D com diâmetro interno de 190,5 mm, diâmetro externo de 209,55 mm e altura de 14,3 mm. Código PK Vedações RPU.1108. A referência de catálogo equivalente aparece em “Substitui / equivale a”.

O raspador é montado na tampa do cilindro, na saída da haste. O lábio raspador remove poeira, sujeira, umidade e cavacos da haste quando ela recolhe, impedindo que contaminantes entrem no cilindro e danifiquem a gaxeta, o anel guia e o próprio acabamento da haste. O tipo D é inteiramente em poliuretano, sem carcaça metálica, e encaixa em canal aberto. O poliuretano resiste à abrasão e mantém o lábio em contato com a haste.

Como conferir a medida: diâmetro interno é o diâmetro da haste, diâmetro externo é o diâmetro do encaixe na tampa e altura é a largura do canal. Meça com paquímetro antes de pedir."
"rpu-0924-d-940-05","111","Raspador de poliuretano tipo D, 19,05 × 25,81 × 2,64 mm, sem carcaça metálica, para haste de cilindro hidráulico. Impede a entrada de sujeira no cilindro. Fabricação PK Vedações, código RPU.0924.","Raspador de poliuretano (PU) tipo D com diâmetro interno de 19,05 mm, diâmetro externo de 25,81 mm e altura de 2,64 mm. Código PK Vedações RPU.0924. A referência de catálogo equivalente aparece em “Substitui / equivale a”.

O raspador é montado na tampa do cilindro, na saída da haste. O lábio raspador remove poeira, sujeira, umidade e cavacos da haste quando ela recolhe, impedindo que contaminantes entrem no cilindro e danifiquem a gaxeta, o anel guia e o próprio acabamento da haste. O tipo D é inteiramente em poliuretano, sem carcaça metálica, e encaixa em canal aberto. O poliuretano resiste à abrasão e mantém o lábio em contato com a haste.

Como conferir a medida: diâmetro interno é o diâmetro da haste, diâmetro externo é o diâmetro do encaixe na tampa e altura é a largura do canal. Meça com paquímetro antes de pedir."
"rpu-0662-d-0750","111","Raspador de poliuretano tipo D, 19,05 × 28,57 × 4,76 mm, sem carcaça metálica, para haste de cilindro hidráulico. Impede a entrada de sujeira no cilindro. Fabricação PK Vedações, código RPU.0662.","Raspador de poliuretano (PU) tipo D com diâmetro interno de 19,05 mm, diâmetro externo de 28,57 mm e altura de 4,76 mm. Código PK Vedações RPU.0662. A referência de catálogo equivalente aparece em “Substitui / equivale a”.

O raspador é montado na tampa do cilindro, na saída da haste. O lábio raspador remove poeira, sujeira, umidade e cavacos da haste quando ela recolhe, impedindo que contaminantes entrem no cilindro e danifiquem a gaxeta, o anel guia e o próprio acabamento da haste. O tipo D é inteiramente em poliuretano, sem carcaça metálica, e encaixa em canal aberto. O poliuretano resiste à abrasão e mantém o lábio em contato com a haste.

Como conferir a medida: diâmetro interno é o diâmetro da haste, diâmetro externo é o diâmetro do encaixe na tampa e altura é a largura do canal. Meça com paquímetro antes de pedir."
"rpu-1161-66d-7748","111","Raspador de poliuretano tipo D, 196,8 × 210,4 × 9,52 mm, sem carcaça metálica, para haste de cilindro hidráulico. Impede a entrada de sujeira no cilindro. Fabricação PK Vedações, código RPU.1161.","Raspador de poliuretano (PU) tipo D com diâmetro interno de 196,8 mm, diâmetro externo de 210,4 mm e altura de 9,52 mm. Código PK Vedações RPU.1161. A referência de catálogo equivalente aparece em “Substitui / equivale a”.

O raspador é montado na tampa do cilindro, na saída da haste. O lábio raspador remove poeira, sujeira, umidade e cavacos da haste quando ela recolhe, impedindo que contaminantes entrem no cilindro e danifiquem a gaxeta, o anel guia e o próprio acabamento da haste. O tipo D é inteiramente em poliuretano, sem carcaça metálica, e encaixa em canal aberto. O poliuretano resiste à abrasão e mantém o lábio em contato com a haste.

Como conferir a medida: diâmetro interno é o diâmetro da haste, diâmetro externo é o diâmetro do encaixe na tampa e altura é a largura do canal. Meça com paquímetro antes de pedir."
"rpu-0169-d-7750","111","Raspador de poliuretano tipo D, 196,85 × 215,9 × 14,28 mm, sem carcaça metálica, para haste de cilindro hidráulico. Impede a entrada de sujeira no cilindro. Fabricação PK Vedações, código RPU.0169.","Raspador de poliuretano (PU) tipo D com diâmetro interno de 196,85 mm, diâmetro externo de 215,9 mm e altura de 14,28 mm. Código PK Vedações RPU.0169. A referência de catálogo equivalente aparece em “Substitui / equivale a”.

O raspador é montado na tampa do cilindro, na saída da haste. O lábio raspador remove poeira, sujeira, umidade e cavacos da haste quando ela recolhe, impedindo que contaminantes entrem no cilindro e danifiquem a gaxeta, o anel guia e o próprio acabamento da haste. O tipo D é inteiramente em poliuretano, sem carcaça metálica, e encaixa em canal aberto. O poliuretano resiste à abrasão e mantém o lábio em contato com a haste.

Como conferir a medida: diâmetro interno é o diâmetro da haste, diâmetro externo é o diâmetro do encaixe na tampa e altura é a largura do canal. Meça com paquímetro antes de pedir."
"rpu-0805-66d-0787","111","Raspador de poliuretano tipo D, 20 × 27,15 × 3,75 mm, sem carcaça metálica, para haste de cilindro hidráulico. Impede a entrada de sujeira no cilindro. Fabricação PK Vedações, código RPU.0805.","Raspador de poliuretano (PU) tipo D com diâmetro interno de 20 mm, diâmetro externo de 27,15 mm e altura de 3,75 mm. Código PK Vedações RPU.0805. A referência de catálogo equivalente aparece em “Substitui / equivale a”.

O raspador é montado na tampa do cilindro, na saída da haste. O lábio raspador remove poeira, sujeira, umidade e cavacos da haste quando ela recolhe, impedindo que contaminantes entrem no cilindro e danifiquem a gaxeta, o anel guia e o próprio acabamento da haste. O tipo D é inteiramente em poliuretano, sem carcaça metálica, e encaixa em canal aberto. O poliuretano resiste à abrasão e mantém o lábio em contato com a haste.

Como conferir a medida: diâmetro interno é o diâmetro da haste, diâmetro externo é o diâmetro do encaixe na tampa e altura é a largura do canal. Meça com paquímetro antes de pedir."
"rpu-1381-66d-0788","111","Raspador de poliuretano tipo D, 20 × 28,93 × 7,5 mm, sem carcaça metálica, para haste de cilindro hidráulico. Impede a entrada de sujeira no cilindro. Fabricação PK Vedações, código RPU.1381.","Raspador de poliuretano (PU) tipo D com diâmetro interno de 20 mm, diâmetro externo de 28,93 mm e altura de 7,5 mm. Código PK Vedações RPU.1381. A referência de catálogo equivalente aparece em “Substitui / equivale a”.

O raspador é montado na tampa do cilindro, na saída da haste. O lábio raspador remove poeira, sujeira, umidade e cavacos da haste quando ela recolhe, impedindo que contaminantes entrem no cilindro e danifiquem a gaxeta, o anel guia e o próprio acabamento da haste. O tipo D é inteiramente em poliuretano, sem carcaça metálica, e encaixa em canal aberto. O poliuretano resiste à abrasão e mantém o lábio em contato com a haste.

Como conferir a medida: diâmetro interno é o diâmetro da haste, diâmetro externo é o diâmetro do encaixe na tampa e altura é a largura do canal. Meça com paquímetro antes de pedir."
"rpu-1021-d-8000","111","Raspador de poliuretano tipo D, 203,2 × 222,25 × 14,3 mm, sem carcaça metálica, para haste de cilindro hidráulico. Impede a entrada de sujeira no cilindro. Fabricação PK Vedações, código RPU.1021.","Raspador de poliuretano (PU) tipo D com diâmetro interno de 203,2 mm, diâmetro externo de 222,25 mm e altura de 14,3 mm. Código PK Vedações RPU.1021. A referência de catálogo equivalente aparece em “Substitui / equivale a”.

O raspador é montado na tampa do cilindro, na saída da haste. O lábio raspador remove poeira, sujeira, umidade e cavacos da haste quando ela recolhe, impedindo que contaminantes entrem no cilindro e danifiquem a gaxeta, o anel guia e o próprio acabamento da haste. O tipo D é inteiramente em poliuretano, sem carcaça metálica, e encaixa em canal aberto. O poliuretano resiste à abrasão e mantém o lábio em contato com a haste.

Como conferir a medida: diâmetro interno é o diâmetro da haste, diâmetro externo é o diâmetro do encaixe na tampa e altura é a largura do canal. Meça com paquímetro antes de pedir."
"rpu-0011-sr","111","Raspador de poliuretano tipo D, 20,3 × 25,8 × 4 mm, sem carcaça metálica, para haste de cilindro hidráulico. Impede a entrada de sujeira no cilindro. Fabricação PK Vedações, código RPU.0011.","Raspador de poliuretano (PU) tipo D com diâmetro interno de 20,3 mm, diâmetro externo de 25,8 mm e altura de 4 mm. Código PK Vedações RPU.0011. A referência de catálogo equivalente aparece em “Substitui / equivale a”.

O raspador é montado na tampa do cilindro, na saída da haste. O lábio raspador remove poeira, sujeira, umidade e cavacos da haste quando ela recolhe, impedindo que contaminantes entrem no cilindro e danifiquem a gaxeta, o anel guia e o próprio acabamento da haste. O tipo D é inteiramente em poliuretano, sem carcaça metálica, e encaixa em canal aberto. O poliuretano resiste à abrasão e mantém o lábio em contato com a haste.

Como conferir a medida: diâmetro interno é o diâmetro da haste, diâmetro externo é o diâmetro do encaixe na tampa e altura é a largura do canal. Meça com paquímetro antes de pedir."
"rpu-1414-d-940-07","111","Raspador de poliuretano tipo D, 22,22 × 29,28 × 3,96 mm, sem carcaça metálica, para haste de cilindro hidráulico. Impede a entrada de sujeira no cilindro. Fabricação PK Vedações, código RPU.1414.","Raspador de poliuretano (PU) tipo D com diâmetro interno de 22,22 mm, diâmetro externo de 29,28 mm e altura de 3,96 mm. Código PK Vedações RPU.1414. A referência de catálogo equivalente aparece em “Substitui / equivale a”.

O raspador é montado na tampa do cilindro, na saída da haste. O lábio raspador remove poeira, sujeira, umidade e cavacos da haste quando ela recolhe, impedindo que contaminantes entrem no cilindro e danifiquem a gaxeta, o anel guia e o próprio acabamento da haste. O tipo D é inteiramente em poliuretano, sem carcaça metálica, e encaixa em canal aberto. O poliuretano resiste à abrasão e mantém o lábio em contato com a haste.

Como conferir a medida: diâmetro interno é o diâmetro da haste, diâmetro externo é o diâmetro do encaixe na tampa e altura é a largura do canal. Meça com paquímetro antes de pedir."
"rpu-2595-6d-0875","111","Raspador de poliuretano tipo D, 22,22 × 30,5 × 7 mm, sem carcaça metálica, para haste de cilindro hidráulico. Impede a entrada de sujeira no cilindro. Fabricação PK Vedações, código RPU.2595.","Raspador de poliuretano (PU) tipo D com diâmetro interno de 22,22 mm, diâmetro externo de 30,5 mm e altura de 7 mm. Código PK Vedações RPU.2595. A referência de catálogo equivalente aparece em “Substitui / equivale a”.

O raspador é montado na tampa do cilindro, na saída da haste. O lábio raspador remove poeira, sujeira, umidade e cavacos da haste quando ela recolhe, impedindo que contaminantes entrem no cilindro e danifiquem a gaxeta, o anel guia e o próprio acabamento da haste. O tipo D é inteiramente em poliuretano, sem carcaça metálica, e encaixa em canal aberto. O poliuretano resiste à abrasão e mantém o lábio em contato com a haste.

Como conferir a medida: diâmetro interno é o diâmetro da haste, diâmetro externo é o diâmetro do encaixe na tampa e altura é a largura do canal. Meça com paquímetro antes de pedir."
"rpu-0527-d-0875","111","Raspador de poliuretano tipo D, 22,22 × 31,75 × 4,76 mm, sem carcaça metálica, para haste de cilindro hidráulico. Impede a entrada de sujeira no cilindro. Fabricação PK Vedações, código RPU.0527.","Raspador de poliuretano (PU) tipo D com diâmetro interno de 22,22 mm, diâmetro externo de 31,75 mm e altura de 4,76 mm. Código PK Vedações RPU.0527. A referência de catálogo equivalente aparece em “Substitui / equivale a”.

O raspador é montado na tampa do cilindro, na saída da haste. O lábio raspador remove poeira, sujeira, umidade e cavacos da haste quando ela recolhe, impedindo que contaminantes entrem no cilindro e danifiquem a gaxeta, o anel guia e o próprio acabamento da haste. O tipo D é inteiramente em poliuretano, sem carcaça metálica, e encaixa em canal aberto. O poliuretano resiste à abrasão e mantém o lábio em contato com a haste.

Como conferir a medida: diâmetro interno é o diâmetro da haste, diâmetro externo é o diâmetro do encaixe na tampa e altura é a largura do canal. Meça com paquímetro antes de pedir."
"rpu-1267-66d-9122","111","Raspador de poliuretano tipo D, 231,7 × 247,5 × 9,5 mm, sem carcaça metálica, para haste de cilindro hidráulico. Impede a entrada de sujeira no cilindro. Fabricação PK Vedações, código RPU.1267.","Raspador de poliuretano (PU) tipo D com diâmetro interno de 231,7 mm, diâmetro externo de 247,5 mm e altura de 9,5 mm. Código PK Vedações RPU.1267. A referência de catálogo equivalente aparece em “Substitui / equivale a”.

O raspador é montado na tampa do cilindro, na saída da haste. O lábio raspador remove poeira, sujeira, umidade e cavacos da haste quando ela recolhe, impedindo que contaminantes entrem no cilindro e danifiquem a gaxeta, o anel guia e o próprio acabamento da haste. O tipo D é inteiramente em poliuretano, sem carcaça metálica, e encaixa em canal aberto. O poliuretano resiste à abrasão e mantém o lábio em contato com a haste.

Como conferir a medida: diâmetro interno é o diâmetro da haste, diâmetro externo é o diâmetro do encaixe na tampa e altura é a largura do canal. Meça com paquímetro antes de pedir."
"rpu-1383-66d-0984","111","Raspador de poliuretano tipo D, 25 × 33,33 × 5,62 mm, sem carcaça metálica, para haste de cilindro hidráulico. Impede a entrada de sujeira no cilindro. Fabricação PK Vedações, código RPU.1383.","Raspador de poliuretano (PU) tipo D com diâmetro interno de 25 mm, diâmetro externo de 33,33 mm e altura de 5,62 mm. Código PK Vedações RPU.1383. A referência de catálogo equivalente aparece em “Substitui / equivale a”.

O raspador é montado na tampa do cilindro, na saída da haste. O lábio raspador remove poeira, sujeira, umidade e cavacos da haste quando ela recolhe, impedindo que contaminantes entrem no cilindro e danifiquem a gaxeta, o anel guia e o próprio acabamento da haste. O tipo D é inteiramente em poliuretano, sem carcaça metálica, e encaixa em canal aberto. O poliuretano resiste à abrasão e mantém o lábio em contato com a haste.

Como conferir a medida: diâmetro interno é o diâmetro da haste, diâmetro externo é o diâmetro do encaixe na tampa e altura é a largura do canal. Meça com paquímetro antes de pedir."
"rpu-0254-sr","111","Raspador de poliuretano tipo D, 25 × 33,4 × 7 mm, sem carcaça metálica, para haste de cilindro hidráulico. Impede a entrada de sujeira no cilindro. Fabricação PK Vedações, código RPU.0254.","Raspador de poliuretano (PU) tipo D com diâmetro interno de 25 mm, diâmetro externo de 33,4 mm e altura de 7 mm. Código PK Vedações RPU.0254. A referência de catálogo equivalente aparece em “Substitui / equivale a”.

O raspador é montado na tampa do cilindro, na saída da haste. O lábio raspador remove poeira, sujeira, umidade e cavacos da haste quando ela recolhe, impedindo que contaminantes entrem no cilindro e danifiquem a gaxeta, o anel guia e o próprio acabamento da haste. O tipo D é inteiramente em poliuretano, sem carcaça metálica, e encaixa em canal aberto. O poliuretano resiste à abrasão e mantém o lábio em contato com a haste.

Como conferir a medida: diâmetro interno é o diâmetro da haste, diâmetro externo é o diâmetro do encaixe na tampa e altura é a largura do canal. Meça com paquímetro antes de pedir."
"rpu-0500-d-940-09","111","Raspador de poliuretano tipo D, 25,4 × 32,46 × 2,64 mm, sem carcaça metálica, para haste de cilindro hidráulico. Impede a entrada de sujeira no cilindro. Fabricação PK Vedações, código RPU.0500.","Raspador de poliuretano (PU) tipo D com diâmetro interno de 25,4 mm, diâmetro externo de 32,46 mm e altura de 2,64 mm. Código PK Vedações RPU.0500. A referência de catálogo equivalente aparece em “Substitui / equivale a”.

O raspador é montado na tampa do cilindro, na saída da haste. O lábio raspador remove poeira, sujeira, umidade e cavacos da haste quando ela recolhe, impedindo que contaminantes entrem no cilindro e danifiquem a gaxeta, o anel guia e o próprio acabamento da haste. O tipo D é inteiramente em poliuretano, sem carcaça metálica, e encaixa em canal aberto. O poliuretano resiste à abrasão e mantém o lábio em contato com a haste.

Como conferir a medida: diâmetro interno é o diâmetro da haste, diâmetro externo é o diâmetro do encaixe na tampa e altura é a largura do canal. Meça com paquímetro antes de pedir."
"rpu-0519-d-1000","111","Raspador de poliuretano tipo D, 25,4 × 34,92 × 4,76 mm, sem carcaça metálica, para haste de cilindro hidráulico. Impede a entrada de sujeira no cilindro. Fabricação PK Vedações, código RPU.0519.","Raspador de poliuretano (PU) tipo D com diâmetro interno de 25,4 mm, diâmetro externo de 34,92 mm e altura de 4,76 mm. Código PK Vedações RPU.0519. A referência de catálogo equivalente aparece em “Substitui / equivale a”.

O raspador é montado na tampa do cilindro, na saída da haste. O lábio raspador remove poeira, sujeira, umidade e cavacos da haste quando ela recolhe, impedindo que contaminantes entrem no cilindro e danifiquem a gaxeta, o anel guia e o próprio acabamento da haste. O tipo D é inteiramente em poliuretano, sem carcaça metálica, e encaixa em canal aberto. O poliuretano resiste à abrasão e mantém o lábio em contato com a haste.

Como conferir a medida: diâmetro interno é o diâmetro da haste, diâmetro externo é o diâmetro do encaixe na tampa e altura é a largura do canal. Meça com paquímetro antes de pedir."
"rpu-0891-d-940-11","111","Raspador de poliuretano tipo D, 28,52 × 35,64 × 2,64 mm, sem carcaça metálica, para haste de cilindro hidráulico. Impede a entrada de sujeira no cilindro. Fabricação PK Vedações, código RPU.0891.","Raspador de poliuretano (PU) tipo D com diâmetro interno de 28,52 mm, diâmetro externo de 35,64 mm e altura de 2,64 mm. Código PK Vedações RPU.0891. A referência de catálogo equivalente aparece em “Substitui / equivale a”.

O raspador é montado na tampa do cilindro, na saída da haste. O lábio raspador remove poeira, sujeira, umidade e cavacos da haste quando ela recolhe, impedindo que contaminantes entrem no cilindro e danifiquem a gaxeta, o anel guia e o próprio acabamento da haste. O tipo D é inteiramente em poliuretano, sem carcaça metálica, e encaixa em canal aberto. O poliuretano resiste à abrasão e mantém o lábio em contato com a haste.

Como conferir a medida: diâmetro interno é o diâmetro da haste, diâmetro externo é o diâmetro do encaixe na tampa e altura é a largura do canal. Meça com paquímetro antes de pedir."
"rpu-2364-6d-1125","111","Raspador de poliuretano tipo D, 28,57 × 36 × 6,9 mm, sem carcaça metálica, para haste de cilindro hidráulico. Impede a entrada de sujeira no cilindro. Fabricação PK Vedações, código RPU.2364.","Raspador de poliuretano (PU) tipo D com diâmetro interno de 28,57 mm, diâmetro externo de 36 mm e altura de 6,9 mm. Código PK Vedações RPU.2364. A referência de catálogo equivalente aparece em “Substitui / equivale a”.

O raspador é montado na tampa do cilindro, na saída da haste. O lábio raspador remove poeira, sujeira, umidade e cavacos da haste quando ela recolhe, impedindo que contaminantes entrem no cilindro e danifiquem a gaxeta, o anel guia e o próprio acabamento da haste. O tipo D é inteiramente em poliuretano, sem carcaça metálica, e encaixa em canal aberto. O poliuretano resiste à abrasão e mantém o lábio em contato com a haste.

Como conferir a medida: diâmetro interno é o diâmetro da haste, diâmetro externo é o diâmetro do encaixe na tampa e altura é a largura do canal. Meça com paquímetro antes de pedir."
"rpu-0592-d-1125","111","Raspador de poliuretano tipo D, 28,57 × 38,1 × 7,14 mm, sem carcaça metálica, para haste de cilindro hidráulico. Impede a entrada de sujeira no cilindro. Fabricação PK Vedações, código RPU.0592.","Raspador de poliuretano (PU) tipo D com diâmetro interno de 28,57 mm, diâmetro externo de 38,1 mm e altura de 7,14 mm. Código PK Vedações RPU.0592. A referência de catálogo equivalente aparece em “Substitui / equivale a”.

O raspador é montado na tampa do cilindro, na saída da haste. O lábio raspador remove poeira, sujeira, umidade e cavacos da haste quando ela recolhe, impedindo que contaminantes entrem no cilindro e danifiquem a gaxeta, o anel guia e o próprio acabamento da haste. O tipo D é inteiramente em poliuretano, sem carcaça metálica, e encaixa em canal aberto. O poliuretano resiste à abrasão e mantém o lábio em contato com a haste.

Como conferir a medida: diâmetro interno é o diâmetro da haste, diâmetro externo é o diâmetro do encaixe na tampa e altura é a largura do canal. Meça com paquímetro antes de pedir."
"rpu-0131-66d-1141","111","Raspador de poliuretano tipo D, 29 × 36 × 4,2 mm, sem carcaça metálica, para haste de cilindro hidráulico. Impede a entrada de sujeira no cilindro. Fabricação PK Vedações, código RPU.0131.","Raspador de poliuretano (PU) tipo D com diâmetro interno de 29 mm, diâmetro externo de 36 mm e altura de 4,2 mm. Código PK Vedações RPU.0131. A referência de catálogo equivalente aparece em “Substitui / equivale a”.

O raspador é montado na tampa do cilindro, na saída da haste. O lábio raspador remove poeira, sujeira, umidade e cavacos da haste quando ela recolhe, impedindo que contaminantes entrem no cilindro e danifiquem a gaxeta, o anel guia e o próprio acabamento da haste. O tipo D é inteiramente em poliuretano, sem carcaça metálica, e encaixa em canal aberto. O poliuretano resiste à abrasão e mantém o lábio em contato com a haste.

Como conferir a medida: diâmetro interno é o diâmetro da haste, diâmetro externo é o diâmetro do encaixe na tampa e altura é a largura do canal. Meça com paquímetro antes de pedir."
"rpu-0617-d-1187","111","Raspador de poliuretano tipo D, 30,14 × 39,68 × 4,76 mm, sem carcaça metálica, para haste de cilindro hidráulico. Impede a entrada de sujeira no cilindro. Fabricação PK Vedações, código RPU.0617.","Raspador de poliuretano (PU) tipo D com diâmetro interno de 30,14 mm, diâmetro externo de 39,68 mm e altura de 4,76 mm. Código PK Vedações RPU.0617. A referência de catálogo equivalente aparece em “Substitui / equivale a”.

O raspador é montado na tampa do cilindro, na saída da haste. O lábio raspador remove poeira, sujeira, umidade e cavacos da haste quando ela recolhe, impedindo que contaminantes entrem no cilindro e danifiquem a gaxeta, o anel guia e o próprio acabamento da haste. O tipo D é inteiramente em poliuretano, sem carcaça metálica, e encaixa em canal aberto. O poliuretano resiste à abrasão e mantém o lábio em contato com a haste.

Como conferir a medida: diâmetro interno é o diâmetro da haste, diâmetro externo é o diâmetro do encaixe na tampa e altura é a largura do canal. Meça com paquímetro antes de pedir."
"rpu-2504-66d-1181","111","Raspador de poliuretano tipo D, 30 × 38,33 × 5,75 mm, sem carcaça metálica, para haste de cilindro hidráulico. Impede a entrada de sujeira no cilindro. Fabricação PK Vedações, código RPU.2504.","Raspador de poliuretano (PU) tipo D com diâmetro interno de 30 mm, diâmetro externo de 38,33 mm e altura de 5,75 mm. Código PK Vedações RPU.2504. A referência de catálogo equivalente aparece em “Substitui / equivale a”.

O raspador é montado na tampa do cilindro, na saída da haste. O lábio raspador remove poeira, sujeira, umidade e cavacos da haste quando ela recolhe, impedindo que contaminantes entrem no cilindro e danifiquem a gaxeta, o anel guia e o próprio acabamento da haste. O tipo D é inteiramente em poliuretano, sem carcaça metálica, e encaixa em canal aberto. O poliuretano resiste à abrasão e mantém o lábio em contato com a haste.

Como conferir a medida: diâmetro interno é o diâmetro da haste, diâmetro externo é o diâmetro do encaixe na tampa e altura é a largura do canal. Meça com paquímetro antes de pedir."
"rpu-2019-sr","111","Raspador de poliuretano tipo D, 30 × 41 × 7,5 mm, sem carcaça metálica, para haste de cilindro hidráulico. Impede a entrada de sujeira no cilindro. Fabricação PK Vedações, código RPU.2019.","Raspador de poliuretano (PU) tipo D com diâmetro interno de 30 mm, diâmetro externo de 41 mm e altura de 7,5 mm. Código PK Vedações RPU.2019. A referência de catálogo equivalente aparece em “Substitui / equivale a”.

O raspador é montado na tampa do cilindro, na saída da haste. O lábio raspador remove poeira, sujeira, umidade e cavacos da haste quando ela recolhe, impedindo que contaminantes entrem no cilindro e danifiquem a gaxeta, o anel guia e o próprio acabamento da haste. O tipo D é inteiramente em poliuretano, sem carcaça metálica, e encaixa em canal aberto. O poliuretano resiste à abrasão e mantém o lábio em contato com a haste.

Como conferir a medida: diâmetro interno é o diâmetro da haste, diâmetro externo é o diâmetro do encaixe na tampa e altura é a largura do canal. Meça com paquímetro antes de pedir."
"rpu-0049-66d-1220","111","Raspador de poliuretano tipo D, 31 × 38 × 6,75 mm, sem carcaça metálica, para haste de cilindro hidráulico. Impede a entrada de sujeira no cilindro. Fabricação PK Vedações, código RPU.0049.","Raspador de poliuretano (PU) tipo D com diâmetro interno de 31 mm, diâmetro externo de 38 mm e altura de 6,75 mm. Código PK Vedações RPU.0049. A referência de catálogo equivalente aparece em “Substitui / equivale a”.

O raspador é montado na tampa do cilindro, na saída da haste. O lábio raspador remove poeira, sujeira, umidade e cavacos da haste quando ela recolhe, impedindo que contaminantes entrem no cilindro e danifiquem a gaxeta, o anel guia e o próprio acabamento da haste. O tipo D é inteiramente em poliuretano, sem carcaça metálica, e encaixa em canal aberto. O poliuretano resiste à abrasão e mantém o lábio em contato com a haste.

Como conferir a medida: diâmetro interno é o diâmetro da haste, diâmetro externo é o diâmetro do encaixe na tampa e altura é a largura do canal. Meça com paquímetro antes de pedir."
"rpu-1418-d-940-13","111","Raspador de poliuretano tipo D, 31,75 × 38,81 × 2,64 mm, sem carcaça metálica, para haste de cilindro hidráulico. Impede a entrada de sujeira no cilindro. Fabricação PK Vedações, código RPU.1418.","Raspador de poliuretano (PU) tipo D com diâmetro interno de 31,75 mm, diâmetro externo de 38,81 mm e altura de 2,64 mm. Código PK Vedações RPU.1418. A referência de catálogo equivalente aparece em “Substitui / equivale a”.

O raspador é montado na tampa do cilindro, na saída da haste. O lábio raspador remove poeira, sujeira, umidade e cavacos da haste quando ela recolhe, impedindo que contaminantes entrem no cilindro e danifiquem a gaxeta, o anel guia e o próprio acabamento da haste. O tipo D é inteiramente em poliuretano, sem carcaça metálica, e encaixa em canal aberto. O poliuretano resiste à abrasão e mantém o lábio em contato com a haste.

Como conferir a medida: diâmetro interno é o diâmetro da haste, diâmetro externo é o diâmetro do encaixe na tampa e altura é a largura do canal. Meça com paquímetro antes de pedir."
"rpu-0512-d-1250","111","Raspador de poliuretano tipo D, 31,75 × 41,27 × 4,76 mm, sem carcaça metálica, para haste de cilindro hidráulico. Impede a entrada de sujeira no cilindro. Fabricação PK Vedações, código RPU.0512.","Raspador de poliuretano (PU) tipo D com diâmetro interno de 31,75 mm, diâmetro externo de 41,27 mm e altura de 4,76 mm. Código PK Vedações RPU.0512. A referência de catálogo equivalente aparece em “Substitui / equivale a”.

O raspador é montado na tampa do cilindro, na saída da haste. O lábio raspador remove poeira, sujeira, umidade e cavacos da haste quando ela recolhe, impedindo que contaminantes entrem no cilindro e danifiquem a gaxeta, o anel guia e o próprio acabamento da haste. O tipo D é inteiramente em poliuretano, sem carcaça metálica, e encaixa em canal aberto. O poliuretano resiste à abrasão e mantém o lábio em contato com a haste.

Como conferir a medida: diâmetro interno é o diâmetro da haste, diâmetro externo é o diâmetro do encaixe na tampa e altura é a largura do canal. Meça com paquímetro antes de pedir."
"rpu-2402-66d-1250","111","Raspador de poliuretano tipo D, 31,75 × 41 × 5,75 mm, sem carcaça metálica, para haste de cilindro hidráulico. Impede a entrada de sujeira no cilindro. Fabricação PK Vedações, código RPU.2402.","Raspador de poliuretano (PU) tipo D com diâmetro interno de 31,75 mm, diâmetro externo de 41 mm e altura de 5,75 mm. Código PK Vedações RPU.2402. A referência de catálogo equivalente aparece em “Substitui / equivale a”.

O raspador é montado na tampa do cilindro, na saída da haste. O lábio raspador remove poeira, sujeira, umidade e cavacos da haste quando ela recolhe, impedindo que contaminantes entrem no cilindro e danifiquem a gaxeta, o anel guia e o próprio acabamento da haste. O tipo D é inteiramente em poliuretano, sem carcaça metálica, e encaixa em canal aberto. O poliuretano resiste à abrasão e mantém o lábio em contato com a haste.

Como conferir a medida: diâmetro interno é o diâmetro da haste, diâmetro externo é o diâmetro do encaixe na tampa e altura é a largura do canal. Meça com paquímetro antes de pedir."
"rpu-0614-d-1375","111","Raspador de poliuretano tipo D, 34,92 × 44,45 × 4,76 mm, sem carcaça metálica, para haste de cilindro hidráulico. Impede a entrada de sujeira no cilindro. Fabricação PK Vedações, código RPU.0614.","Raspador de poliuretano (PU) tipo D com diâmetro interno de 34,92 mm, diâmetro externo de 44,45 mm e altura de 4,76 mm. Código PK Vedações RPU.0614. A referência de catálogo equivalente aparece em “Substitui / equivale a”.

O raspador é montado na tampa do cilindro, na saída da haste. O lábio raspador remove poeira, sujeira, umidade e cavacos da haste quando ela recolhe, impedindo que contaminantes entrem no cilindro e danifiquem a gaxeta, o anel guia e o próprio acabamento da haste. O tipo D é inteiramente em poliuretano, sem carcaça metálica, e encaixa em canal aberto. O poliuretano resiste à abrasão e mantém o lábio em contato com a haste.

Como conferir a medida: diâmetro interno é o diâmetro da haste, diâmetro externo é o diâmetro do encaixe na tampa e altura é a largura do canal. Meça com paquímetro antes de pedir."
"rpu-0024-66d-1417","111","Raspador de poliuretano tipo D, 36 × 45,2 × 8 mm, sem carcaça metálica, para haste de cilindro hidráulico. Impede a entrada de sujeira no cilindro. Fabricação PK Vedações, código RPU.0024.","Raspador de poliuretano (PU) tipo D com diâmetro interno de 36 mm, diâmetro externo de 45,2 mm e altura de 8 mm. Código PK Vedações RPU.0024. A referência de catálogo equivalente aparece em “Substitui / equivale a”.

O raspador é montado na tampa do cilindro, na saída da haste. O lábio raspador remove poeira, sujeira, umidade e cavacos da haste quando ela recolhe, impedindo que contaminantes entrem no cilindro e danifiquem a gaxeta, o anel guia e o próprio acabamento da haste. O tipo D é inteiramente em poliuretano, sem carcaça metálica, e encaixa em canal aberto. O poliuretano resiste à abrasão e mantém o lábio em contato com a haste.

Como conferir a medida: diâmetro interno é o diâmetro da haste, diâmetro externo é o diâmetro do encaixe na tampa e altura é a largura do canal. Meça com paquímetro antes de pedir."
"rpu-0059-sr","111","Raspador de poliuretano tipo D, 37 × 45 × 7,5 mm, sem carcaça metálica, para haste de cilindro hidráulico. Impede a entrada de sujeira no cilindro. Fabricação PK Vedações, código RPU.0059.","Raspador de poliuretano (PU) tipo D com diâmetro interno de 37 mm, diâmetro externo de 45 mm e altura de 7,5 mm. Código PK Vedações RPU.0059. A referência de catálogo equivalente aparece em “Substitui / equivale a”.

O raspador é montado na tampa do cilindro, na saída da haste. O lábio raspador remove poeira, sujeira, umidade e cavacos da haste quando ela recolhe, impedindo que contaminantes entrem no cilindro e danifiquem a gaxeta, o anel guia e o próprio acabamento da haste. O tipo D é inteiramente em poliuretano, sem carcaça metálica, e encaixa em canal aberto. O poliuretano resiste à abrasão e mantém o lábio em contato com a haste.

Como conferir a medida: diâmetro interno é o diâmetro da haste, diâmetro externo é o diâmetro do encaixe na tampa e altura é a largura do canal. Meça com paquímetro antes de pedir."
"rpu-0501-d-1500","111","Raspador de poliuretano tipo D, 38,1 × 47,62 × 4,76 mm, sem carcaça metálica, para haste de cilindro hidráulico. Impede a entrada de sujeira no cilindro. Fabricação PK Vedações, código RPU.0501.","Raspador de poliuretano (PU) tipo D com diâmetro interno de 38,1 mm, diâmetro externo de 47,62 mm e altura de 4,76 mm. Código PK Vedações RPU.0501. A referência de catálogo equivalente aparece em “Substitui / equivale a”.

O raspador é montado na tampa do cilindro, na saída da haste. O lábio raspador remove poeira, sujeira, umidade e cavacos da haste quando ela recolhe, impedindo que contaminantes entrem no cilindro e danifiquem a gaxeta, o anel guia e o próprio acabamento da haste. O tipo D é inteiramente em poliuretano, sem carcaça metálica, e encaixa em canal aberto. O poliuretano resiste à abrasão e mantém o lábio em contato com a haste.

Como conferir a medida: diâmetro interno é o diâmetro da haste, diâmetro externo é o diâmetro do encaixe na tampa e altura é a largura do canal. Meça com paquímetro antes de pedir."
"rpu-2984-sr","111","Raspador de poliuretano tipo D, 38 × 55 × 10 mm, sem carcaça metálica, para haste de cilindro hidráulico. Impede a entrada de sujeira no cilindro. Fabricação PK Vedações, código RPU.2984.","Raspador de poliuretano (PU) tipo D com diâmetro interno de 38 mm, diâmetro externo de 55 mm e altura de 10 mm. Código PK Vedações RPU.2984. A referência de catálogo equivalente aparece em “Substitui / equivale a”.

O raspador é montado na tampa do cilindro, na saída da haste. O lábio raspador remove poeira, sujeira, umidade e cavacos da haste quando ela recolhe, impedindo que contaminantes entrem no cilindro e danifiquem a gaxeta, o anel guia e o próprio acabamento da haste. O tipo D é inteiramente em poliuretano, sem carcaça metálica, e encaixa em canal aberto. O poliuretano resiste à abrasão e mantém o lábio em contato com a haste.

Como conferir a medida: diâmetro interno é o diâmetro da haste, diâmetro externo é o diâmetro do encaixe na tampa e altura é a largura do canal. Meça com paquímetro antes de pedir."
"rpu-0623-sr","111","Raspador de poliuretano tipo D, 38,6 × 41,6 × 4 mm, sem carcaça metálica, para haste de cilindro hidráulico. Impede a entrada de sujeira no cilindro. Fabricação PK Vedações, código RPU.0623.","Raspador de poliuretano (PU) tipo D com diâmetro interno de 38,6 mm, diâmetro externo de 41,6 mm e altura de 4 mm. Código PK Vedações RPU.0623. A referência de catálogo equivalente aparece em “Substitui / equivale a”.

O raspador é montado na tampa do cilindro, na saída da haste. O lábio raspador remove poeira, sujeira, umidade e cavacos da haste quando ela recolhe, impedindo que contaminantes entrem no cilindro e danifiquem a gaxeta, o anel guia e o próprio acabamento da haste. O tipo D é inteiramente em poliuretano, sem carcaça metálica, e encaixa em canal aberto. O poliuretano resiste à abrasão e mantém o lábio em contato com a haste.

Como conferir a medida: diâmetro interno é o diâmetro da haste, diâmetro externo é o diâmetro do encaixe na tampa e altura é a largura do canal. Meça com paquímetro antes de pedir."
"rpu-0618-d-1562","111","Raspador de poliuretano tipo D, 39,68 × 49,21 × 4,76 mm, sem carcaça metálica, para haste de cilindro hidráulico. Impede a entrada de sujeira no cilindro. Fabricação PK Vedações, código RPU.0618.","Raspador de poliuretano (PU) tipo D com diâmetro interno de 39,68 mm, diâmetro externo de 49,21 mm e altura de 4,76 mm. Código PK Vedações RPU.0618. A referência de catálogo equivalente aparece em “Substitui / equivale a”.

O raspador é montado na tampa do cilindro, na saída da haste. O lábio raspador remove poeira, sujeira, umidade e cavacos da haste quando ela recolhe, impedindo que contaminantes entrem no cilindro e danifiquem a gaxeta, o anel guia e o próprio acabamento da haste. O tipo D é inteiramente em poliuretano, sem carcaça metálica, e encaixa em canal aberto. O poliuretano resiste à abrasão e mantém o lábio em contato com a haste.

Como conferir a medida: diâmetro interno é o diâmetro da haste, diâmetro externo é o diâmetro do encaixe na tampa e altura é a largura do canal. Meça com paquímetro antes de pedir."
"rpu-2510-sr","111","Raspador de poliuretano tipo D, 40 × 48 × 5 mm, sem carcaça metálica, para haste de cilindro hidráulico. Impede a entrada de sujeira no cilindro. Fabricação PK Vedações, código RPU.2510.","Raspador de poliuretano (PU) tipo D com diâmetro interno de 40 mm, diâmetro externo de 48 mm e altura de 5 mm. Código PK Vedações RPU.2510. A referência de catálogo equivalente aparece em “Substitui / equivale a”.

O raspador é montado na tampa do cilindro, na saída da haste. O lábio raspador remove poeira, sujeira, umidade e cavacos da haste quando ela recolhe, impedindo que contaminantes entrem no cilindro e danifiquem a gaxeta, o anel guia e o próprio acabamento da haste. O tipo D é inteiramente em poliuretano, sem carcaça metálica, e encaixa em canal aberto. O poliuretano resiste à abrasão e mantém o lábio em contato com a haste.

Como conferir a medida: diâmetro interno é o diâmetro da haste, diâmetro externo é o diâmetro do encaixe na tampa e altura é a largura do canal. Meça com paquímetro antes de pedir."
"rpu-0098-sr","111","Raspador de poliuretano tipo D, 40 × 48 × 7,5 mm, sem carcaça metálica, para haste de cilindro hidráulico. Impede a entrada de sujeira no cilindro. Fabricação PK Vedações, código RPU.0098.","Raspador de poliuretano (PU) tipo D com diâmetro interno de 40 mm, diâmetro externo de 48 mm e altura de 7,5 mm. Código PK Vedações RPU.0098. A referência de catálogo equivalente aparece em “Substitui / equivale a”.

O raspador é montado na tampa do cilindro, na saída da haste. O lábio raspador remove poeira, sujeira, umidade e cavacos da haste quando ela recolhe, impedindo que contaminantes entrem no cilindro e danifiquem a gaxeta, o anel guia e o próprio acabamento da haste. O tipo D é inteiramente em poliuretano, sem carcaça metálica, e encaixa em canal aberto. O poliuretano resiste à abrasão e mantém o lábio em contato com a haste.

Como conferir a medida: diâmetro interno é o diâmetro da haste, diâmetro externo é o diâmetro do encaixe na tampa e altura é a largura do canal. Meça com paquímetro antes de pedir."
"rpu-0645-6d-1574","111","Raspador de poliuretano tipo D, 40 × 50,3 × 6,35 mm, sem carcaça metálica, para haste de cilindro hidráulico. Impede a entrada de sujeira no cilindro. Fabricação PK Vedações, código RPU.0645.","Raspador de poliuretano (PU) tipo D com diâmetro interno de 40 mm, diâmetro externo de 50,3 mm e altura de 6,35 mm. Código PK Vedações RPU.0645. A referência de catálogo equivalente aparece em “Substitui / equivale a”.

O raspador é montado na tampa do cilindro, na saída da haste. O lábio raspador remove poeira, sujeira, umidade e cavacos da haste quando ela recolhe, impedindo que contaminantes entrem no cilindro e danifiquem a gaxeta, o anel guia e o próprio acabamento da haste. O tipo D é inteiramente em poliuretano, sem carcaça metálica, e encaixa em canal aberto. O poliuretano resiste à abrasão e mantém o lábio em contato com a haste.

Como conferir a medida: diâmetro interno é o diâmetro da haste, diâmetro externo é o diâmetro do encaixe na tampa e altura é a largura do canal. Meça com paquímetro antes de pedir."
"rpu-0664-d-1625","111","Raspador de poliuretano tipo D, 41,2 × 50,8 × 4,76 mm, sem carcaça metálica, para haste de cilindro hidráulico. Impede a entrada de sujeira no cilindro. Fabricação PK Vedações, código RPU.0664.","Raspador de poliuretano (PU) tipo D com diâmetro interno de 41,2 mm, diâmetro externo de 50,8 mm e altura de 4,76 mm. Código PK Vedações RPU.0664. A referência de catálogo equivalente aparece em “Substitui / equivale a”.

O raspador é montado na tampa do cilindro, na saída da haste. O lábio raspador remove poeira, sujeira, umidade e cavacos da haste quando ela recolhe, impedindo que contaminantes entrem no cilindro e danifiquem a gaxeta, o anel guia e o próprio acabamento da haste. O tipo D é inteiramente em poliuretano, sem carcaça metálica, e encaixa em canal aberto. O poliuretano resiste à abrasão e mantém o lábio em contato com a haste.

Como conferir a medida: diâmetro interno é o diâmetro da haste, diâmetro externo é o diâmetro do encaixe na tampa e altura é a largura do canal. Meça com paquímetro antes de pedir."
"rpu-0111-sr","111","Raspador de poliuretano tipo D, 42 × 50 × 7 mm, sem carcaça metálica, para haste de cilindro hidráulico. Impede a entrada de sujeira no cilindro. Fabricação PK Vedações, código RPU.0111.","Raspador de poliuretano (PU) tipo D com diâmetro interno de 42 mm, diâmetro externo de 50 mm e altura de 7 mm. Código PK Vedações RPU.0111. A referência de catálogo equivalente aparece em “Substitui / equivale a”.

O raspador é montado na tampa do cilindro, na saída da haste. O lábio raspador remove poeira, sujeira, umidade e cavacos da haste quando ela recolhe, impedindo que contaminantes entrem no cilindro e danifiquem a gaxeta, o anel guia e o próprio acabamento da haste. O tipo D é inteiramente em poliuretano, sem carcaça metálica, e encaixa em canal aberto. O poliuretano resiste à abrasão e mantém o lábio em contato com a haste.

Como conferir a medida: diâmetro interno é o diâmetro da haste, diâmetro externo é o diâmetro do encaixe na tampa e altura é a largura do canal. Meça com paquímetro antes de pedir."
"rpu-0894-66d-1653","111","Raspador de poliuretano tipo D, 42 × 51,8 × 6 mm, sem carcaça metálica, para haste de cilindro hidráulico. Impede a entrada de sujeira no cilindro. Fabricação PK Vedações, código RPU.0894.","Raspador de poliuretano (PU) tipo D com diâmetro interno de 42 mm, diâmetro externo de 51,8 mm e altura de 6 mm. Código PK Vedações RPU.0894. A referência de catálogo equivalente aparece em “Substitui / equivale a”.

O raspador é montado na tampa do cilindro, na saída da haste. O lábio raspador remove poeira, sujeira, umidade e cavacos da haste quando ela recolhe, impedindo que contaminantes entrem no cilindro e danifiquem a gaxeta, o anel guia e o próprio acabamento da haste. O tipo D é inteiramente em poliuretano, sem carcaça metálica, e encaixa em canal aberto. O poliuretano resiste à abrasão e mantém o lábio em contato com a haste.

Como conferir a medida: diâmetro interno é o diâmetro da haste, diâmetro externo é o diâmetro do encaixe na tampa e altura é a largura do canal. Meça com paquímetro antes de pedir."
"rpu-0513-d-940-19","111","Raspador de poliuretano tipo D, 44,45 × 52,3 × 3,96 mm, sem carcaça metálica, para haste de cilindro hidráulico. Impede a entrada de sujeira no cilindro. Fabricação PK Vedações, código RPU.0513.","Raspador de poliuretano (PU) tipo D com diâmetro interno de 44,45 mm, diâmetro externo de 52,3 mm e altura de 3,96 mm. Código PK Vedações RPU.0513. A referência de catálogo equivalente aparece em “Substitui / equivale a”.

O raspador é montado na tampa do cilindro, na saída da haste. O lábio raspador remove poeira, sujeira, umidade e cavacos da haste quando ela recolhe, impedindo que contaminantes entrem no cilindro e danifiquem a gaxeta, o anel guia e o próprio acabamento da haste. O tipo D é inteiramente em poliuretano, sem carcaça metálica, e encaixa em canal aberto. O poliuretano resiste à abrasão e mantém o lábio em contato com a haste.

Como conferir a medida: diâmetro interno é o diâmetro da haste, diâmetro externo é o diâmetro do encaixe na tampa e altura é a largura do canal. Meça com paquímetro antes de pedir."
"rpu-0548-d-1750","111","Raspador de poliuretano tipo D, 44,45 × 53,97 × 7,76 mm, sem carcaça metálica, para haste de cilindro hidráulico. Impede a entrada de sujeira no cilindro. Fabricação PK Vedações, código RPU.0548.","Raspador de poliuretano (PU) tipo D com diâmetro interno de 44,45 mm, diâmetro externo de 53,97 mm e altura de 7,76 mm. Código PK Vedações RPU.0548. A referência de catálogo equivalente aparece em “Substitui / equivale a”.

O raspador é montado na tampa do cilindro, na saída da haste. O lábio raspador remove poeira, sujeira, umidade e cavacos da haste quando ela recolhe, impedindo que contaminantes entrem no cilindro e danifiquem a gaxeta, o anel guia e o próprio acabamento da haste. O tipo D é inteiramente em poliuretano, sem carcaça metálica, e encaixa em canal aberto. O poliuretano resiste à abrasão e mantém o lábio em contato com a haste.

Como conferir a medida: diâmetro interno é o diâmetro da haste, diâmetro externo é o diâmetro do encaixe na tampa e altura é a largura do canal. Meça com paquímetro antes de pedir."
"rpu-0284-sr","111","Raspador de poliuretano tipo D, 45 × 52,4 × 4,4 mm, sem carcaça metálica, para haste de cilindro hidráulico. Impede a entrada de sujeira no cilindro. Fabricação PK Vedações, código RPU.0284.","Raspador de poliuretano (PU) tipo D com diâmetro interno de 45 mm, diâmetro externo de 52,4 mm e altura de 4,4 mm. Código PK Vedações RPU.0284. A referência de catálogo equivalente aparece em “Substitui / equivale a”.

O raspador é montado na tampa do cilindro, na saída da haste. O lábio raspador remove poeira, sujeira, umidade e cavacos da haste quando ela recolhe, impedindo que contaminantes entrem no cilindro e danifiquem a gaxeta, o anel guia e o próprio acabamento da haste. O tipo D é inteiramente em poliuretano, sem carcaça metálica, e encaixa em canal aberto. O poliuretano resiste à abrasão e mantém o lábio em contato com a haste.

Como conferir a medida: diâmetro interno é o diâmetro da haste, diâmetro externo é o diâmetro do encaixe na tampa e altura é a largura do canal. Meça com paquímetro antes de pedir."
"rpu-0279-sr","111","Raspador de poliuretano tipo D, 45 × 60 × 6 mm, sem carcaça metálica, para haste de cilindro hidráulico. Impede a entrada de sujeira no cilindro. Fabricação PK Vedações, código RPU.0279.","Raspador de poliuretano (PU) tipo D com diâmetro interno de 45 mm, diâmetro externo de 60 mm e altura de 6 mm. Código PK Vedações RPU.0279. A referência de catálogo equivalente aparece em “Substitui / equivale a”.

O raspador é montado na tampa do cilindro, na saída da haste. O lábio raspador remove poeira, sujeira, umidade e cavacos da haste quando ela recolhe, impedindo que contaminantes entrem no cilindro e danifiquem a gaxeta, o anel guia e o próprio acabamento da haste. O tipo D é inteiramente em poliuretano, sem carcaça metálica, e encaixa em canal aberto. O poliuretano resiste à abrasão e mantém o lábio em contato com a haste.

Como conferir a medida: diâmetro interno é o diâmetro da haste, diâmetro externo é o diâmetro do encaixe na tampa e altura é a largura do canal. Meça com paquímetro antes de pedir."
"rpu-0585-d-1875","111","Raspador de poliuretano tipo D, 47,62 × 57,15 × 4,76 mm, sem carcaça metálica, para haste de cilindro hidráulico. Impede a entrada de sujeira no cilindro. Fabricação PK Vedações, código RPU.0585.","Raspador de poliuretano (PU) tipo D com diâmetro interno de 47,62 mm, diâmetro externo de 57,15 mm e altura de 4,76 mm. Código PK Vedações RPU.0585. A referência de catálogo equivalente aparece em “Substitui / equivale a”.

O raspador é montado na tampa do cilindro, na saída da haste. O lábio raspador remove poeira, sujeira, umidade e cavacos da haste quando ela recolhe, impedindo que contaminantes entrem no cilindro e danifiquem a gaxeta, o anel guia e o próprio acabamento da haste. O tipo D é inteiramente em poliuretano, sem carcaça metálica, e encaixa em canal aberto. O poliuretano resiste à abrasão e mantém o lábio em contato com a haste.

Como conferir a medida: diâmetro interno é o diâmetro da haste, diâmetro externo é o diâmetro do encaixe na tampa e altura é a largura do canal. Meça com paquímetro antes de pedir."
"rpu-1389-66d-1970","111","Raspador de poliuretano tipo D, 50 × 58,33 × 6 mm, sem carcaça metálica, para haste de cilindro hidráulico. Impede a entrada de sujeira no cilindro. Fabricação PK Vedações, código RPU.1389.","Raspador de poliuretano (PU) tipo D com diâmetro interno de 50 mm, diâmetro externo de 58,33 mm e altura de 6 mm. Código PK Vedações RPU.1389. A referência de catálogo equivalente aparece em “Substitui / equivale a”.

O raspador é montado na tampa do cilindro, na saída da haste. O lábio raspador remove poeira, sujeira, umidade e cavacos da haste quando ela recolhe, impedindo que contaminantes entrem no cilindro e danifiquem a gaxeta, o anel guia e o próprio acabamento da haste. O tipo D é inteiramente em poliuretano, sem carcaça metálica, e encaixa em canal aberto. O poliuretano resiste à abrasão e mantém o lábio em contato com a haste.

Como conferir a medida: diâmetro interno é o diâmetro da haste, diâmetro externo é o diâmetro do encaixe na tampa e altura é a largura do canal. Meça com paquímetro antes de pedir."
"rpu-0186-6d-1968","111","Raspador de poliuretano tipo D, 50 × 58 × 7,4 mm, sem carcaça metálica, para haste de cilindro hidráulico. Impede a entrada de sujeira no cilindro. Fabricação PK Vedações, código RPU.0186.","Raspador de poliuretano (PU) tipo D com diâmetro interno de 50 mm, diâmetro externo de 58 mm e altura de 7,4 mm. Código PK Vedações RPU.0186. A referência de catálogo equivalente aparece em “Substitui / equivale a”.

O raspador é montado na tampa do cilindro, na saída da haste. O lábio raspador remove poeira, sujeira, umidade e cavacos da haste quando ela recolhe, impedindo que contaminantes entrem no cilindro e danifiquem a gaxeta, o anel guia e o próprio acabamento da haste. O tipo D é inteiramente em poliuretano, sem carcaça metálica, e encaixa em canal aberto. O poliuretano resiste à abrasão e mantém o lábio em contato com a haste.

Como conferir a medida: diâmetro interno é o diâmetro da haste, diâmetro externo é o diâmetro do encaixe na tampa e altura é a largura do canal. Meça com paquímetro antes de pedir."
"rpu-0674-sr","111","Raspador de poliuretano tipo D, 50 × 62 × 8 mm, sem carcaça metálica, para haste de cilindro hidráulico. Impede a entrada de sujeira no cilindro. Fabricação PK Vedações, código RPU.0674.","Raspador de poliuretano (PU) tipo D com diâmetro interno de 50 mm, diâmetro externo de 62 mm e altura de 8 mm. Código PK Vedações RPU.0674. A referência de catálogo equivalente aparece em “Substitui / equivale a”.

O raspador é montado na tampa do cilindro, na saída da haste. O lábio raspador remove poeira, sujeira, umidade e cavacos da haste quando ela recolhe, impedindo que contaminantes entrem no cilindro e danifiquem a gaxeta, o anel guia e o próprio acabamento da haste. O tipo D é inteiramente em poliuretano, sem carcaça metálica, e encaixa em canal aberto. O poliuretano resiste à abrasão e mantém o lábio em contato com a haste.

Como conferir a medida: diâmetro interno é o diâmetro da haste, diâmetro externo é o diâmetro do encaixe na tampa e altura é a largura do canal. Meça com paquímetro antes de pedir."
"rpu-0774-66d-1968","111","Raspador de poliuretano tipo D, 50 × 64,32 × 6,35 mm, sem carcaça metálica, para haste de cilindro hidráulico. Impede a entrada de sujeira no cilindro. Fabricação PK Vedações, código RPU.0774.","Raspador de poliuretano (PU) tipo D com diâmetro interno de 50 mm, diâmetro externo de 64,32 mm e altura de 6,35 mm. Código PK Vedações RPU.0774. A referência de catálogo equivalente aparece em “Substitui / equivale a”.

O raspador é montado na tampa do cilindro, na saída da haste. O lábio raspador remove poeira, sujeira, umidade e cavacos da haste quando ela recolhe, impedindo que contaminantes entrem no cilindro e danifiquem a gaxeta, o anel guia e o próprio acabamento da haste. O tipo D é inteiramente em poliuretano, sem carcaça metálica, e encaixa em canal aberto. O poliuretano resiste à abrasão e mantém o lábio em contato com a haste.

Como conferir a medida: diâmetro interno é o diâmetro da haste, diâmetro externo é o diâmetro do encaixe na tampa e altura é a largura do canal. Meça com paquímetro antes de pedir."
"rpu-1390-66d-2000","111","Raspador de poliuretano tipo D, 50,8 × 62,33 × 7,93 mm, sem carcaça metálica, para haste de cilindro hidráulico. Impede a entrada de sujeira no cilindro. Fabricação PK Vedações, código RPU.1390.","Raspador de poliuretano (PU) tipo D com diâmetro interno de 50,8 mm, diâmetro externo de 62,33 mm e altura de 7,93 mm. Código PK Vedações RPU.1390. A referência de catálogo equivalente aparece em “Substitui / equivale a”.

O raspador é montado na tampa do cilindro, na saída da haste. O lábio raspador remove poeira, sujeira, umidade e cavacos da haste quando ela recolhe, impedindo que contaminantes entrem no cilindro e danifiquem a gaxeta, o anel guia e o próprio acabamento da haste. O tipo D é inteiramente em poliuretano, sem carcaça metálica, e encaixa em canal aberto. O poliuretano resiste à abrasão e mantém o lábio em contato com a haste.

Como conferir a medida: diâmetro interno é o diâmetro da haste, diâmetro externo é o diâmetro do encaixe na tampa e altura é a largura do canal. Meça com paquímetro antes de pedir."
"rpu-0550-d-2000","111","Raspador de poliuretano tipo D, 50,8 × 63,5 × 6,35 mm, sem carcaça metálica, para haste de cilindro hidráulico. Impede a entrada de sujeira no cilindro. Fabricação PK Vedações, código RPU.0550.","Raspador de poliuretano (PU) tipo D com diâmetro interno de 50,8 mm, diâmetro externo de 63,5 mm e altura de 6,35 mm. Código PK Vedações RPU.0550. A referência de catálogo equivalente aparece em “Substitui / equivale a”.

O raspador é montado na tampa do cilindro, na saída da haste. O lábio raspador remove poeira, sujeira, umidade e cavacos da haste quando ela recolhe, impedindo que contaminantes entrem no cilindro e danifiquem a gaxeta, o anel guia e o próprio acabamento da haste. O tipo D é inteiramente em poliuretano, sem carcaça metálica, e encaixa em canal aberto. O poliuretano resiste à abrasão e mantém o lábio em contato com a haste.

Como conferir a medida: diâmetro interno é o diâmetro da haste, diâmetro externo é o diâmetro do encaixe na tampa e altura é a largura do canal. Meça com paquímetro antes de pedir."
"rpu-0022-6d-2087","111","Raspador de poliuretano tipo D, 53 × 63 × 9,52 mm, sem carcaça metálica, para haste de cilindro hidráulico. Impede a entrada de sujeira no cilindro. Fabricação PK Vedações, código RPU.0022.","Raspador de poliuretano (PU) tipo D com diâmetro interno de 53 mm, diâmetro externo de 63 mm e altura de 9,52 mm. Código PK Vedações RPU.0022. A referência de catálogo equivalente aparece em “Substitui / equivale a”.

O raspador é montado na tampa do cilindro, na saída da haste. O lábio raspador remove poeira, sujeira, umidade e cavacos da haste quando ela recolhe, impedindo que contaminantes entrem no cilindro e danifiquem a gaxeta, o anel guia e o próprio acabamento da haste. O tipo D é inteiramente em poliuretano, sem carcaça metálica, e encaixa em canal aberto. O poliuretano resiste à abrasão e mantém o lábio em contato com a haste.

Como conferir a medida: diâmetro interno é o diâmetro da haste, diâmetro externo é o diâmetro do encaixe na tampa e altura é a largura do canal. Meça com paquímetro antes de pedir."
"rpu-0587-d-2125","111","Raspador de poliuretano tipo D, 53,97 × 66,67 × 6,35 mm, sem carcaça metálica, para haste de cilindro hidráulico. Impede a entrada de sujeira no cilindro. Fabricação PK Vedações, código RPU.0587.","Raspador de poliuretano (PU) tipo D com diâmetro interno de 53,97 mm, diâmetro externo de 66,67 mm e altura de 6,35 mm. Código PK Vedações RPU.0587. A referência de catálogo equivalente aparece em “Substitui / equivale a”.

O raspador é montado na tampa do cilindro, na saída da haste. O lábio raspador remove poeira, sujeira, umidade e cavacos da haste quando ela recolhe, impedindo que contaminantes entrem no cilindro e danifiquem a gaxeta, o anel guia e o próprio acabamento da haste. O tipo D é inteiramente em poliuretano, sem carcaça metálica, e encaixa em canal aberto. O poliuretano resiste à abrasão e mantém o lábio em contato com a haste.

Como conferir a medida: diâmetro interno é o diâmetro da haste, diâmetro externo é o diâmetro do encaixe na tampa e altura é a largura do canal. Meça com paquímetro antes de pedir."
"rpu-1282-66d-2165","111","Raspador de poliuretano tipo D, 55 × 63,83 × 5,05 mm, sem carcaça metálica, para haste de cilindro hidráulico. Impede a entrada de sujeira no cilindro. Fabricação PK Vedações, código RPU.1282.","Raspador de poliuretano (PU) tipo D com diâmetro interno de 55 mm, diâmetro externo de 63,83 mm e altura de 5,05 mm. Código PK Vedações RPU.1282. A referência de catálogo equivalente aparece em “Substitui / equivale a”.

O raspador é montado na tampa do cilindro, na saída da haste. O lábio raspador remove poeira, sujeira, umidade e cavacos da haste quando ela recolhe, impedindo que contaminantes entrem no cilindro e danifiquem a gaxeta, o anel guia e o próprio acabamento da haste. O tipo D é inteiramente em poliuretano, sem carcaça metálica, e encaixa em canal aberto. O poliuretano resiste à abrasão e mantém o lábio em contato com a haste.

Como conferir a medida: diâmetro interno é o diâmetro da haste, diâmetro externo é o diâmetro do encaixe na tampa e altura é a largura do canal. Meça com paquímetro antes de pedir."
"rpu-0812-6d-2165","111","Raspador de poliuretano tipo D, 55 × 67,96 × 6,07 mm, sem carcaça metálica, para haste de cilindro hidráulico. Impede a entrada de sujeira no cilindro. Fabricação PK Vedações, código RPU.0812.","Raspador de poliuretano (PU) tipo D com diâmetro interno de 55 mm, diâmetro externo de 67,96 mm e altura de 6,07 mm. Código PK Vedações RPU.0812. A referência de catálogo equivalente aparece em “Substitui / equivale a”.

O raspador é montado na tampa do cilindro, na saída da haste. O lábio raspador remove poeira, sujeira, umidade e cavacos da haste quando ela recolhe, impedindo que contaminantes entrem no cilindro e danifiquem a gaxeta, o anel guia e o próprio acabamento da haste. O tipo D é inteiramente em poliuretano, sem carcaça metálica, e encaixa em canal aberto. O poliuretano resiste à abrasão e mantém o lábio em contato com a haste.

Como conferir a medida: diâmetro interno é o diâmetro da haste, diâmetro externo é o diâmetro do encaixe na tampa e altura é a largura do canal. Meça com paquímetro antes de pedir."
"rpu-0534-d-2250","111","Raspador de poliuretano tipo D, 57,15 × 69,85 × 6,35 mm, sem carcaça metálica, para haste de cilindro hidráulico. Impede a entrada de sujeira no cilindro. Fabricação PK Vedações, código RPU.0534.","Raspador de poliuretano (PU) tipo D com diâmetro interno de 57,15 mm, diâmetro externo de 69,85 mm e altura de 6,35 mm. Código PK Vedações RPU.0534. A referência de catálogo equivalente aparece em “Substitui / equivale a”.

O raspador é montado na tampa do cilindro, na saída da haste. O lábio raspador remove poeira, sujeira, umidade e cavacos da haste quando ela recolhe, impedindo que contaminantes entrem no cilindro e danifiquem a gaxeta, o anel guia e o próprio acabamento da haste. O tipo D é inteiramente em poliuretano, sem carcaça metálica, e encaixa em canal aberto. O poliuretano resiste à abrasão e mantém o lábio em contato com a haste.

Como conferir a medida: diâmetro interno é o diâmetro da haste, diâmetro externo é o diâmetro do encaixe na tampa e altura é a largura do canal. Meça com paquímetro antes de pedir."
"rpu-0581-d-2375","111","Raspador de poliuretano tipo D, 60,32 × 73,02 × 9,52 mm, sem carcaça metálica, para haste de cilindro hidráulico. Impede a entrada de sujeira no cilindro. Fabricação PK Vedações, código RPU.0581.","Raspador de poliuretano (PU) tipo D com diâmetro interno de 60,32 mm, diâmetro externo de 73,02 mm e altura de 9,52 mm. Código PK Vedações RPU.0581. A referência de catálogo equivalente aparece em “Substitui / equivale a”.

O raspador é montado na tampa do cilindro, na saída da haste. O lábio raspador remove poeira, sujeira, umidade e cavacos da haste quando ela recolhe, impedindo que contaminantes entrem no cilindro e danifiquem a gaxeta, o anel guia e o próprio acabamento da haste. O tipo D é inteiramente em poliuretano, sem carcaça metálica, e encaixa em canal aberto. O poliuretano resiste à abrasão e mantém o lábio em contato com a haste.

Como conferir a medida: diâmetro interno é o diâmetro da haste, diâmetro externo é o diâmetro do encaixe na tampa e altura é a largura do canal. Meça com paquímetro antes de pedir."
"rpu-2919-66d-2375","111","Raspador de poliuretano tipo D, 60,33 × 70,6 × 7,6 mm, sem carcaça metálica, para haste de cilindro hidráulico. Impede a entrada de sujeira no cilindro. Fabricação PK Vedações, código RPU.2919.","Raspador de poliuretano (PU) tipo D com diâmetro interno de 60,33 mm, diâmetro externo de 70,6 mm e altura de 7,6 mm. Código PK Vedações RPU.2919. A referência de catálogo equivalente aparece em “Substitui / equivale a”.

O raspador é montado na tampa do cilindro, na saída da haste. O lábio raspador remove poeira, sujeira, umidade e cavacos da haste quando ela recolhe, impedindo que contaminantes entrem no cilindro e danifiquem a gaxeta, o anel guia e o próprio acabamento da haste. O tipo D é inteiramente em poliuretano, sem carcaça metálica, e encaixa em canal aberto. O poliuretano resiste à abrasão e mantém o lábio em contato com a haste.

Como conferir a medida: diâmetro interno é o diâmetro da haste, diâmetro externo é o diâmetro do encaixe na tampa e altura é a largura do canal. Meça com paquímetro antes de pedir."
"rpu-0712-66d-2374","111","Raspador de poliuretano tipo D, 60,3 × 68,3 × 7 mm, sem carcaça metálica, para haste de cilindro hidráulico. Impede a entrada de sujeira no cilindro. Fabricação PK Vedações, código RPU.0712.","Raspador de poliuretano (PU) tipo D com diâmetro interno de 60,3 mm, diâmetro externo de 68,3 mm e altura de 7 mm. Código PK Vedações RPU.0712. A referência de catálogo equivalente aparece em “Substitui / equivale a”.

O raspador é montado na tampa do cilindro, na saída da haste. O lábio raspador remove poeira, sujeira, umidade e cavacos da haste quando ela recolhe, impedindo que contaminantes entrem no cilindro e danifiquem a gaxeta, o anel guia e o próprio acabamento da haste. O tipo D é inteiramente em poliuretano, sem carcaça metálica, e encaixa em canal aberto. O poliuretano resiste à abrasão e mantém o lábio em contato com a haste.

Como conferir a medida: diâmetro interno é o diâmetro da haste, diâmetro externo é o diâmetro do encaixe na tampa e altura é a largura do canal. Meça com paquímetro antes de pedir."
"rpu-1081-66d-2362","111","Raspador de poliuretano tipo D, 60 × 70,3 × 5,3 mm, sem carcaça metálica, para haste de cilindro hidráulico. Impede a entrada de sujeira no cilindro. Fabricação PK Vedações, código RPU.1081.","Raspador de poliuretano (PU) tipo D com diâmetro interno de 60 mm, diâmetro externo de 70,3 mm e altura de 5,3 mm. Código PK Vedações RPU.1081. A referência de catálogo equivalente aparece em “Substitui / equivale a”.

O raspador é montado na tampa do cilindro, na saída da haste. O lábio raspador remove poeira, sujeira, umidade e cavacos da haste quando ela recolhe, impedindo que contaminantes entrem no cilindro e danifiquem a gaxeta, o anel guia e o próprio acabamento da haste. O tipo D é inteiramente em poliuretano, sem carcaça metálica, e encaixa em canal aberto. O poliuretano resiste à abrasão e mantém o lábio em contato com a haste.

Como conferir a medida: diâmetro interno é o diâmetro da haste, diâmetro externo é o diâmetro do encaixe na tampa e altura é a largura do canal. Meça com paquímetro antes de pedir."
"rpu-2693-66d-2441","111","Raspador de poliuretano tipo D, 62 × 72 × 8,5 mm, sem carcaça metálica, para haste de cilindro hidráulico. Impede a entrada de sujeira no cilindro. Fabricação PK Vedações, código RPU.2693.","Raspador de poliuretano (PU) tipo D com diâmetro interno de 62 mm, diâmetro externo de 72 mm e altura de 8,5 mm. Código PK Vedações RPU.2693. A referência de catálogo equivalente aparece em “Substitui / equivale a”.

O raspador é montado na tampa do cilindro, na saída da haste. O lábio raspador remove poeira, sujeira, umidade e cavacos da haste quando ela recolhe, impedindo que contaminantes entrem no cilindro e danifiquem a gaxeta, o anel guia e o próprio acabamento da haste. O tipo D é inteiramente em poliuretano, sem carcaça metálica, e encaixa em canal aberto. O poliuretano resiste à abrasão e mantém o lábio em contato com a haste.

Como conferir a medida: diâmetro interno é o diâmetro da haste, diâmetro externo é o diâmetro do encaixe na tampa e altura é a largura do canal. Meça com paquímetro antes de pedir."
"rpu-0549-d-2500","111","Raspador de poliuretano tipo D, 63,5 × 76,2 × 6,35 mm, sem carcaça metálica, para haste de cilindro hidráulico. Impede a entrada de sujeira no cilindro. Fabricação PK Vedações, código RPU.0549.","Raspador de poliuretano (PU) tipo D com diâmetro interno de 63,5 mm, diâmetro externo de 76,2 mm e altura de 6,35 mm. Código PK Vedações RPU.0549. A referência de catálogo equivalente aparece em “Substitui / equivale a”.

O raspador é montado na tampa do cilindro, na saída da haste. O lábio raspador remove poeira, sujeira, umidade e cavacos da haste quando ela recolhe, impedindo que contaminantes entrem no cilindro e danifiquem a gaxeta, o anel guia e o próprio acabamento da haste. O tipo D é inteiramente em poliuretano, sem carcaça metálica, e encaixa em canal aberto. O poliuretano resiste à abrasão e mantém o lábio em contato com a haste.

Como conferir a medida: diâmetro interno é o diâmetro da haste, diâmetro externo é o diâmetro do encaixe na tampa e altura é a largura do canal. Meça com paquímetro antes de pedir."
"rpu-1140-66d-2500","111","Raspador de poliuretano tipo D, 63,5 × 84 × 11 mm, sem carcaça metálica, para haste de cilindro hidráulico. Impede a entrada de sujeira no cilindro. Fabricação PK Vedações, código RPU.1140.","Raspador de poliuretano (PU) tipo D com diâmetro interno de 63,5 mm, diâmetro externo de 84 mm e altura de 11 mm. Código PK Vedações RPU.1140. A referência de catálogo equivalente aparece em “Substitui / equivale a”.

O raspador é montado na tampa do cilindro, na saída da haste. O lábio raspador remove poeira, sujeira, umidade e cavacos da haste quando ela recolhe, impedindo que contaminantes entrem no cilindro e danifiquem a gaxeta, o anel guia e o próprio acabamento da haste. O tipo D é inteiramente em poliuretano, sem carcaça metálica, e encaixa em canal aberto. O poliuretano resiste à abrasão e mantém o lábio em contato com a haste.

Como conferir a medida: diâmetro interno é o diâmetro da haste, diâmetro externo é o diâmetro do encaixe na tampa e altura é a largura do canal. Meça com paquímetro antes de pedir."
"rpu-1185-d-2562","111","Raspador de poliuretano tipo D, 65,08 × 77,6 × 9,52 mm, sem carcaça metálica, para haste de cilindro hidráulico. Impede a entrada de sujeira no cilindro. Fabricação PK Vedações, código RPU.1185.","Raspador de poliuretano (PU) tipo D com diâmetro interno de 65,08 mm, diâmetro externo de 77,6 mm e altura de 9,52 mm. Código PK Vedações RPU.1185. A referência de catálogo equivalente aparece em “Substitui / equivale a”.

O raspador é montado na tampa do cilindro, na saída da haste. O lábio raspador remove poeira, sujeira, umidade e cavacos da haste quando ela recolhe, impedindo que contaminantes entrem no cilindro e danifiquem a gaxeta, o anel guia e o próprio acabamento da haste. O tipo D é inteiramente em poliuretano, sem carcaça metálica, e encaixa em canal aberto. O poliuretano resiste à abrasão e mantém o lábio em contato com a haste.

Como conferir a medida: diâmetro interno é o diâmetro da haste, diâmetro externo é o diâmetro do encaixe na tampa e altura é a largura do canal. Meça com paquímetro antes de pedir."
"rpu-0977-d-2625","111","Raspador de poliuretano tipo D, 66,67 × 97,37 × 9,52 mm, sem carcaça metálica, para haste de cilindro hidráulico. Impede a entrada de sujeira no cilindro. Fabricação PK Vedações, código RPU.0977.","Raspador de poliuretano (PU) tipo D com diâmetro interno de 66,67 mm, diâmetro externo de 97,37 mm e altura de 9,52 mm. Código PK Vedações RPU.0977. A referência de catálogo equivalente aparece em “Substitui / equivale a”.

O raspador é montado na tampa do cilindro, na saída da haste. O lábio raspador remove poeira, sujeira, umidade e cavacos da haste quando ela recolhe, impedindo que contaminantes entrem no cilindro e danifiquem a gaxeta, o anel guia e o próprio acabamento da haste. O tipo D é inteiramente em poliuretano, sem carcaça metálica, e encaixa em canal aberto. O poliuretano resiste à abrasão e mantém o lábio em contato com a haste.

Como conferir a medida: diâmetro interno é o diâmetro da haste, diâmetro externo é o diâmetro do encaixe na tampa e altura é a largura do canal. Meça com paquímetro antes de pedir."
"rpu-0102-sr","111","Raspador de poliuretano tipo D, 66 × 73 × 7 mm, sem carcaça metálica, para haste de cilindro hidráulico. Impede a entrada de sujeira no cilindro. Fabricação PK Vedações, código RPU.0102.","Raspador de poliuretano (PU) tipo D com diâmetro interno de 66 mm, diâmetro externo de 73 mm e altura de 7 mm. Código PK Vedações RPU.0102. A referência de catálogo equivalente aparece em “Substitui / equivale a”.

O raspador é montado na tampa do cilindro, na saída da haste. O lábio raspador remove poeira, sujeira, umidade e cavacos da haste quando ela recolhe, impedindo que contaminantes entrem no cilindro e danifiquem a gaxeta, o anel guia e o próprio acabamento da haste. O tipo D é inteiramente em poliuretano, sem carcaça metálica, e encaixa em canal aberto. O poliuretano resiste à abrasão e mantém o lábio em contato com a haste.

Como conferir a medida: diâmetro interno é o diâmetro da haste, diâmetro externo é o diâmetro do encaixe na tampa e altura é a largura do canal. Meça com paquímetro antes de pedir."
"rpu-0185-66d-2696","111","Raspador de poliuretano tipo D, 68,5 × 76,5 × 6,5 mm, sem carcaça metálica, para haste de cilindro hidráulico. Impede a entrada de sujeira no cilindro. Fabricação PK Vedações, código RPU.0185.","Raspador de poliuretano (PU) tipo D com diâmetro interno de 68,5 mm, diâmetro externo de 76,5 mm e altura de 6,5 mm. Código PK Vedações RPU.0185. A referência de catálogo equivalente aparece em “Substitui / equivale a”.

O raspador é montado na tampa do cilindro, na saída da haste. O lábio raspador remove poeira, sujeira, umidade e cavacos da haste quando ela recolhe, impedindo que contaminantes entrem no cilindro e danifiquem a gaxeta, o anel guia e o próprio acabamento da haste. O tipo D é inteiramente em poliuretano, sem carcaça metálica, e encaixa em canal aberto. O poliuretano resiste à abrasão e mantém o lábio em contato com a haste.

Como conferir a medida: diâmetro interno é o diâmetro da haste, diâmetro externo é o diâmetro do encaixe na tampa e altura é a largura do canal. Meça com paquímetro antes de pedir."
"rpu-0583-d-2750","111","Raspador de poliuretano tipo D, 69,85 × 82,55 × 9,52 mm, sem carcaça metálica, para haste de cilindro hidráulico. Impede a entrada de sujeira no cilindro. Fabricação PK Vedações, código RPU.0583.","Raspador de poliuretano (PU) tipo D com diâmetro interno de 69,85 mm, diâmetro externo de 82,55 mm e altura de 9,52 mm. Código PK Vedações RPU.0583. A referência de catálogo equivalente aparece em “Substitui / equivale a”.

O raspador é montado na tampa do cilindro, na saída da haste. O lábio raspador remove poeira, sujeira, umidade e cavacos da haste quando ela recolhe, impedindo que contaminantes entrem no cilindro e danifiquem a gaxeta, o anel guia e o próprio acabamento da haste. O tipo D é inteiramente em poliuretano, sem carcaça metálica, e encaixa em canal aberto. O poliuretano resiste à abrasão e mantém o lábio em contato com a haste.

Como conferir a medida: diâmetro interno é o diâmetro da haste, diâmetro externo é o diâmetro do encaixe na tampa e altura é a largura do canal. Meça com paquímetro antes de pedir."
"rpu-1393-66d-2755","111","Raspador de poliuretano tipo D, 70 × 78 × 7 mm, sem carcaça metálica, para haste de cilindro hidráulico. Impede a entrada de sujeira no cilindro. Fabricação PK Vedações, código RPU.1393.","Raspador de poliuretano (PU) tipo D com diâmetro interno de 70 mm, diâmetro externo de 78 mm e altura de 7 mm. Código PK Vedações RPU.1393. A referência de catálogo equivalente aparece em “Substitui / equivale a”.

O raspador é montado na tampa do cilindro, na saída da haste. O lábio raspador remove poeira, sujeira, umidade e cavacos da haste quando ela recolhe, impedindo que contaminantes entrem no cilindro e danifiquem a gaxeta, o anel guia e o próprio acabamento da haste. O tipo D é inteiramente em poliuretano, sem carcaça metálica, e encaixa em canal aberto. O poliuretano resiste à abrasão e mantém o lábio em contato com a haste.

Como conferir a medida: diâmetro interno é o diâmetro da haste, diâmetro externo é o diâmetro do encaixe na tampa e altura é a largura do canal. Meça com paquímetro antes de pedir."
"rpu-0983-d-2875","111","Raspador de poliuretano tipo D, 73,02 × 85,72 × 9,52 mm, sem carcaça metálica, para haste de cilindro hidráulico. Impede a entrada de sujeira no cilindro. Fabricação PK Vedações, código RPU.0983.","Raspador de poliuretano (PU) tipo D com diâmetro interno de 73,02 mm, diâmetro externo de 85,72 mm e altura de 9,52 mm. Código PK Vedações RPU.0983. A referência de catálogo equivalente aparece em “Substitui / equivale a”.

O raspador é montado na tampa do cilindro, na saída da haste. O lábio raspador remove poeira, sujeira, umidade e cavacos da haste quando ela recolhe, impedindo que contaminantes entrem no cilindro e danifiquem a gaxeta, o anel guia e o próprio acabamento da haste. O tipo D é inteiramente em poliuretano, sem carcaça metálica, e encaixa em canal aberto. O poliuretano resiste à abrasão e mantém o lábio em contato com a haste.

Como conferir a medida: diâmetro interno é o diâmetro da haste, diâmetro externo é o diâmetro do encaixe na tampa e altura é a largura do canal. Meça com paquímetro antes de pedir."
"rpu-0731-sr","111","Raspador de poliuretano tipo D, 73 × 86 × 9,5 mm, sem carcaça metálica, para haste de cilindro hidráulico. Impede a entrada de sujeira no cilindro. Fabricação PK Vedações, código RPU.0731.","Raspador de poliuretano (PU) tipo D com diâmetro interno de 73 mm, diâmetro externo de 86 mm e altura de 9,5 mm. Código PK Vedações RPU.0731. A referência de catálogo equivalente aparece em “Substitui / equivale a”.

O raspador é montado na tampa do cilindro, na saída da haste. O lábio raspador remove poeira, sujeira, umidade e cavacos da haste quando ela recolhe, impedindo que contaminantes entrem no cilindro e danifiquem a gaxeta, o anel guia e o próprio acabamento da haste. O tipo D é inteiramente em poliuretano, sem carcaça metálica, e encaixa em canal aberto. O poliuretano resiste à abrasão e mantém o lábio em contato com a haste.

Como conferir a medida: diâmetro interno é o diâmetro da haste, diâmetro externo é o diâmetro do encaixe na tampa e altura é a largura do canal. Meça com paquímetro antes de pedir."
"rpu-1395-66d-2953","111","Raspador de poliuretano tipo D, 75 × 87,32 × 7,77 mm, sem carcaça metálica, para haste de cilindro hidráulico. Impede a entrada de sujeira no cilindro. Fabricação PK Vedações, código RPU.1395.","Raspador de poliuretano (PU) tipo D com diâmetro interno de 75 mm, diâmetro externo de 87,32 mm e altura de 7,77 mm. Código PK Vedações RPU.1395. A referência de catálogo equivalente aparece em “Substitui / equivale a”.

O raspador é montado na tampa do cilindro, na saída da haste. O lábio raspador remove poeira, sujeira, umidade e cavacos da haste quando ela recolhe, impedindo que contaminantes entrem no cilindro e danifiquem a gaxeta, o anel guia e o próprio acabamento da haste. O tipo D é inteiramente em poliuretano, sem carcaça metálica, e encaixa em canal aberto. O poliuretano resiste à abrasão e mantém o lábio em contato com a haste.

Como conferir a medida: diâmetro interno é o diâmetro da haste, diâmetro externo é o diâmetro do encaixe na tampa e altura é a largura do canal. Meça com paquímetro antes de pedir."
"rpu-0551-d-3000","111","Raspador de poliuretano tipo D, 76,2 × 88,9 × 9,52 mm, sem carcaça metálica, para haste de cilindro hidráulico. Impede a entrada de sujeira no cilindro. Fabricação PK Vedações, código RPU.0551.","Raspador de poliuretano (PU) tipo D com diâmetro interno de 76,2 mm, diâmetro externo de 88,9 mm e altura de 9,52 mm. Código PK Vedações RPU.0551. A referência de catálogo equivalente aparece em “Substitui / equivale a”.

O raspador é montado na tampa do cilindro, na saída da haste. O lábio raspador remove poeira, sujeira, umidade e cavacos da haste quando ela recolhe, impedindo que contaminantes entrem no cilindro e danifiquem a gaxeta, o anel guia e o próprio acabamento da haste. O tipo D é inteiramente em poliuretano, sem carcaça metálica, e encaixa em canal aberto. O poliuretano resiste à abrasão e mantém o lábio em contato com a haste.

Como conferir a medida: diâmetro interno é o diâmetro da haste, diâmetro externo é o diâmetro do encaixe na tampa e altura é a largura do canal. Meça com paquímetro antes de pedir."
"rpu-1132-66d-3150","111","Raspador de poliuretano tipo D, 80 × 92,2 × 10,5 mm, sem carcaça metálica, para haste de cilindro hidráulico. Impede a entrada de sujeira no cilindro. Fabricação PK Vedações, código RPU.1132.","Raspador de poliuretano (PU) tipo D com diâmetro interno de 80 mm, diâmetro externo de 92,2 mm e altura de 10,5 mm. Código PK Vedações RPU.1132. A referência de catálogo equivalente aparece em “Substitui / equivale a”.

O raspador é montado na tampa do cilindro, na saída da haste. O lábio raspador remove poeira, sujeira, umidade e cavacos da haste quando ela recolhe, impedindo que contaminantes entrem no cilindro e danifiquem a gaxeta, o anel guia e o próprio acabamento da haste. O tipo D é inteiramente em poliuretano, sem carcaça metálica, e encaixa em canal aberto. O poliuretano resiste à abrasão e mantém o lábio em contato com a haste.

Como conferir a medida: diâmetro interno é o diâmetro da haste, diâmetro externo é o diâmetro do encaixe na tampa e altura é a largura do canal. Meça com paquímetro antes de pedir."
"rpu-0661-d-3250","111","Raspador de poliuretano tipo D, 82,55 × 95,07 × 9,52 mm, sem carcaça metálica, para haste de cilindro hidráulico. Impede a entrada de sujeira no cilindro. Fabricação PK Vedações, código RPU.0661.","Raspador de poliuretano (PU) tipo D com diâmetro interno de 82,55 mm, diâmetro externo de 95,07 mm e altura de 9,52 mm. Código PK Vedações RPU.0661. A referência de catálogo equivalente aparece em “Substitui / equivale a”.

O raspador é montado na tampa do cilindro, na saída da haste. O lábio raspador remove poeira, sujeira, umidade e cavacos da haste quando ela recolhe, impedindo que contaminantes entrem no cilindro e danifiquem a gaxeta, o anel guia e o próprio acabamento da haste. O tipo D é inteiramente em poliuretano, sem carcaça metálica, e encaixa em canal aberto. O poliuretano resiste à abrasão e mantém o lábio em contato com a haste.

Como conferir a medida: diâmetro interno é o diâmetro da haste, diâmetro externo é o diâmetro do encaixe na tampa e altura é a largura do canal. Meça com paquímetro antes de pedir."
"rpu-0224-66d-3357","111","Raspador de poliuretano tipo D, 85,3 × 95,3 × 7 mm, sem carcaça metálica, para haste de cilindro hidráulico. Impede a entrada de sujeira no cilindro. Fabricação PK Vedações, código RPU.0224.","Raspador de poliuretano (PU) tipo D com diâmetro interno de 85,3 mm, diâmetro externo de 95,3 mm e altura de 7 mm. Código PK Vedações RPU.0224. A referência de catálogo equivalente aparece em “Substitui / equivale a”.

O raspador é montado na tampa do cilindro, na saída da haste. O lábio raspador remove poeira, sujeira, umidade e cavacos da haste quando ela recolhe, impedindo que contaminantes entrem no cilindro e danifiquem a gaxeta, o anel guia e o próprio acabamento da haste. O tipo D é inteiramente em poliuretano, sem carcaça metálica, e encaixa em canal aberto. O poliuretano resiste à abrasão e mantém o lábio em contato com a haste.

Como conferir a medida: diâmetro interno é o diâmetro da haste, diâmetro externo é o diâmetro do encaixe na tampa e altura é a largura do canal. Meça com paquímetro antes de pedir."
"rpu-0735-d-3375","111","Raspador de poliuretano tipo D, 85,71 × 98,24 × 9,52 mm, sem carcaça metálica, para haste de cilindro hidráulico. Impede a entrada de sujeira no cilindro. Fabricação PK Vedações, código RPU.0735.","Raspador de poliuretano (PU) tipo D com diâmetro interno de 85,71 mm, diâmetro externo de 98,24 mm e altura de 9,52 mm. Código PK Vedações RPU.0735. A referência de catálogo equivalente aparece em “Substitui / equivale a”.

O raspador é montado na tampa do cilindro, na saída da haste. O lábio raspador remove poeira, sujeira, umidade e cavacos da haste quando ela recolhe, impedindo que contaminantes entrem no cilindro e danifiquem a gaxeta, o anel guia e o próprio acabamento da haste. O tipo D é inteiramente em poliuretano, sem carcaça metálica, e encaixa em canal aberto. O poliuretano resiste à abrasão e mantém o lábio em contato com a haste.

Como conferir a medida: diâmetro interno é o diâmetro da haste, diâmetro externo é o diâmetro do encaixe na tampa e altura é a largura do canal. Meça com paquímetro antes de pedir."
"rpu-0374-sr","111","Raspador de poliuretano tipo D, 85 × 93 × 7 mm, sem carcaça metálica, para haste de cilindro hidráulico. Impede a entrada de sujeira no cilindro. Fabricação PK Vedações, código RPU.0374.","Raspador de poliuretano (PU) tipo D com diâmetro interno de 85 mm, diâmetro externo de 93 mm e altura de 7 mm. Código PK Vedações RPU.0374. A referência de catálogo equivalente aparece em “Substitui / equivale a”.

O raspador é montado na tampa do cilindro, na saída da haste. O lábio raspador remove poeira, sujeira, umidade e cavacos da haste quando ela recolhe, impedindo que contaminantes entrem no cilindro e danifiquem a gaxeta, o anel guia e o próprio acabamento da haste. O tipo D é inteiramente em poliuretano, sem carcaça metálica, e encaixa em canal aberto. O poliuretano resiste à abrasão e mantém o lábio em contato com a haste.

Como conferir a medida: diâmetro interno é o diâmetro da haste, diâmetro externo é o diâmetro do encaixe na tampa e altura é a largura do canal. Meça com paquímetro antes de pedir."
"rpu-0751-d-3500","111","Raspador de poliuretano tipo D, 88,9 × 101,6 × 9,52 mm, sem carcaça metálica, para haste de cilindro hidráulico. Impede a entrada de sujeira no cilindro. Fabricação PK Vedações, código RPU.0751.","Raspador de poliuretano (PU) tipo D com diâmetro interno de 88,9 mm, diâmetro externo de 101,6 mm e altura de 9,52 mm. Código PK Vedações RPU.0751. A referência de catálogo equivalente aparece em “Substitui / equivale a”.

O raspador é montado na tampa do cilindro, na saída da haste. O lábio raspador remove poeira, sujeira, umidade e cavacos da haste quando ela recolhe, impedindo que contaminantes entrem no cilindro e danifiquem a gaxeta, o anel guia e o próprio acabamento da haste. O tipo D é inteiramente em poliuretano, sem carcaça metálica, e encaixa em canal aberto. O poliuretano resiste à abrasão e mantém o lábio em contato com a haste.

Como conferir a medida: diâmetro interno é o diâmetro da haste, diâmetro externo é o diâmetro do encaixe na tampa e altura é a largura do canal. Meça com paquímetro antes de pedir."
"rpu-0760-d-3750","111","Raspador de poliuretano tipo D, 95,07 × 107,95 × 9,52 mm, sem carcaça metálica, para haste de cilindro hidráulico. Impede a entrada de sujeira no cilindro. Fabricação PK Vedações, código RPU.0760.","Raspador de poliuretano (PU) tipo D com diâmetro interno de 95,07 mm, diâmetro externo de 107,95 mm e altura de 9,52 mm. Código PK Vedações RPU.0760. A referência de catálogo equivalente aparece em “Substitui / equivale a”.

O raspador é montado na tampa do cilindro, na saída da haste. O lábio raspador remove poeira, sujeira, umidade e cavacos da haste quando ela recolhe, impedindo que contaminantes entrem no cilindro e danifiquem a gaxeta, o anel guia e o próprio acabamento da haste. O tipo D é inteiramente em poliuretano, sem carcaça metálica, e encaixa em canal aberto. O poliuretano resiste à abrasão e mantém o lábio em contato com a haste.

Como conferir a medida: diâmetro interno é o diâmetro da haste, diâmetro externo é o diâmetro do encaixe na tampa e altura é a largura do canal. Meça com paquímetro antes de pedir."
"rpu-1321-66d-3818","111","Raspador de poliuretano tipo D, 97 × 105 × 7,5 mm, sem carcaça metálica, para haste de cilindro hidráulico. Impede a entrada de sujeira no cilindro. Fabricação PK Vedações, código RPU.1321.","Raspador de poliuretano (PU) tipo D com diâmetro interno de 97 mm, diâmetro externo de 105 mm e altura de 7,5 mm. Código PK Vedações RPU.1321. A referência de catálogo equivalente aparece em “Substitui / equivale a”.

O raspador é montado na tampa do cilindro, na saída da haste. O lábio raspador remove poeira, sujeira, umidade e cavacos da haste quando ela recolhe, impedindo que contaminantes entrem no cilindro e danifiquem a gaxeta, o anel guia e o próprio acabamento da haste. O tipo D é inteiramente em poliuretano, sem carcaça metálica, e encaixa em canal aberto. O poliuretano resiste à abrasão e mantém o lábio em contato com a haste.

Como conferir a medida: diâmetro interno é o diâmetro da haste, diâmetro externo é o diâmetro do encaixe na tampa e altura é a largura do canal. Meça com paquímetro antes de pedir."
